ISO-10303-21;
HEADER;
FILE_DESCRIPTION (( 'STEP AP214' ),
    '1' );
FILE_NAME ('DB207.STEP',
    '2025-04-11T02:39:28',
    ( '' ),
    ( '' ),
    'SwSTEP 2.0',
    'SolidWorks 2021',
    '' );
FILE_SCHEMA (( 'AUTOMOTIVE_DESIGN' ));
ENDSEC;

DATA;
#1 = CARTESIAN_POINT ( 'NONE',  ( 0.1250000000000000000, 0.1275000000000018063, 0.08000000000000001554 ) ) ;
#2 = CARTESIAN_POINT ( 'NONE',  ( -0.08299999999999999045, 0.1930000000000000049, -0.1150000000000000189 ) ) ;
#3 = ADVANCED_FACE ( 'NONE', ( #4041 ), #3737, .T. ) ;
#4 = CARTESIAN_POINT ( 'NONE',  ( 0.09557007911008916223, 0.1930000000000000049, -0.08868827675322586701 ) ) ;
#5 = VECTOR ( 'NONE', #3201, 39.37007874015748143 ) ;
#6 = DIRECTION ( 'NONE',  ( 0.000000000000000000, 0.000000000000000000, -1.000000000000000000 ) ) ;
#7 = CIRCLE ( 'NONE', #1676, 0.01499999999999994220 ) ;
#8 = VERTEX_POINT ( 'NONE', #1377 ) ;
#9 = VERTEX_POINT ( 'NONE', #999 ) ;
#10 = CIRCLE ( 'NONE', #3093, 0.01724711866560588169 ) ;
#11 = LINE ( 'NONE', #1294, #571 ) ;
#12 = DIRECTION ( 'NONE',  ( 0.000000000000000000, 0.000000000000000000, 1.000000000000000000 ) ) ;
#13 = EDGE_CURVE ( 'NONE', #89, #1487, #3306, .T. ) ;
#14 = VECTOR ( 'NONE', #2066, 39.37007874015748143 ) ;
#15 = COLOUR_RGB ( '',0.7921568627450980005, 0.8196078431372548767, 0.9333333333333333481 ) ;
#16 = CARTESIAN_POINT ( 'NONE',  ( 0.1624999999999999778, -0.1250000000000000555, 0.09999999999999999167 ) ) ;
#17 = DIRECTION ( 'NONE',  ( 1.000000000000000000, 0.000000000000000000, 0.000000000000000000 ) ) ;
#18 = VERTEX_POINT ( 'NONE', #1601 ) ;
#19 = CARTESIAN_POINT ( 'NONE',  ( 0.1475000000000000200, 0.1125000000000018069, 0.1200000000000000233 ) ) ;
#20 = ORIENTED_EDGE ( 'NONE', *, *, #173, .F. ) ;
#21 = LINE ( 'NONE', #718, #263 ) ;
#22 = LINE ( 'NONE', #3260, #1482 ) ;
#23 = ORIENTED_EDGE ( 'NONE', *, *, #2510, .F. ) ;
#24 = EDGE_CURVE ( 'NONE', #1210, #4063, #29, .T. ) ;
#25 = ORIENTED_EDGE ( 'NONE', *, *, #1615, .T. ) ;
#26 = CARTESIAN_POINT ( 'NONE',  ( -0.08299999999999999045, 0.1930000000000000049, -0.1150000000000000189 ) ) ;
#27 = CARTESIAN_POINT ( 'NONE',  ( -0.1525000000000000244, 0.1036979306638017850, -0.1280112872883636954 ) ) ;
#28 = DIRECTION ( 'NONE',  ( 0.000000000000000000, -1.000000000000000000, 0.000000000000000000 ) ) ;
#29 = LINE ( 'NONE', #615, #2956 ) ;
#30 = ADVANCED_FACE ( 'NONE', ( #3268 ), #2616, .T. ) ;
#31 = EDGE_CURVE ( 'NONE', #2598, #882, #311, .T. ) ;
#32 = ORIENTED_EDGE ( 'NONE', *, *, #1691, .F. ) ;
#33 = FACE_OUTER_BOUND ( 'NONE', #1036, .T. ) ;
#34 = CYLINDRICAL_SURFACE ( 'NONE', #2872, 0.008999999999999992381 ) ;
#35 = CARTESIAN_POINT ( 'NONE',  ( 0.1624999999999999778, -0.1160000000000000753, -0.09099999999999999756 ) ) ;
#36 = EDGE_LOOP ( 'NONE', ( #2491, #1623, #2728, #4131 ) ) ;
#37 = EDGE_CURVE ( 'NONE', #2598, #660, #1948, .T. ) ;
#38 = CARTESIAN_POINT ( 'NONE',  ( -0.06999999999999999278, 0.1930000000000000049, -0.09800000000000001765 ) ) ;
#39 = CARTESIAN_POINT ( 'NONE',  ( -0.08299999999999999045, 0.1950000000000000067, -0.09800000000000001765 ) ) ;
#40 = ORIENTED_EDGE ( 'NONE', *, *, #3528, .T. ) ;
#41 = PLANE ( 'NONE',  #1732 ) ;
#42 = MANIFOLD_SOLID_BREP ( 'Boss-Extrude3[2]', #2036 ) ;
#43 = FACE_OUTER_BOUND ( 'NONE', #3497, .T. ) ;
#44 = ORIENTED_EDGE ( 'NONE', *, *, #535, .F. ) ;
#45 = ORIENTED_EDGE ( 'NONE', *, *, #891, .F. ) ;
#46 =( CONVERSION_BASED_UNIT ( 'INCH', #2649 ) LENGTH_UNIT ( ) NAMED_UNIT ( #2370 ) );
#47 = FACE_OUTER_BOUND ( 'NONE', #282, .T. ) ;
#48 = FACE_OUTER_BOUND ( 'NONE', #2633, .T. ) ;
#49 = EDGE_CURVE ( 'NONE', #2905, #8, #3715, .T. ) ;
#50 = ORIENTED_EDGE ( 'NONE', *, *, #1024, .T. ) ;
#51 = FACE_OUTER_BOUND ( 'NONE', #459, .T. ) ;
#52 = CARTESIAN_POINT ( 'NONE',  ( -0.08299999999999999045, 0.1930000000000000049, -0.08500000000000001998 ) ) ;
#53 = DIRECTION ( 'NONE',  ( -1.000000000000000000, 0.000000000000000000, 0.000000000000000000 ) ) ;
#54 = ADVANCED_FACE ( 'NONE', ( #2104 ), #3327, .T. ) ;
#55 = MANIFOLD_SOLID_BREP ( 'Cut-Extrude1[1]', #1334 ) ;
#56 = CYLINDRICAL_SURFACE ( 'NONE', #3727, 0.01724711866560588169 ) ;
#57 = CARTESIAN_POINT ( 'NONE',  ( 0.1525000000000000244, 0.1125000000000018069, -0.1200000000000000233 ) ) ;
#58 = AXIS2_PLACEMENT_3D ( 'NONE', #2722, #3334, #1130 ) ;
#59 = AXIS2_PLACEMENT_3D ( 'NONE', #2634, #638, #3939 ) ;
#60 = CARTESIAN_POINT ( 'NONE',  ( -0.08299999999999999045, 0.1950000000000000067, -0.1150000000000000189 ) ) ;
#61 = CYLINDRICAL_SURFACE ( 'NONE', #3647, 0.004999999999999981022 ) ;
#62 = EDGE_CURVE ( 'NONE', #2905, #1380, #3566, .T. ) ;
#63 = AXIS2_PLACEMENT_3D ( 'NONE', #2776, #4129, #2488 ) ;
#64 = VERTEX_POINT ( 'NONE', #2910 ) ;
#65 = ORIENTED_EDGE ( 'NONE', *, *, #1155, .F. ) ;
#66 = VECTOR ( 'NONE', #2198, 39.37007874015748143 ) ;
#67 = LINE ( 'NONE', #1, #3994 ) ;
#68 = LINE ( 'NONE', #3671, #976 ) ;
#69 = DIRECTION ( 'NONE',  ( 0.000000000000000000, -1.000000000000000000, 1.471900858655313724E-16 ) ) ;
#70 = AXIS2_PLACEMENT_3D ( 'NONE', #3501, #3150, #819 ) ;
#71 = DIRECTION ( 'NONE',  ( 0.000000000000000000, 1.000000000000000000, -0.000000000000000000 ) ) ;
#72 = AXIS2_PLACEMENT_3D ( 'NONE', #524, #914, #2238 ) ;
#73 = DIRECTION ( 'NONE',  ( -0.000000000000000000, 1.000000000000000000, -0.000000000000000000 ) ) ;
#74 = DIRECTION ( 'NONE',  ( 0.000000000000000000, -0.9836065573770491621, -0.1803278688524587448 ) ) ;
#75 = ORIENTED_EDGE ( 'NONE', *, *, #1579, .T. ) ;
#76 = VECTOR ( 'NONE', #77, 39.37007874015748143 ) ;
#77 = DIRECTION ( 'NONE',  ( 0.000000000000000000, 1.000000000000000000, 0.000000000000000000 ) ) ;
#78 = PLANE ( 'NONE',  #3002 ) ;
#79 = AXIS2_PLACEMENT_3D ( 'NONE', #1167, #3147, #532 ) ;
#80 = VECTOR ( 'NONE', #655, 39.37007874015748143 ) ;
#81 = VERTEX_POINT ( 'NONE', #4142 ) ;
#82 = ORIENTED_EDGE ( 'NONE', *, *, #1798, .T. ) ;
#83 = PRESENTATION_LAYER_ASSIGNMENT (  '', '', ( #923 ) ) ;
#84 = EDGE_CURVE ( 'NONE', #1353, #4028, #1890, .T. ) ;
#85 = VECTOR ( 'NONE', #431, 39.37007874015748143 ) ;
#86 = CARTESIAN_POINT ( 'NONE',  ( 0.1624999999999999778, -0.1250000000000000555, -0.09999999999999999167 ) ) ;
#87 = ORIENTED_EDGE ( 'NONE', *, *, #2237, .F. ) ;
#88 = PLANE ( 'NONE',  #1247 ) ;
#89 = VERTEX_POINT ( 'NONE', #1568 ) ;
#90 = EDGE_CURVE ( 'NONE', #2094, #417, #2848, .T. ) ;
#91 = ORIENTED_EDGE ( 'NONE', *, *, #3963, .T. ) ;
#92 = DIRECTION ( 'NONE',  ( -1.000000000000000000, -0.000000000000000000, -0.000000000000000000 ) ) ;
#93 = FACE_OUTER_BOUND ( 'NONE', #2395, .T. ) ;
#94 = VERTEX_POINT ( 'NONE', #3734 ) ;
#95 = ORIENTED_EDGE ( 'NONE', *, *, #3433, .T. ) ;
#96 = CARTESIAN_POINT ( 'NONE',  ( 0.08557007911008915335, 0.1930000000000000049, -0.08000000000000007105 ) ) ;
#97 = FILL_AREA_STYLE_COLOUR ( '', #2690 ) ;
#98 = DIRECTION ( 'NONE',  ( 0.000000000000000000, 0.000000000000000000, -1.000000000000000000 ) ) ;
#99 = CARTESIAN_POINT ( 'NONE',  ( 0.07255055456217171517, 0.1930000000000000049, 0.09131172324677422347 ) ) ;
#100 = VERTEX_POINT ( 'NONE', #2463 ) ;
#101 = DIRECTION ( 'NONE',  ( 0.000000000000000000, 0.000000000000000000, 1.000000000000000000 ) ) ;
#102 = LINE ( 'NONE', #2392, #550 ) ;
#103 = ADVANCED_FACE ( 'NONE', ( #4098 ), #3142, .T. ) ;
#104 = EDGE_LOOP ( 'NONE', ( #2595, #766, #250, #707 ) ) ;
#105 = CARTESIAN_POINT ( 'NONE',  ( -0.08300000000000004596, 0.1930000000000000049, 0.08499999999999997835 ) ) ;
#106 = CARTESIAN_POINT ( 'NONE',  ( -0.1161134564128507712, 0.1950000000000000067, -0.000000000000000000 ) ) ;
#107 = ADVANCED_FACE ( 'NONE', ( #3754 ), #3094, .T. ) ;
#108 = CARTESIAN_POINT ( 'NONE',  ( -0.06999999999999999278, 0.1930000000000000049, -0.09800000000000001765 ) ) ;
#109 = DIRECTION ( 'NONE',  ( -0.000000000000000000, -0.000000000000000000, 1.000000000000000000 ) ) ;
#110 = VERTEX_POINT ( 'NONE', #3467 ) ;
#111 = CARTESIAN_POINT ( 'NONE',  ( -0.08700000000000004952, 0.1930000000000000049, 0.08499999999999997835 ) ) ;
#112 = FACE_OUTER_BOUND ( 'NONE', #312, .T. ) ;
#113 = EDGE_CURVE ( 'NONE', #3669, #2478, #1446, .T. ) ;
#114 = LINE ( 'NONE', #1451, #14 ) ;
#115 = DIRECTION ( 'NONE',  ( 1.000000000000000000, 0.000000000000000000, -0.000000000000000000 ) ) ;
#116 =( LENGTH_UNIT ( ) NAMED_UNIT ( * ) SI_UNIT ( $, .METRE. ) );
#117 = LINE ( 'NONE', #3349, #3293 ) ;
#118 = FACE_OUTER_BOUND ( 'NONE', #1160, .T. ) ;
#119 = ADVANCED_FACE ( 'NONE', ( #3876 ), #2835, .F. ) ;
#120 = ORIENTED_EDGE ( 'NONE', *, *, #514, .F. ) ;
#121 = PLANE ( 'NONE',  #1821 ) ;
#122 = DIRECTION ( 'NONE',  ( 0.000000000000000000, 0.000000000000000000, -1.000000000000000000 ) ) ;
#123 = VECTOR ( 'NONE', #2913, 39.37007874015748143 ) ;
#124 = CARTESIAN_POINT ( 'NONE',  ( -0.08300000000000005984, 0.1950000000000000067, 0.1149999999999999911 ) ) ;
#125 = VECTOR ( 'NONE', #2325, 39.37007874015748143 ) ;
#126 = ORIENTED_EDGE ( 'NONE', *, *, #2815, .F. ) ;
#127 = DIRECTION ( 'NONE',  ( 0.000000000000000000, -0.000000000000000000, -1.000000000000000000 ) ) ;
#128 = PLANE ( 'NONE',  #2546 ) ;
#129 = EDGE_LOOP ( 'NONE', ( #1096, #737, #815, #2323 ) ) ;
#130 = VECTOR ( 'NONE', #2719, 39.37007874015748854 ) ;
#131 = ORIENTED_EDGE ( 'NONE', *, *, #2266, .T. ) ;
#132 = EDGE_LOOP ( 'NONE', ( #1355, #740, #2527, #3300 ) ) ;
#133 = VECTOR ( 'NONE', #3603, 39.37007874015748143 ) ;
#134 = AXIS2_PLACEMENT_3D ( 'NONE', #2447, #2754, #2163 ) ;
#135 = VECTOR ( 'NONE', #1125, 39.37007874015748854 ) ;
#136 = ADVANCED_FACE ( 'NONE', ( #2221 ), #3512, .F. ) ;
#137 = CARTESIAN_POINT ( 'NONE',  ( 0.08255055456217172405, 0.1950000000000000067, 0.08262344649354842752 ) ) ;
#138 = CARTESIAN_POINT ( 'NONE',  ( -0.08299999999999999045, 0.1930000000000000049, -0.08500000000000001998 ) ) ;
#139 = CARTESIAN_POINT ( 'NONE',  ( -0.06999999999999999278, 0.1950000000000000067, -0.1019999999999999934 ) ) ;
#140 = VECTOR ( 'NONE', #1583, 39.37007874015748143 ) ;
#141 = EDGE_CURVE ( 'NONE', #3493, #1380, #3038, .T. ) ;
#142 = LINE ( 'NONE', #3844, #4126 ) ;
#143 = CARTESIAN_POINT ( 'NONE',  ( 0.1250000000000000000, 0.1275000000000018063, -0.1650000000000000633 ) ) ;
#144 = VECTOR ( 'NONE', #3333, 39.37007874015748143 ) ;
#145 = DIRECTION ( 'NONE',  ( -1.000000000000000000, 3.794233324533693590E-15, 0.000000000000000000 ) ) ;
#146 = VECTOR ( 'NONE', #2700, 39.37007874015748143 ) ;
#147 = DIRECTION ( 'NONE',  ( -1.000000000000000000, -1.437814733507495799E-16, 0.000000000000000000 ) ) ;
#148 = CARTESIAN_POINT ( 'NONE',  ( 0.1525000000000000244, -0.1160000000000000753, -0.09099999999999999756 ) ) ;
#149 = VECTOR ( 'NONE', #2077, 39.37007874015748143 ) ;
#150 = ORIENTED_EDGE ( 'NONE', *, *, #2961, .F. ) ;
#151 = ORIENTED_EDGE ( 'NONE', *, *, #3548, .T. ) ;
#152 = VECTOR ( 'NONE', #2257, 39.37007874015748143 ) ;
#153 = EDGE_LOOP ( 'NONE', ( #3901, #1517, #627, #226, #549, #728, #2289, #1488, #1373 ) ) ;
#154 = ORIENTED_EDGE ( 'NONE', *, *, #1181, .F. ) ;
#155 =( LENGTH_UNIT ( ) NAMED_UNIT ( * ) SI_UNIT ( $, .METRE. ) );
#156 = MANIFOLD_SOLID_BREP ( 'Boss-Extrude3[1]', #3728 ) ;
#157 = ORIENTED_EDGE ( 'NONE', *, *, #1131, .T. ) ;
#158 = CARTESIAN_POINT ( 'NONE',  ( -0.08700000000000004952, 0.1930000000000000049, 0.08499999999999997835 ) ) ;
#159 = DIRECTION ( 'NONE',  ( -0.7548811369798864579, 0.000000000000000000, 0.6558616233870935286 ) ) ;
#160 = DIRECTION ( 'NONE',  ( 0.7548811369798821280, -0.000000000000000000, -0.6558616233870985246 ) ) ;
#161 = EDGE_CURVE ( 'NONE', #3172, #810, #959, .T. ) ;
#162 = CARTESIAN_POINT ( 'NONE',  ( 0.1250000000000000000, 0.1275000000000018063, 0.1200000000000000233 ) ) ;
#163 = DIRECTION ( 'NONE',  ( 1.000000000000000000, 0.000000000000000000, 0.000000000000000000 ) ) ;
#164 = EDGE_CURVE ( 'NONE', #3405, #3165, #2544, .T. ) ;
#165 = DIRECTION ( 'NONE',  ( 0.000000000000000000, 0.1305261922200486313, -0.9914448613738108262 ) ) ;
#166 = CARTESIAN_POINT ( 'NONE',  ( -0.1475000000000000200, 0.1275000000000017231, -0.1200000000000000233 ) ) ;
#167 = CARTESIAN_POINT ( 'NONE',  ( -0.08700000000000000788, 0.1930000000000000049, -0.08500000000000001998 ) ) ;
#168 = VERTEX_POINT ( 'NONE', #3852 ) ;
#169 = ORIENTED_EDGE ( 'NONE', *, *, #2306, .F. ) ;
#170 = FACE_OUTER_BOUND ( 'NONE', #3483, .T. ) ;
#171 = ORIENTED_EDGE ( 'NONE', *, *, #4124, .T. ) ;
#172 = DIRECTION ( 'NONE',  ( -0.000000000000000000, -0.000000000000000000, 1.000000000000000000 ) ) ;
#173 = EDGE_CURVE ( 'NONE', #882, #3132, #585, .T. ) ;
#174 = DIRECTION ( 'NONE',  ( 0.000000000000000000, 0.000000000000000000, -1.000000000000000000 ) ) ;
#175 = CARTESIAN_POINT ( 'NONE',  ( -0.08300000000000004596, 0.1930000000000000049, 0.08499999999999997835 ) ) ;
#176 = DIRECTION ( 'NONE',  ( 0.000000000000000000, 0.000000000000000000, 1.000000000000000000 ) ) ;
#177 = DIRECTION ( 'NONE',  ( -0.000000000000000000, 0.000000000000000000, 1.000000000000000000 ) ) ;
#178 = LINE ( 'NONE', #821, #2339 ) ;
#179 = EDGE_CURVE ( 'NONE', #3301, #209, #22, .T. ) ;
#180 = DIRECTION ( 'NONE',  ( -1.000000000000000000, 1.437814733507495799E-16, 0.000000000000000000 ) ) ;
#181 = CARTESIAN_POINT ( 'NONE',  ( -0.1000000000000000056, 0.1950000000000000067, -0.09800000000000001765 ) ) ;
#182 = FACE_OUTER_BOUND ( 'NONE', #273, .T. ) ;
#183 = PLANE ( 'NONE',  #4038 ) ;
#184 = CARTESIAN_POINT ( 'NONE',  ( -0.1000000000000000056, 0.1930000000000000049, -0.09800000000000001765 ) ) ;
#185 = VECTOR ( 'NONE', #2977, 39.37007874015748143 ) ;
#186 = ORIENTED_EDGE ( 'NONE', *, *, #2010, .F. ) ;
#187 = EDGE_CURVE ( 'NONE', #324, #2094, #1288, .T. ) ;
#188 =( CONVERSION_BASED_UNIT ( 'INCH', #3492 ) LENGTH_UNIT ( ) NAMED_UNIT ( #3375 ) );
#189 = VECTOR ( 'NONE', #73, 39.37007874015748143 ) ;
#190 = EDGE_LOOP ( 'NONE', ( #3411, #3685, #3439, #3551, #2409, #4219, #199, #2042 ) ) ;
#191 = AXIS2_PLACEMENT_3D ( 'NONE', #254, #2569, #3882 ) ;
#192 = ORIENTED_EDGE ( 'NONE', *, *, #1897, .F. ) ;
#193 = CARTESIAN_POINT ( 'NONE',  ( 0.1625000000000000056, -0.1250000000000000278, -0.08000000000000001554 ) ) ;
#194 = CARTESIAN_POINT ( 'NONE',  ( -0.1525000000000000244, -0.1160000000000000198, -0.1089999999999999858 ) ) ;
#195 = LINE ( 'NONE', #887, #140 ) ;
#196 = FACE_OUTER_BOUND ( 'NONE', #2103, .T. ) ;
#197 = FACE_OUTER_BOUND ( 'NONE', #648, .T. ) ;
#198 = VECTOR ( 'NONE', #567, 39.37007874015748143 ) ;
#199 = ORIENTED_EDGE ( 'NONE', *, *, #1072, .F. ) ;
#200 = ADVANCED_FACE ( 'NONE', ( #2877, #278, #3607, #658, #1742 ), #1697, .F. ) ;
#201 = EDGE_CURVE ( 'NONE', #478, #1927, #1614, .T. ) ;
#202 = DIRECTION ( 'NONE',  ( -1.000000000000000000, 0.000000000000000000, 0.000000000000000000 ) ) ;
#203 = PLANE ( 'NONE',  #3070 ) ;
#204 = AXIS2_PLACEMENT_3D ( 'NONE', #1989, #3577, #1636 ) ;
#205 = DIRECTION ( 'NONE',  ( -0.000000000000000000, 1.000000000000000000, -0.000000000000000000 ) ) ;
#206 = EDGE_LOOP ( 'NONE', ( #2696, #1639, #2225, #1424 ) ) ;
#207 = EDGE_CURVE ( 'NONE', #1085, #3745, #1753, .T. ) ;
#208 = AXIS2_PLACEMENT_3D ( 'NONE', #1953, #953, #3287 ) ;
#209 = VERTEX_POINT ( 'NONE', #3532 ) ;
#210 = ORIENTED_EDGE ( 'NONE', *, *, #1785, .F. ) ;
#211 = DIRECTION ( 'NONE',  ( 0.000000000000000000, 1.000000000000000000, 0.000000000000000000 ) ) ;
#212 = VECTOR ( 'NONE', #3527, 39.37007874015748143 ) ;
#213 = VERTEX_POINT ( 'NONE', #587 ) ;
#214 = ADVANCED_FACE ( 'NONE', ( #3509 ), #3163, .F. ) ;
#215 = ORIENTED_EDGE ( 'NONE', *, *, #2216, .T. ) ;
#216 = DIRECTION ( 'NONE',  ( -0.000000000000000000, -1.000000000000000000, 0.000000000000000000 ) ) ;
#217 = FACE_OUTER_BOUND ( 'NONE', #1009, .T. ) ;
#218 = DIRECTION ( 'NONE',  ( 0.000000000000000000, 0.000000000000000000, 1.000000000000000000 ) ) ;
#219 = CARTESIAN_POINT ( 'NONE',  ( -0.08299999999999999045, 0.1950000000000000067, -0.08500000000000001998 ) ) ;
#220 = CARTESIAN_POINT ( 'NONE',  ( -0.08299999999999999045, 0.1950000000000000067, -0.08500000000000001998 ) ) ;
#221 = CARTESIAN_POINT ( 'NONE',  ( 0.1236834750241260633, 0.1175000000000017975, 0.08000000000000001554 ) ) ;
#222 = DIRECTION ( 'NONE',  ( 0.000000000000000000, 0.000000000000000000, -1.000000000000000000 ) ) ;
#223 = DIRECTION ( 'NONE',  ( 0.000000000000000000, -1.000000000000000000, 0.000000000000000000 ) ) ;
#224 = EDGE_CURVE ( 'NONE', #1976, #4234, #4123, .T. ) ;
#225 = FACE_OUTER_BOUND ( 'NONE', #1166, .T. ) ;
#226 = ORIENTED_EDGE ( 'NONE', *, *, #1200, .F. ) ;
#227 = ORIENTED_EDGE ( 'NONE', *, *, #3648, .T. ) ;
#228 = EDGE_CURVE ( 'NONE', #1927, #241, #988, .T. ) ;
#229 = ORIENTED_EDGE ( 'NONE', *, *, #3620, .F. ) ;
#230 = ORIENTED_EDGE ( 'NONE', *, *, #344, .T. ) ;
#231 = ORIENTED_EDGE ( 'NONE', *, *, #2764, .T. ) ;
#232 = LINE ( 'NONE', #4197, #1547 ) ;
#233 = CARTESIAN_POINT ( 'NONE',  ( 0.000000000000000000, 0.1930000000000000049, 0.000000000000000000 ) ) ;
#234 = EDGE_CURVE ( 'NONE', #2902, #324, #1653, .T. ) ;
#235 = LINE ( 'NONE', #534, #2748 ) ;
#236 = ORIENTED_EDGE ( 'NONE', *, *, #3339, .F. ) ;
#237 = CARTESIAN_POINT ( 'NONE',  ( -0.1475000000000000200, 0.1125000000000018069, -0.1200000000000000233 ) ) ;
#238 = DIRECTION ( 'NONE',  ( -1.000000000000000000, 1.437814733507495799E-16, -0.000000000000000000 ) ) ;
#239 = ADVANCED_FACE ( 'NONE', ( #2938 ), #1327, .T. ) ;
#240 = VERTEX_POINT ( 'NONE', #676 ) ;
#241 = VERTEX_POINT ( 'NONE', #3296 ) ;
#242 = CARTESIAN_POINT ( 'NONE',  ( 0.1624999999999999778, -0.1160000000000000753, 0.1089999999999999858 ) ) ;
#243 = DIRECTION ( 'NONE',  ( 0.000000000000000000, 1.000000000000000000, 1.471900858655313724E-16 ) ) ;
#244 = DIRECTION ( 'NONE',  ( -0.000000000000000000, -1.000000000000000000, -0.000000000000000000 ) ) ;
#245 = CARTESIAN_POINT ( 'NONE',  ( 0.000000000000000000, 0.000000000000000000, 0.000000000000000000 ) ) ;
#246 = DIRECTION ( 'NONE',  ( -0.7548811369798842374, 0.000000000000000000, 0.6558616233870960821 ) ) ;
#247 = ORIENTED_EDGE ( 'NONE', *, *, #2684, .F. ) ;
#248 = VERTEX_POINT ( 'NONE', #1591 ) ;
#249 =( CONVERSION_BASED_UNIT ( 'INCH', #922 ) LENGTH_UNIT ( ) NAMED_UNIT ( #1082 ) );
#250 = ORIENTED_EDGE ( 'NONE', *, *, #1336, .T. ) ;
#251 = EDGE_CURVE ( 'NONE', #2280, #1159, #3495, .T. ) ;
#252 = EDGE_CURVE ( 'NONE', #1939, #1744, #864, .T. ) ;
#253 = EDGE_LOOP ( 'NONE', ( #515, #1507, #4011, #3616 ) ) ;
#254 = CARTESIAN_POINT ( 'NONE',  ( -0.1000000000000000056, 0.1930000000000000049, -0.09800000000000001765 ) ) ;
#255 = VECTOR ( 'NONE', #2133, 39.37007874015748143 ) ;
#256 = CARTESIAN_POINT ( 'NONE',  ( 0.1624999999999999778, -0.1160000000000000753, 0.09099999999999999756 ) ) ;
#257 = SURFACE_STYLE_FILL_AREA ( #3942 ) ;
#258 = AXIS2_PLACEMENT_3D ( 'NONE', #3080, #2229, #1535 ) ;
#259 = DIRECTION ( 'NONE',  ( -1.000000000000000000, 3.794233324533693590E-15, 0.000000000000000000 ) ) ;
#260 = LINE ( 'NONE', #2309, #1936 ) ;
#261 = PRODUCT_DEFINITION_FORMATION_WITH_SPECIFIED_SOURCE ( 'ANY', '', #4080, .NOT_KNOWN. ) ;
#262 = ORIENTED_EDGE ( 'NONE', *, *, #3157, .T. ) ;
#263 = VECTOR ( 'NONE', #1398, 39.37007874015748143 ) ;
#264 =( CONVERSION_BASED_UNIT ( 'INCH', #562 ) LENGTH_UNIT ( ) NAMED_UNIT ( #2974 ) );
#265 = EDGE_LOOP ( 'NONE', ( #2158, #2618, #2376, #3680 ) ) ;
#266 = EDGE_CURVE ( 'NONE', #608, #2317, #1701, .T. ) ;
#267 = AXIS2_PLACEMENT_3D ( 'NONE', #99, #3696, #3371 ) ;
#268 = LINE ( 'NONE', #984, #1123 ) ;
#269 = DIRECTION ( 'NONE',  ( -0.7548811369798843485, -0.000000000000000000, 0.6558616233870960821 ) ) ;
#270 = CARTESIAN_POINT ( 'NONE',  ( -0.1236834750241260633, 0.1175000000000017975, 0.08000000000000001554 ) ) ;
#271 = DIRECTION ( 'NONE',  ( 0.000000000000000000, 1.000000000000000000, 0.000000000000000000 ) ) ;
#272 = VECTOR ( 'NONE', #3431, 39.37007874015748143 ) ;
#273 = EDGE_LOOP ( 'NONE', ( #2708, #1941, #2417, #3553 ) ) ;
#274 = CARTESIAN_POINT ( 'NONE',  ( -0.1236834750241260633, 0.1175000000000017975, -0.08000000000000001554 ) ) ;
#275 = AXIS2_PLACEMENT_3D ( 'NONE', #2808, #3506, #202 ) ;
#276 = VECTOR ( 'NONE', #3622, 39.37007874015748143 ) ;
#277 =( NAMED_UNIT ( * ) SI_UNIT ( $, .STERADIAN. ) SOLID_ANGLE_UNIT ( ) );
#278 = FACE_BOUND ( 'NONE', #4247, .T. ) ;
#279 = VECTOR ( 'NONE', #2412, 39.37007874015748143 ) ;
#280 = ORIENTED_EDGE ( 'NONE', *, *, #489, .T. ) ;
#281 = ORIENTED_EDGE ( 'NONE', *, *, #940, .F. ) ;
#282 = EDGE_LOOP ( 'NONE', ( #1217, #1279, #2310, #2123 ) ) ;
#283 = ORIENTED_EDGE ( 'NONE', *, *, #721, .F. ) ;
#284 =( NAMED_UNIT ( * ) PLANE_ANGLE_UNIT ( ) SI_UNIT ( $, .RADIAN. ) );
#285 = CIRCLE ( 'NONE', #1892, 0.01499999999999994220 ) ;
#286 = PLANE ( 'NONE',  #834 ) ;
#287 = AXIS2_PLACEMENT_3D ( 'NONE', #108, #859, #2183 ) ;
#288 = DIRECTION ( 'NONE',  ( 1.000000000000000000, 0.000000000000000000, 0.000000000000000000 ) ) ;
#289 = EDGE_CURVE ( 'NONE', #2119, #1340, #1855, .T. ) ;
#290 = VECTOR ( 'NONE', #243, 39.37007874015748143 ) ;
#291 = VECTOR ( 'NONE', #145, 39.37007874015748143 ) ;
#292 = ORIENTED_EDGE ( 'NONE', *, *, #4124, .F. ) ;
#293 = FACE_OUTER_BOUND ( 'NONE', #2676, .T. ) ;
#294 = CARTESIAN_POINT ( 'NONE',  ( 0.1475000000000000200, 0.1125000000000018069, 0.1200000000000000233 ) ) ;
#295 = EDGE_CURVE ( 'NONE', #3810, #1134, #404, .T. ) ;
#296 = ADVANCED_FACE ( 'NONE', ( #1816 ), #2753, .F. ) ;
#297 = CARTESIAN_POINT ( 'NONE',  ( -0.08300000000000004596, 0.1930000000000000049, 0.08499999999999997835 ) ) ;
#298 = DIRECTION ( 'NONE',  ( 0.7548811369798824611, -0.000000000000000000, -0.6558616233870981915 ) ) ;
#299 = ADVANCED_FACE ( 'NONE', ( #3120 ), #1117, .F. ) ;
#300 = ORIENTED_EDGE ( 'NONE', *, *, #4088, .T. ) ;
#301 = VERTEX_POINT ( 'NONE', #3692 ) ;
#302 = DIRECTION ( 'NONE',  ( 0.1305261922200490754, -0.9914448613738107152, 0.000000000000000000 ) ) ;
#303 = FACE_OUTER_BOUND ( 'NONE', #153, .T. ) ;
#304 = CARTESIAN_POINT ( 'NONE',  ( -0.1161134564128507712, 0.1950000000000000067, 0.1649999999999999800 ) ) ;
#305 = ORIENTED_EDGE ( 'NONE', *, *, #739, .T. ) ;
#306 = ORIENTED_EDGE ( 'NONE', *, *, #1877, .F. ) ;
#307 = ORIENTED_EDGE ( 'NONE', *, *, #2923, .T. ) ;
#308 = DIRECTION ( 'NONE',  ( 1.437814733507495799E-16, -1.000000000000000000, 0.000000000000000000 ) ) ;
#309 = FACE_OUTER_BOUND ( 'NONE', #3628, .T. ) ;
#310 = DIRECTION ( 'NONE',  ( -0.000000000000000000, -1.000000000000000000, 0.000000000000000000 ) ) ;
#311 = LINE ( 'NONE', #2593, #2240 ) ;
#312 = EDGE_LOOP ( 'NONE', ( #2320, #3825, #3819, #91 ) ) ;
#313 = ADVANCED_FACE ( 'NONE', ( #1432 ), #493, .F. ) ;
#314 = CYLINDRICAL_SURFACE ( 'NONE', #208, 0.01324711866560588855 ) ;
#315 = CARTESIAN_POINT ( 'NONE',  ( -0.1250000000000000000, 0.1275000000000018063, -0.08000000000000001554 ) ) ;
#316 = VERTEX_POINT ( 'NONE', #3061 ) ;
#317 = ADVANCED_FACE ( 'NONE', ( #1128 ), #966, .F. ) ;
#318 = CARTESIAN_POINT ( 'NONE',  ( 0.07255055456216963350, 0.1950000000000000067, -0.1086882767532258293 ) ) ;
#319 = CARTESIAN_POINT ( 'NONE',  ( 0.1134982926684920818, 0.2148641407666627701, 0.1534982926684920479 ) ) ;
#320 = ORIENTED_EDGE ( 'NONE', *, *, #3243, .F. ) ;
#321 = ORIENTED_EDGE ( 'NONE', *, *, #3255, .T. ) ;
#322 = CARTESIAN_POINT ( 'NONE',  ( 0.1475000000000000200, 0.1125000000000018069, -0.1200000000000000233 ) ) ;
#323 = EDGE_CURVE ( 'NONE', #1637, #2980, #991, .T. ) ;
#324 = VERTEX_POINT ( 'NONE', #4236 ) ;
#325 = FILL_AREA_STYLE ('',( #2247 ) ) ;
#326 = DIRECTION ( 'NONE',  ( 1.000000000000000000, 0.000000000000000000, 0.000000000000000000 ) ) ;
#327 = DIRECTION ( 'NONE',  ( 0.000000000000000000, 1.000000000000000000, 0.000000000000000000 ) ) ;
#328 = ORIENTED_EDGE ( 'NONE', *, *, #4231, .F. ) ;
#329 = AXIS2_PLACEMENT_3D ( 'NONE', #3991, #1071, #2378 ) ;
#330 = LINE ( 'NONE', #667, #3923 ) ;
#331 = CARTESIAN_POINT ( 'NONE',  ( -0.1624999999999999778, 0.05999999999999999084, -0.1200000000000000233 ) ) ;
#332 = EDGE_LOOP ( 'NONE', ( #1719, #2796, #25, #2813 ) ) ;
#333 = VECTOR ( 'NONE', #4122, 39.37007874015748854 ) ;
#334 = DIRECTION ( 'NONE',  ( -0.000000000000000000, -1.000000000000000000, 0.000000000000000000 ) ) ;
#335 = DIRECTION ( 'NONE',  ( 0.000000000000000000, 1.000000000000000000, 0.000000000000000000 ) ) ;
#336 = CIRCLE ( 'NONE', #2476, 0.01324711866560588855 ) ;
#337 = VERTEX_POINT ( 'NONE', #3140 ) ;
#338 = AXIS2_PLACEMENT_3D ( 'NONE', #4017, #1098, #2729 ) ;
#339 = EDGE_LOOP ( 'NONE', ( #617, #3910, #210, #1121 ) ) ;
#340 = CARTESIAN_POINT ( 'NONE',  ( -0.1525000000000000244, 1.078238881374840078E-17, 0.09100000000000001144 ) ) ;
#341 = DIMENSIONAL_EXPONENTS ( 1.000000000000000000, 0.000000000000000000, 0.000000000000000000, 0.000000000000000000, 0.000000000000000000, 0.000000000000000000, 0.000000000000000000 ) ;
#342 = DIRECTION ( 'NONE',  ( 1.000000000000000000, 0.000000000000000000, 0.000000000000000000 ) ) ;
#343 = VECTOR ( 'NONE', #2326, 39.37007874015748143 ) ;
#344 = EDGE_CURVE ( 'NONE', #2838, #2131, #1813, .T. ) ;
#345 = EDGE_LOOP ( 'NONE', ( #1078, #3937, #20, #1814 ) ) ;
#346 = EDGE_LOOP ( 'NONE', ( #3775, #1505, #2220, #978 ) ) ;
#347 = SURFACE_STYLE_FILL_AREA ( #2984 ) ;
#348 = DIRECTION ( 'NONE',  ( -0.000000000000000000, 1.000000000000000000, -0.000000000000000000 ) ) ;
#349 = CARTESIAN_POINT ( 'NONE',  ( -0.08700000000000000788, 0.1950000000000000067, -0.08500000000000001998 ) ) ;
#350 = CIRCLE ( 'NONE', #2494, 0.008999999999999992381 ) ;
#351 = ADVANCED_FACE ( 'NONE', ( #858 ), #1835, .T. ) ;
#352 = AXIS2_PLACEMENT_3D ( 'NONE', #3318, #3893, #3574 ) ;
#353 = ORIENTED_EDGE ( 'NONE', *, *, #3471, .T. ) ;
#354 = EDGE_LOOP ( 'NONE', ( #783, #2203, #2864, #4034 ) ) ;
#355 = CIRCLE ( 'NONE', #575, 0.01324711866560588855 ) ;
#356 = CARTESIAN_POINT ( 'NONE',  ( -0.08300000000000004596, 0.1930000000000000049, 0.08499999999999997835 ) ) ;
#357 = DIRECTION ( 'NONE',  ( 0.000000000000000000, -1.000000000000000000, 0.000000000000000000 ) ) ;
#358 = DIRECTION ( 'NONE',  ( 0.000000000000000000, 0.000000000000000000, 1.000000000000000000 ) ) ;
#359 = VECTOR ( 'NONE', #741, 39.37007874015748143 ) ;
#360 = UNCERTAINTY_MEASURE_WITH_UNIT (LENGTH_MEASURE( 1.000000000000000082E-05 ), #249, 'distance_accuracy_value', 'NONE');
#361 = LINE ( 'NONE', #3043, #3516 ) ;
#362 = CARTESIAN_POINT ( 'NONE',  ( 0.1624999999999999778, -0.1160000000000000753, -0.09099999999999999756 ) ) ;
#363 = DIRECTION ( 'NONE',  ( -0.9914448613738107152, -0.1305261922200490754, 0.000000000000000000 ) ) ;
#364 = EDGE_CURVE ( 'NONE', #1325, #1031, #2434, .T. ) ;
#365 = CARTESIAN_POINT ( 'NONE',  ( 0.08557007911009124890, 0.1950000000000000067, 0.08000000000000002942 ) ) ;
#366 = ORIENTED_EDGE ( 'NONE', *, *, #1950, .T. ) ;
#367 = ORIENTED_EDGE ( 'NONE', *, *, #721, .T. ) ;
#368 = VERTEX_POINT ( 'NONE', #956 ) ;
#369 = ORIENTED_EDGE ( 'NONE', *, *, #2142, .F. ) ;
#370 = EDGE_CURVE ( 'NONE', #589, #248, #3117, .T. ) ;
#371 = CARTESIAN_POINT ( 'NONE',  ( 0.08255055456216964238, 0.1930000000000000049, -0.1173765535064516252 ) ) ;
#372 = CARTESIAN_POINT ( 'NONE',  ( -0.1475000000000000200, 0.1125000000000018069, -0.08000000000000001554 ) ) ;
#373 = CARTESIAN_POINT ( 'NONE',  ( 0.08255055456216964238, 0.1930000000000000049, -0.1173765535064516252 ) ) ;
#374 = CARTESIAN_POINT ( 'NONE',  ( 0.07255055456216963350, 0.1930000000000000049, -0.1086882767532258293 ) ) ;
#375 = ORIENTED_EDGE ( 'NONE', *, *, #933, .T. ) ;
#376 = EDGE_CURVE ( 'NONE', #2259, #2941, #2896, .T. ) ;
#377 = DIRECTION ( 'NONE',  ( -1.437814733507495799E-16, 1.000000000000000000, 0.000000000000000000 ) ) ;
#378 = LINE ( 'NONE', #52, #189 ) ;
#379 = DIRECTION ( 'NONE',  ( 0.000000000000000000, -0.9836065573770491621, 0.1803278688524592999 ) ) ;
#380 = ORIENTED_EDGE ( 'NONE', *, *, #1860, .F. ) ;
#381 = EDGE_CURVE ( 'NONE', #3165, #1744, #1725, .T. ) ;
#382 = CARTESIAN_POINT ( 'NONE',  ( -0.08299999999999999045, 0.1930000000000000049, -0.09800000000000001765 ) ) ;
#383 = DIRECTION ( 'NONE',  ( 0.000000000000000000, 1.000000000000000000, 0.000000000000000000 ) ) ;
#384 = ORIENTED_EDGE ( 'NONE', *, *, #3642, .T. ) ;
#385 = LINE ( 'NONE', #86, #2355 ) ;
#386 = ORIENTED_EDGE ( 'NONE', *, *, #3092, .F. ) ;
#387 = DIRECTION ( 'NONE',  ( 0.000000000000000000, 0.000000000000000000, 1.000000000000000000 ) ) ;
#388 = ORIENTED_EDGE ( 'NONE', *, *, #3187, .F. ) ;
#389 = ORIENTED_EDGE ( 'NONE', *, *, #2765, .F. ) ;
#390 = VERTEX_POINT ( 'NONE', #2117 ) ;
#391 = LINE ( 'NONE', #1747, #2894 ) ;
#392 = DIRECTION ( 'NONE',  ( -0.000000000000000000, -0.000000000000000000, -1.000000000000000000 ) ) ;
#393 = CARTESIAN_POINT ( 'NONE',  ( -0.08700000000000000788, 0.1950000000000000067, -0.08500000000000001998 ) ) ;
#394 = ORIENTED_EDGE ( 'NONE', *, *, #2734, .T. ) ;
#395 = LINE ( 'NONE', #3635, #3027 ) ;
#396 = FACE_OUTER_BOUND ( 'NONE', #1314, .T. ) ;
#397 = DIRECTION ( 'NONE',  ( -0.000000000000000000, -1.000000000000000000, 0.000000000000000000 ) ) ;
#398 = VERTEX_POINT ( 'NONE', #60 ) ;
#399 = EDGE_CURVE ( 'NONE', #1990, #3172, #2416, .T. ) ;
#400 = CARTESIAN_POINT ( 'NONE',  ( 0.07255055456217171517, 0.1930000000000000049, 0.09131172324677422347 ) ) ;
#401 = LINE ( 'NONE', #3086, #1240 ) ;
#402 = VECTOR ( 'NONE', #716, 39.37007874015748143 ) ;
#403 = EDGE_CURVE ( 'NONE', #3276, #1001, #385, .T. ) ;
#404 = LINE ( 'NONE', #1770, #3984 ) ;
#405 = AXIS2_PLACEMENT_3D ( 'NONE', #2383, #1721, #2668 ) ;
#406 = CARTESIAN_POINT ( 'NONE',  ( -0.06999999999999999278, 0.1930000000000000049, -0.09800000000000001765 ) ) ;
#407 = CARTESIAN_POINT ( 'NONE',  ( -0.1624999999999999778, -0.1250000000000000000, -0.09999999999999999167 ) ) ;
#408 = VECTOR ( 'NONE', #2138, 39.37007874015748143 ) ;
#409 = APPLICATION_CONTEXT ( 'automotive_design' ) ;
#410 = VECTOR ( 'NONE', #481, 39.37007874015748143 ) ;
#411 = VERTEX_POINT ( 'NONE', #472 ) ;
#412 = VECTOR ( 'NONE', #3890, 39.37007874015748143 ) ;
#413 = DIRECTION ( 'NONE',  ( -1.000000000000000000, 3.794233324533693590E-15, 0.000000000000000000 ) ) ;
#414 = PLANE ( 'NONE',  #338 ) ;
#415 = CARTESIAN_POINT ( 'NONE',  ( -0.1525000000000000244, 0.05999999999999999778, 0.08000000000000002942 ) ) ;
#416 = AXIS2_PLACEMENT_3D ( 'NONE', #3325, #1772, #1358 ) ;
#417 = VERTEX_POINT ( 'NONE', #1396 ) ;
#418 = DIRECTION ( 'NONE',  ( -0.000000000000000000, -0.000000000000000000, -1.000000000000000000 ) ) ;
#419 = AXIS2_PLACEMENT_3D ( 'NONE', #1609, #957, #1281 ) ;
#420 = DIRECTION ( 'NONE',  ( -0.000000000000000000, -1.000000000000000000, 0.000000000000000000 ) ) ;
#421 = CARTESIAN_POINT ( 'NONE',  ( 0.07255055456217171517, 0.1950000000000000067, 0.09131172324677422347 ) ) ;
#422 = CARTESIAN_POINT ( 'NONE',  ( 0.1624999999999999778, 0.05999999999999995615, -0.08000000000000002942 ) ) ;
#423 = AXIS2_PLACEMENT_3D ( 'NONE', #1646, #3592, #4225 ) ;
#424 = CARTESIAN_POINT ( 'NONE',  ( 0.1624999999999999778, 0.05999999999999995615, 0.08000000000000002942 ) ) ;
#425 = EDGE_CURVE ( 'NONE', #3518, #2905, #806, .T. ) ;
#426 = LINE ( 'NONE', #2072, #1455 ) ;
#427 = EDGE_CURVE ( 'NONE', #240, #505, #755, .T. ) ;
#428 = AXIS2_PLACEMENT_3D ( 'NONE', #3826, #3758, #3778 ) ;
#429 = AXIS2_PLACEMENT_3D ( 'NONE', #942, #1223, #3836 ) ;
#430 = ORIENTED_EDGE ( 'NONE', *, *, #2477, .T. ) ;
#431 = DIRECTION ( 'NONE',  ( -1.000000000000000000, -0.000000000000000000, -0.000000000000000000 ) ) ;
#432 = EDGE_CURVE ( 'NONE', #1340, #3627, #1421, .T. ) ;
#433 = EDGE_LOOP ( 'NONE', ( #3739, #656, #151, #3207 ) ) ;
#434 = DIRECTION ( 'NONE',  ( 2.116320740836944605E-32, 1.471900858655313724E-16, -1.000000000000000000 ) ) ;
#435 = EDGE_LOOP ( 'NONE', ( #1648, #2854, #3634, #3870 ) ) ;
#436 = DIRECTION ( 'NONE',  ( 1.000000000000000000, 0.000000000000000000, -0.000000000000000000 ) ) ;
#437 = ORIENTED_EDGE ( 'NONE', *, *, #1000, .T. ) ;
#438 = VERTEX_POINT ( 'NONE', #3397 ) ;
#439 = DIRECTION ( 'NONE',  ( 0.000000000000000000, -0.000000000000000000, -1.000000000000000000 ) ) ;
#440 = CARTESIAN_POINT ( 'NONE',  ( -0.1000000000000000056, 0.1930000000000000049, -0.09800000000000001765 ) ) ;
#441 = EDGE_LOOP ( 'NONE', ( #2365, #1468, #1836, #1786 ) ) ;
#442 = DIRECTION ( 'NONE',  ( -0.000000000000000000, 0.000000000000000000, -1.000000000000000000 ) ) ;
#443 = SURFACE_STYLE_FILL_AREA ( #1146 ) ;
#444 = DIRECTION ( 'NONE',  ( 0.000000000000000000, 0.9836065573770491621, -0.1803278688524587448 ) ) ;
#445 = DIRECTION ( 'NONE',  ( 0.000000000000000000, 0.000000000000000000, -1.000000000000000000 ) ) ;
#446 = EDGE_CURVE ( 'NONE', #4263, #4232, #3995, .T. ) ;
#447 = CARTESIAN_POINT ( 'NONE',  ( -0.08700000000000004952, 0.1930000000000000049, 0.1149999999999999911 ) ) ;
#448 = FACE_OUTER_BOUND ( 'NONE', #3953, .T. ) ;
#449 = PRODUCT_DEFINITION_SHAPE ( 'NONE', 'NONE',  #1736 ) ;
#450 = VERTEX_POINT ( 'NONE', #2394 ) ;
#451 = EDGE_CURVE ( 'NONE', #3193, #3771, #1716, .T. ) ;
#452 = CARTESIAN_POINT ( 'NONE',  ( -0.1250000000000000000, 0.1275000000000018063, 0.1200000000000000233 ) ) ;
#453 = ORIENTED_EDGE ( 'NONE', *, *, #4089, .T. ) ;
#454 = CARTESIAN_POINT ( 'NONE',  ( -0.08700000000000000788, 0.1950000000000000067, -0.09800000000000001765 ) ) ;
#455 = LINE ( 'NONE', #1784, #333 ) ;
#456 = ORIENTED_EDGE ( 'NONE', *, *, #1280, .T. ) ;
#457 = EDGE_CURVE ( 'NONE', #1504, #3192, #2379, .T. ) ;
#458 = CARTESIAN_POINT ( 'NONE',  ( -0.08299999999999999045, 0.1930000000000000049, -0.09800000000000001765 ) ) ;
#459 = EDGE_LOOP ( 'NONE', ( #883, #903, #2802, #3060 ) ) ;
#460 = DIRECTION ( 'NONE',  ( -0.000000000000000000, 1.000000000000000000, -0.000000000000000000 ) ) ;
#461 = DIRECTION ( 'NONE',  ( -0.000000000000000000, 1.000000000000000000, -0.000000000000000000 ) ) ;
#462 = EDGE_CURVE ( 'NONE', #2587, #719, #3046, .T. ) ;
#463 = ORIENTED_EDGE ( 'NONE', *, *, #4175, .T. ) ;
#464 = PLANE ( 'NONE',  #1062 ) ;
#465 = CARTESIAN_POINT ( 'NONE',  ( 0.1525000000000000244, 0.1107927976350460836, -0.07068798710024158660 ) ) ;
#466 = LINE ( 'NONE', #2702, #3719 ) ;
#467 = FACE_OUTER_BOUND ( 'NONE', #2784, .T. ) ;
#468 = FACE_OUTER_BOUND ( 'NONE', #3649, .T. ) ;
#469 = VECTOR ( 'NONE', #693, 39.37007874015748143 ) ;
#470 = ORIENTED_EDGE ( 'NONE', *, *, #1903, .T. ) ;
#471 = VERTEX_POINT ( 'NONE', #2073 ) ;
#472 = CARTESIAN_POINT ( 'NONE',  ( 0.08255055456217171017, 0.1930000000000000049, 0.1000000000000000194 ) ) ;
#473 = EDGE_CURVE ( 'NONE', #1590, #3810, #1538, .T. ) ;
#474 = DIRECTION ( 'NONE',  ( -0.000000000000000000, -0.000000000000000000, 1.000000000000000000 ) ) ;
#475 = ADVANCED_FACE ( 'NONE', ( #2707 ), #3726, .F. ) ;
#476 = DIRECTION ( 'NONE',  ( 0.000000000000000000, 1.000000000000000000, 0.000000000000000000 ) ) ;
#477 = VECTOR ( 'NONE', #1015, 39.37007874015748143 ) ;
#478 = VERTEX_POINT ( 'NONE', #2136 ) ;
#479 =( GEOMETRIC_REPRESENTATION_CONTEXT ( 3 ) GLOBAL_UNCERTAINTY_ASSIGNED_CONTEXT ( ( #2390 ) ) GLOBAL_UNIT_ASSIGNED_CONTEXT ( ( #1851, #3162, #1112 ) ) REPRESENTATION_CONTEXT ( 'NONE', 'WORKASPACE' ) );
#480 = EDGE_CURVE ( 'NONE', #2321, #110, #3700, .T. ) ;
#481 = DIRECTION ( 'NONE',  ( -1.437814733507495799E-16, 1.000000000000000000, 0.000000000000000000 ) ) ;
#482 = EDGE_CURVE ( 'NONE', #3192, #811, #1781, .T. ) ;
#483 = ORIENTED_EDGE ( 'NONE', *, *, #677, .F. ) ;
#484 = VERTEX_POINT ( 'NONE', #3089 ) ;
#485 = VECTOR ( 'NONE', #2524, 39.37007874015748143 ) ;
#486 = VERTEX_POINT ( 'NONE', #3064 ) ;
#487 = DIRECTION ( 'NONE',  ( 0.000000000000000000, 0.000000000000000000, 1.000000000000000000 ) ) ;
#488 = CARTESIAN_POINT ( 'NONE',  ( 0.08255055456216964238, 0.1930000000000000049, -0.1173765535064516252 ) ) ;
#489 = EDGE_CURVE ( 'NONE', #1988, #2307, #2441, .T. ) ;
#490 = CARTESIAN_POINT ( 'NONE',  ( -0.1475000000000000200, 0.1175000000000017975, 0.1200000000000000233 ) ) ;
#491 = AXIS2_PLACEMENT_3D ( 'NONE', #3033, #3672, #3054 ) ;
#492 = UNCERTAINTY_MEASURE_WITH_UNIT (LENGTH_MEASURE( 1.000000000000000082E-05 ), #2568, 'distance_accuracy_value', 'NONE');
#493 = CYLINDRICAL_SURFACE ( 'NONE', #3456, 0.01724711866560588169 ) ;
#494 = AXIS2_PLACEMENT_3D ( 'NONE', #3765, #2850, #4161 ) ;
#495 = CARTESIAN_POINT ( 'NONE',  ( -0.08300000000000004596, 0.1930000000000000049, 0.08499999999999997835 ) ) ;
#496 = DIRECTION ( 'NONE',  ( 0.000000000000000000, 0.000000000000000000, 1.000000000000000000 ) ) ;
#497 = VECTOR ( 'NONE', #979, 39.37007874015748143 ) ;
#498 = VERTEX_POINT ( 'NONE', #3336 ) ;
#499 = PLANE ( 'NONE',  #1886 ) ;
#500 = COLOUR_RGB ( '',0.7921568627450980005, 0.8196078431372548767, 0.9333333333333333481 ) ;
#501 = LINE ( 'NONE', #2831, #1757 ) ;
#502 = AXIS2_PLACEMENT_3D ( 'NONE', #1900, #3552, #1475 ) ;
#503 = DIRECTION ( 'NONE',  ( 0.000000000000000000, 1.000000000000000000, -0.000000000000000000 ) ) ;
#504 = FACE_OUTER_BOUND ( 'NONE', #3473, .T. ) ;
#505 = VERTEX_POINT ( 'NONE', #4056 ) ;
#506 = VERTEX_POINT ( 'NONE', #1133 ) ;
#507 = VECTOR ( 'NONE', #2485, 39.37007874015748143 ) ;
#508 = EDGE_CURVE ( 'NONE', #3051, #1699, #1484, .T. ) ;
#509 = DIRECTION ( 'NONE',  ( 0.000000000000000000, 0.000000000000000000, 1.000000000000000000 ) ) ;
#510 = EDGE_LOOP ( 'NONE', ( #2878, #1077, #3341, #2952 ) ) ;
#511 = DIRECTION ( 'NONE',  ( -1.000000000000000000, 1.437814733507495799E-16, -0.000000000000000000 ) ) ;
#512 = ORIENTED_EDGE ( 'NONE', *, *, #1860, .T. ) ;
#513 = EDGE_LOOP ( 'NONE', ( #2442, #2007, #1792, #4152 ) ) ;
#514 = EDGE_CURVE ( 'NONE', #789, #3817, #3664, .T. ) ;
#515 = ORIENTED_EDGE ( 'NONE', *, *, #1131, .F. ) ;
#516 = CARTESIAN_POINT ( 'NONE',  ( -0.08299999999999999045, 0.1950000000000000067, -0.1019999999999999934 ) ) ;
#517 = DIRECTION ( 'NONE',  ( 0.000000000000000000, 0.000000000000000000, 1.000000000000000000 ) ) ;
#518 = DIRECTION ( 'NONE',  ( -1.000000000000000000, 1.437814733507495799E-16, 0.000000000000000000 ) ) ;
#519 = EDGE_CURVE ( 'NONE', #2922, #2746, #4093, .T. ) ;
#520 = DIRECTION ( 'NONE',  ( 1.000000000000000000, 0.000000000000000000, 0.000000000000000000 ) ) ;
#521 = LINE ( 'NONE', #2867, #3502 ) ;
#522 = EDGE_CURVE ( 'NONE', #2840, #3810, #1175, .T. ) ;
#523 = ORIENTED_EDGE ( 'NONE', *, *, #3528, .F. ) ;
#524 = CARTESIAN_POINT ( 'NONE',  ( -0.08700000000000004952, 0.1930000000000000049, 0.08499999999999997835 ) ) ;
#525 = DIRECTION ( 'NONE',  ( -1.000000000000000000, 1.437814733507495799E-16, 0.000000000000000000 ) ) ;
#526 = PLANE ( 'NONE',  #1046 ) ;
#527 =( LENGTH_UNIT ( ) NAMED_UNIT ( * ) SI_UNIT ( $, .METRE. ) );
#528 = EDGE_LOOP ( 'NONE', ( #982, #1921, #4027, #3691 ) ) ;
#529 = ORIENTED_EDGE ( 'NONE', *, *, #921, .T. ) ;
#530 = CARTESIAN_POINT ( 'NONE',  ( -0.08299999999999999045, 0.1930000000000000049, -0.08500000000000001998 ) ) ;
#531 = ORIENTED_EDGE ( 'NONE', *, *, #1602, .F. ) ;
#532 = DIRECTION ( 'NONE',  ( 0.000000000000000000, 0.000000000000000000, 1.000000000000000000 ) ) ;
#533 = CARTESIAN_POINT ( 'NONE',  ( 0.1475000000000000200, 0.1125000000000018069, 0.1200000000000000233 ) ) ;
#534 = CARTESIAN_POINT ( 'NONE',  ( 0.1525000000000000244, 0.1125000000000018069, -0.08000000000000001554 ) ) ;
#535 = EDGE_CURVE ( 'NONE', #3817, #2091, #3133, .T. ) ;
#536 = UNCERTAINTY_MEASURE_WITH_UNIT (LENGTH_MEASURE( 1.000000000000000082E-05 ), #188, 'distance_accuracy_value', 'NONE');
#537 = CARTESIAN_POINT ( 'NONE',  ( 0.000000000000000000, 0.1930000000000000049, 0.000000000000000000 ) ) ;
#538 = FACE_OUTER_BOUND ( 'NONE', #2425, .T. ) ;
#539 = VERTEX_POINT ( 'NONE', #4118 ) ;
#540 = VERTEX_POINT ( 'NONE', #1546 ) ;
#541 = DIRECTION ( 'NONE',  ( 1.000000000000000000, 0.000000000000000000, 0.000000000000000000 ) ) ;
#542 = LINE ( 'NONE', #3851, #1516 ) ;
#543 = CARTESIAN_POINT ( 'NONE',  ( 0.1525000000000000244, -0.1250000000000000555, 0.09999999999999999167 ) ) ;
#544 = EDGE_CURVE ( 'NONE', #168, #1905, #1192, .T. ) ;
#545 = DIRECTION ( 'NONE',  ( 0.000000000000000000, -1.000000000000000000, -1.471900858655313724E-16 ) ) ;
#546 = ORIENTED_EDGE ( 'NONE', *, *, #3292, .F. ) ;
#547 = EDGE_LOOP ( 'NONE', ( #1114, #4224, #3139, #792 ) ) ;
#548 = EDGE_LOOP ( 'NONE', ( #1708, #3234, #4217, #3915 ) ) ;
#549 = ORIENTED_EDGE ( 'NONE', *, *, #344, .F. ) ;
#550 = VECTOR ( 'NONE', #1106, 39.37007874015748143 ) ;
#551 = ORIENTED_EDGE ( 'NONE', *, *, #2411, .F. ) ;
#552 = VECTOR ( 'NONE', #2435, 39.37007874015748143 ) ;
#553 = ORIENTED_EDGE ( 'NONE', *, *, #2539, .F. ) ;
#554 = DIRECTION ( 'NONE',  ( 1.000000000000000000, -0.000000000000000000, -0.000000000000000000 ) ) ;
#555 = CARTESIAN_POINT ( 'NONE',  ( -0.1624999999999999778, 0.05999999999999999778, 0.1200000000000000233 ) ) ;
#556 = LINE ( 'NONE', #2145, #272 ) ;
#557 = AXIS2_PLACEMENT_3D ( 'NONE', #1140, #4102, #211 ) ;
#558 = ADVANCED_FACE ( 'NONE', ( #2504 ), #1236, .T. ) ;
#559 = DIRECTION ( 'NONE',  ( 0.000000000000000000, 1.000000000000000000, 0.000000000000000000 ) ) ;
#560 = DIRECTION ( 'NONE',  ( 0.000000000000000000, 0.000000000000000000, -1.000000000000000000 ) ) ;
#561 = AXIS2_PLACEMENT_3D ( 'NONE', #3203, #3637, #3834 ) ;
#562 = LENGTH_MEASURE_WITH_UNIT ( LENGTH_MEASURE( 0.02539999999999999897 ), #1931 );
#563 = ADVANCED_FACE ( 'NONE', ( #3529 ), #2212, .F. ) ;
#564 = LINE ( 'NONE', #242, #644 ) ;
#565 = DIRECTION ( 'NONE',  ( 0.000000000000000000, 0.000000000000000000, -1.000000000000000000 ) ) ;
#566 = AXIS2_PLACEMENT_3D ( 'NONE', #3761, #2520, #3829 ) ;
#567 = DIRECTION ( 'NONE',  ( -1.000000000000000000, 1.437814733507495799E-16, 0.000000000000000000 ) ) ;
#568 = VECTOR ( 'NONE', #1369, 39.37007874015748143 ) ;
#569 =( LENGTH_UNIT ( ) NAMED_UNIT ( * ) SI_UNIT ( $, .METRE. ) );
#570 = ORIENTED_EDGE ( 'NONE', *, *, #2356, .F. ) ;
#571 = VECTOR ( 'NONE', #3562, 39.37007874015748143 ) ;
#572 = EDGE_CURVE ( 'NONE', #719, #589, #2459, .T. ) ;
#573 = VERTEX_POINT ( 'NONE', #2522 ) ;
#574 = ORIENTED_EDGE ( 'NONE', *, *, #831, .F. ) ;
#575 = AXIS2_PLACEMENT_3D ( 'NONE', #1211, #3123, #487 ) ;
#576 = VECTOR ( 'NONE', #1788, 39.37007874015748143 ) ;
#577 = EDGE_CURVE ( 'NONE', #2648, #3755, #564, .T. ) ;
#578 = ORIENTED_EDGE ( 'NONE', *, *, #739, .F. ) ;
#579 = DIRECTION ( 'NONE',  ( -1.000000000000000000, 0.000000000000000000, -0.000000000000000000 ) ) ;
#580 = DIRECTION ( 'NONE',  ( -0.000000000000000000, 1.000000000000000000, -0.000000000000000000 ) ) ;
#581 = CARTESIAN_POINT ( 'NONE',  ( -0.1525000000000000244, 1.078238881374840078E-17, -0.09100000000000001144 ) ) ;
#582 = CARTESIAN_POINT ( 'NONE',  ( 0.08557007911008915335, 0.1950000000000000067, -0.09737655350645166297 ) ) ;
#583 = CARTESIAN_POINT ( 'NONE',  ( 0.1236834750241260633, 0.1175000000000017975, -0.1200000000000000233 ) ) ;
#584 = DIRECTION ( 'NONE',  ( -1.000000000000000000, -3.794233324533693590E-15, -0.000000000000000000 ) ) ;
#585 = LINE ( 'NONE', #1914, #1549 ) ;
#586 = CARTESIAN_POINT ( 'NONE',  ( -0.1624999999999999778, 0.05999999999999999778, -0.08000000000000002942 ) ) ;
#587 = CARTESIAN_POINT ( 'NONE',  ( 0.08557007911009124890, 0.1930000000000000049, 0.1199999999999999817 ) ) ;
#588 = ADVANCED_FACE ( 'NONE', ( #1848 ), #499, .T. ) ;
#589 = VERTEX_POINT ( 'NONE', #3159 ) ;
#590 = ORIENTED_EDGE ( 'NONE', *, *, #31, .T. ) ;
#591 = DIRECTION ( 'NONE',  ( 1.000000000000000000, 0.000000000000000000, 0.000000000000000000 ) ) ;
#592 = ORIENTED_EDGE ( 'NONE', *, *, #805, .F. ) ;
#593 = LINE ( 'NONE', #2, #4040 ) ;
#594 = DIRECTION ( 'NONE',  ( 0.000000000000000000, -1.000000000000000000, 0.000000000000000000 ) ) ;
#595 = CARTESIAN_POINT ( 'NONE',  ( 0.1475000000000000200, 0.1125000000000018069, -0.08000000000000001554 ) ) ;
#596 = EDGE_CURVE ( 'NONE', #3047, #3118, #3183, .T. ) ;
#597 = EDGE_LOOP ( 'NONE', ( #192, #1532, #3707, #1026 ) ) ;
#598 = CARTESIAN_POINT ( 'NONE',  ( 0.08557007911009124890, 0.1930000000000000049, 0.1026234464935483898 ) ) ;
#599 = DIRECTION ( 'NONE',  ( 0.000000000000000000, 1.000000000000000000, 0.000000000000000000 ) ) ;
#600 = DIRECTION ( 'NONE',  ( 0.000000000000000000, 1.000000000000000000, 0.000000000000000000 ) ) ;
#601 = LINE ( 'NONE', #3314, #775 ) ;
#602 = CARTESIAN_POINT ( 'NONE',  ( 0.1525000000000000244, 0.1125000000000018069, -0.08000000000000001554 ) ) ;
#603 = CARTESIAN_POINT ( 'NONE',  ( 0.08255055456217171017, 0.1950000000000000067, 0.1226234464935484075 ) ) ;
#604 = CARTESIAN_POINT ( 'NONE',  ( 0.1624999999999999778, -3.671313953020295178E-17, 0.1089999999999999997 ) ) ;
#605 = EDGE_CURVE ( 'NONE', #3286, #240, #1519, .T. ) ;
#606 = EDGE_CURVE ( 'NONE', #1744, #110, #2541, .T. ) ;
#607 = FILL_AREA_STYLE ('',( #3606 ) ) ;
#608 = VERTEX_POINT ( 'NONE', #2769 ) ;
#609 = ORIENTED_EDGE ( 'NONE', *, *, #3993, .T. ) ;
#610 = ADVANCED_FACE ( 'NONE', ( #1569 ), #3463, .T. ) ;
#611 = CARTESIAN_POINT ( 'NONE',  ( 0.1625000000000000056, -0.1250000000000000278, -0.08000000000000001554 ) ) ;
#612 = DIRECTION ( 'NONE',  ( 3.794233324533693590E-15, -1.000000000000000000, 0.000000000000000000 ) ) ;
#613 = VECTOR ( 'NONE', #2019, 39.37007874015748143 ) ;
#614 = PLANE ( 'NONE',  #1672 ) ;
#615 = CARTESIAN_POINT ( 'NONE',  ( 0.1624999999999999778, 0.1125000000000018069, 0.08000000000000001554 ) ) ;
#616 = CIRCLE ( 'NONE', #3569, 0.01324711866560588855 ) ;
#617 = ORIENTED_EDGE ( 'NONE', *, *, #173, .T. ) ;
#618 = ADVANCED_FACE ( 'NONE', ( #3850 ), #2481, .F. ) ;
#619 = LINE ( 'NONE', #3246, #2423 ) ;
#620 = FACE_OUTER_BOUND ( 'NONE', #2983, .T. ) ;
#621 = ORIENTED_EDGE ( 'NONE', *, *, #1257, .F. ) ;
#622 = STYLED_ITEM ( 'NONE', ( #2244 ), #2982 ) ;
#623 = AXIS2_PLACEMENT_3D ( 'NONE', #2981, #2075, #3358 ) ;
#624 = DIRECTION ( 'NONE',  ( -1.000000000000000000, 1.437814733507495799E-16, 0.000000000000000000 ) ) ;
#625 = CARTESIAN_POINT ( 'NONE',  ( -0.08299999999999999045, 0.1950000000000000067, -0.1019999999999999934 ) ) ;
#626 = VECTOR ( 'NONE', #3828, 39.37007874015748143 ) ;
#627 = ORIENTED_EDGE ( 'NONE', *, *, #3092, .T. ) ;
#628 = ORIENTED_EDGE ( 'NONE', *, *, #207, .F. ) ;
#629 = LINE ( 'NONE', #2584, #1330 ) ;
#630 = AXIS2_PLACEMENT_3D ( 'NONE', #3888, #2912, #3546 ) ;
#631 = CARTESIAN_POINT ( 'NONE',  ( -0.1624999999999999778, -0.1160000000000000198, -0.09999999999999999167 ) ) ;
#632 = ADVANCED_FACE ( 'NONE', ( #4074 ), #1153, .F. ) ;
#633 = AXIS2_PLACEMENT_3D ( 'NONE', #2132, #3698, #1693 ) ;
#634 = ORIENTED_EDGE ( 'NONE', *, *, #164, .F. ) ;
#635 = ORIENTED_EDGE ( 'NONE', *, *, #1365, .F. ) ;
#636 = ORIENTED_EDGE ( 'NONE', *, *, #862, .F. ) ;
#637 = AXIS2_PLACEMENT_3D ( 'NONE', #237, #4177, #1254 ) ;
#638 = DIRECTION ( 'NONE',  ( 2.592780666980734110E-17, 0.1803278688524592999, 0.9836065573770491621 ) ) ;
#639 =( GEOMETRIC_REPRESENTATION_CONTEXT ( 3 ) GLOBAL_UNCERTAINTY_ASSIGNED_CONTEXT ( ( #2437 ) ) GLOBAL_UNIT_ASSIGNED_CONTEXT ( ( #3408, #1065, #2852 ) ) REPRESENTATION_CONTEXT ( 'NONE', 'WORKASPACE' ) );
#640 = CARTESIAN_POINT ( 'NONE',  ( 0.08557007911009124890, 0.1930000000000000049, 0.1199999999999999817 ) ) ;
#641 = ADVANCED_FACE ( 'NONE', ( #1500 ), #1022, .F. ) ;
#642 = ORIENTED_EDGE ( 'NONE', *, *, #3555, .T. ) ;
#643 = VECTOR ( 'NONE', #1849, 39.37007874015748143 ) ;
#644 = VECTOR ( 'NONE', #180, 39.37007874015748143 ) ;
#645 = EDGE_LOOP ( 'NONE', ( #23, #3244, #3732, #2901 ) ) ;
#646 = LINE ( 'NONE', #2308, #1611 ) ;
#647 = DIRECTION ( 'NONE',  ( 0.000000000000000000, 0.000000000000000000, -1.000000000000000000 ) ) ;
#648 = EDGE_LOOP ( 'NONE', ( #878, #839, #1767, #2936 ) ) ;
#649 = ADVANCED_FACE ( 'NONE', ( #2023 ), #1587, .F. ) ;
#650 = CARTESIAN_POINT ( 'NONE',  ( -0.1624999999999999778, -0.1160000000000000198, -0.1089999999999999858 ) ) ;
#651 = DIRECTION ( 'NONE',  ( 0.000000000000000000, 0.000000000000000000, -1.000000000000000000 ) ) ;
#652 = ADVANCED_FACE ( 'NONE', ( #1627 ), #4228, .T. ) ;
#653 = ORIENTED_EDGE ( 'NONE', *, *, #252, .T. ) ;
#654 = LINE ( 'NONE', #2275, #3242 ) ;
#655 = DIRECTION ( 'NONE',  ( 0.000000000000000000, 0.000000000000000000, 1.000000000000000000 ) ) ;
#656 = ORIENTED_EDGE ( 'NONE', *, *, #364, .F. ) ;
#657 = DIRECTION ( 'NONE',  ( 0.000000000000000000, -1.000000000000000000, 1.471900858655313724E-16 ) ) ;
#658 = FACE_BOUND ( 'NONE', #2727, .T. ) ;
#659 = ORIENTED_EDGE ( 'NONE', *, *, #2301, .T. ) ;
#660 = VERTEX_POINT ( 'NONE', #650 ) ;
#661 = ORIENTED_EDGE ( 'NONE', *, *, #981, .T. ) ;
#662 = ORIENTED_EDGE ( 'NONE', *, *, #84, .F. ) ;
#663 = LINE ( 'NONE', #3881, #4057 ) ;
#664 = DIRECTION ( 'NONE',  ( 0.000000000000000000, 1.000000000000000000, 1.471900858655313724E-16 ) ) ;
#665 = PLANE ( 'NONE',  #3312 ) ;
#666 = ORIENTED_EDGE ( 'NONE', *, *, #1558, .T. ) ;
#667 = CARTESIAN_POINT ( 'NONE',  ( 0.1624999999999999778, -3.450877529173771473E-17, -0.09100000000000001144 ) ) ;
#668 = EDGE_CURVE ( 'NONE', #110, #1952, #2292, .T. ) ;
#669 = DIRECTION ( 'NONE',  ( -0.000000000000000000, 1.000000000000000000, -0.000000000000000000 ) ) ;
#670 = EDGE_CURVE ( 'NONE', #3132, #2317, #1322, .T. ) ;
#671 = DIRECTION ( 'NONE',  ( -1.000000000000000000, 0.000000000000000000, -0.000000000000000000 ) ) ;
#672 = CARTESIAN_POINT ( 'NONE',  ( 0.1525000000000000244, 0.1125000000000018069, -0.1200000000000000233 ) ) ;
#673 = ORIENTED_EDGE ( 'NONE', *, *, #1083, .F. ) ;
#674 = VERTEX_POINT ( 'NONE', #3251 ) ;
#675 = PLANE ( 'NONE',  #2623 ) ;
#676 = CARTESIAN_POINT ( 'NONE',  ( -0.06999999999999999278, 0.1930000000000000049, -0.09800000000000001765 ) ) ;
#677 = EDGE_CURVE ( 'NONE', #2941, #539, #2098, .T. ) ;
#678 = DIRECTION ( 'NONE',  ( 0.000000000000000000, -1.000000000000000000, -1.471900858655313724E-16 ) ) ;
#679 = EDGE_LOOP ( 'NONE', ( #2512, #1186, #2538, #785 ) ) ;
#680 = DIRECTION ( 'NONE',  ( 0.000000000000000000, 0.000000000000000000, -1.000000000000000000 ) ) ;
#681 = SURFACE_STYLE_FILL_AREA ( #3630 ) ;
#682 = DIRECTION ( 'NONE',  ( 0.000000000000000000, -1.000000000000000000, 0.000000000000000000 ) ) ;
#683 = DIMENSIONAL_EXPONENTS ( 1.000000000000000000, 0.000000000000000000, 0.000000000000000000, 0.000000000000000000, 0.000000000000000000, 0.000000000000000000, 0.000000000000000000 ) ;
#684 = VERTEX_POINT ( 'NONE', #1670 ) ;
#685 = VECTOR ( 'NONE', #2209, 39.37007874015748143 ) ;
#686 = DIRECTION ( 'NONE',  ( -1.437814733507495799E-16, -1.000000000000000000, 0.000000000000000000 ) ) ;
#687 = LINE ( 'NONE', #1980, #1800 ) ;
#688 = CARTESIAN_POINT ( 'NONE',  ( -0.1000000000000000056, 0.1950000000000000067, -0.09800000000000001765 ) ) ;
#689 = AXIS2_PLACEMENT_3D ( 'NONE', #843, #3458, #517 ) ;
#690 = EDGE_CURVE ( 'NONE', #1159, #4063, #1297, .T. ) ;
#691 = AXIS2_PLACEMENT_3D ( 'NONE', #1652, #1326, #2004 ) ;
#692 = LINE ( 'NONE', #16, #3989 ) ;
#693 = DIRECTION ( 'NONE',  ( 0.000000000000000000, 1.000000000000000000, 0.000000000000000000 ) ) ;
#694 = AXIS2_PLACEMENT_3D ( 'NONE', #4151, #511, #863 ) ;
#695 = EDGE_CURVE ( 'NONE', #506, #1085, #1258, .T. ) ;
#696 = CIRCLE ( 'NONE', #267, 0.01724711866560588169 ) ;
#697 = FACE_OUTER_BOUND ( 'NONE', #1239, .T. ) ;
#698 = CARTESIAN_POINT ( 'NONE',  ( 0.1475000000000000200, 0.1175000000000017836, -0.1200000000000000233 ) ) ;
#699 = AXIS2_PLACEMENT_3D ( 'NONE', #3283, #998, #2305 ) ;
#700 = VERTEX_POINT ( 'NONE', #2312 ) ;
#701 = ADVANCED_FACE ( 'NONE', ( #2599 ), #3639, .F. ) ;
#702 = VERTEX_POINT ( 'NONE', #3274 ) ;
#703 = LINE ( 'NONE', #1374, #2038 ) ;
#704 = FACE_OUTER_BOUND ( 'NONE', #1856, .T. ) ;
#705 = DIRECTION ( 'NONE',  ( -1.000000000000000000, 0.000000000000000000, -0.000000000000000000 ) ) ;
#706 = VECTOR ( 'NONE', #1585, 39.37007874015748143 ) ;
#707 = ORIENTED_EDGE ( 'NONE', *, *, #862, .T. ) ;
#708 = EDGE_CURVE ( 'NONE', #2731, #3146, #692, .T. ) ;
#709 = ORIENTED_EDGE ( 'NONE', *, *, #187, .F. ) ;
#710 = AXIS2_PLACEMENT_3D ( 'NONE', #2590, #3898, #2925 ) ;
#711 = CARTESIAN_POINT ( 'NONE',  ( 0.09557007911008916223, 0.1930000000000000049, -0.08868827675322586701 ) ) ;
#712 = DIRECTION ( 'NONE',  ( 0.1294283079955605154, 0.9831056027603609637, 0.1294283079955607929 ) ) ;
#713 = DIRECTION ( 'NONE',  ( -1.000000000000000000, -0.000000000000000000, -0.000000000000000000 ) ) ;
#714 = STYLED_ITEM ( 'NONE', ( #1688 ), #55 ) ;
#715 = CYLINDRICAL_SURFACE ( 'NONE', #849, 0.01324711866560588855 ) ;
#716 = DIRECTION ( 'NONE',  ( -1.000000000000000000, 1.437814733507495799E-16, 0.000000000000000000 ) ) ;
#717 = DIRECTION ( 'NONE',  ( 0.000000000000000000, 0.000000000000000000, -1.000000000000000000 ) ) ;
#718 = CARTESIAN_POINT ( 'NONE',  ( 0.1525000000000000244, 0.1125000000000018069, -0.09100000000000001144 ) ) ;
#719 = VERTEX_POINT ( 'NONE', #3906 ) ;
#720 = LINE ( 'NONE', #1404, #3005 ) ;
#721 = EDGE_CURVE ( 'NONE', #4153, #9, #601, .T. ) ;
#722 = DIRECTION ( 'NONE',  ( 1.000000000000000000, -1.437814733507495799E-16, -0.000000000000000000 ) ) ;
#723 = VERTEX_POINT ( 'NONE', #2870 ) ;
#724 = DIRECTION ( 'NONE',  ( 0.000000000000000000, 1.000000000000000000, 0.000000000000000000 ) ) ;
#725 = LINE ( 'NONE', #1755, #898 ) ;
#726 = EDGE_CURVE ( 'NONE', #1226, #2941, #2293, .T. ) ;
#727 = DIRECTION ( 'NONE',  ( 0.000000000000000000, 0.000000000000000000, -1.000000000000000000 ) ) ;
#728 = ORIENTED_EDGE ( 'NONE', *, *, #2575, .F. ) ;
#729 = FACE_OUTER_BOUND ( 'NONE', #934, .T. ) ;
#730 = FACE_OUTER_BOUND ( 'NONE', #3469, .T. ) ;
#731 = DIRECTION ( 'NONE',  ( -1.000000000000000000, 1.437814733507495799E-16, -0.000000000000000000 ) ) ;
#732 = ORIENTED_EDGE ( 'NONE', *, *, #965, .T. ) ;
#733 = CARTESIAN_POINT ( 'NONE',  ( 0.1525000000000000244, 0.1125000000000018069, 0.08000000000000001554 ) ) ;
#734 = CARTESIAN_POINT ( 'NONE',  ( -0.1475000000000000200, 0.1275000000000017231, -0.08000000000000001554 ) ) ;
#735 = CARTESIAN_POINT ( 'NONE',  ( 0.08557007911009124890, 0.1930000000000000049, 0.1199999999999999817 ) ) ;
#736 = DIRECTION ( 'NONE',  ( -0.000000000000000000, -0.000000000000000000, 1.000000000000000000 ) ) ;
#737 = ORIENTED_EDGE ( 'NONE', *, *, #708, .T. ) ;
#738 = EDGE_CURVE ( 'NONE', #498, #2508, #268, .T. ) ;
#739 = EDGE_CURVE ( 'NONE', #946, #1988, #1983, .T. ) ;
#740 = ORIENTED_EDGE ( 'NONE', *, *, #522, .F. ) ;
#741 = DIRECTION ( 'NONE',  ( -1.000000000000000000, -0.000000000000000000, -0.000000000000000000 ) ) ;
#742 = CARTESIAN_POINT ( 'NONE',  ( -0.1624999999999999778, -0.1160000000000000198, 0.1089999999999999858 ) ) ;
#743 = CARTESIAN_POINT ( 'NONE',  ( -0.1475000000000000200, 0.1275000000000017231, -0.08000000000000001554 ) ) ;
#744 = LINE ( 'NONE', #3040, #3650 ) ;
#745 = ORIENTED_EDGE ( 'NONE', *, *, #3741, .F. ) ;
#746 = UNCERTAINTY_MEASURE_WITH_UNIT (LENGTH_MEASURE( 1.000000000000000082E-05 ), #4211, 'distance_accuracy_value', 'NONE');
#747 = ADVANCED_FACE ( 'NONE', ( #2576 ), #3872, .T. ) ;
#748 = VECTOR ( 'NONE', #2871, 39.37007874015748143 ) ;
#749 = CARTESIAN_POINT ( 'NONE',  ( -0.1525000000000000244, 0.1125000000000018069, -0.08000000000000001554 ) ) ;
#750 = CARTESIAN_POINT ( 'NONE',  ( -0.08300000000000004596, 0.1930000000000000049, 0.08499999999999997835 ) ) ;
#751 = CIRCLE ( 'NONE', #4173, 0.008999999999999992381 ) ;
#752 = ORIENTED_EDGE ( 'NONE', *, *, #2843, .T. ) ;
#753 = ORIENTED_EDGE ( 'NONE', *, *, #2961, .T. ) ;
#754 = VECTOR ( 'NONE', #1796, 39.37007874015748143 ) ;
#755 = LINE ( 'NONE', #3970, #3585 ) ;
#756 = ORIENTED_EDGE ( 'NONE', *, *, #1930, .T. ) ;
#757 = CARTESIAN_POINT ( 'NONE',  ( -0.1236834750241260633, 0.1175000000000017975, -0.08000000000000001554 ) ) ;
#758 = AXIS2_PLACEMENT_3D ( 'NONE', #3978, #1704, #1448 ) ;
#759 = DIRECTION ( 'NONE',  ( 0.000000000000000000, -1.000000000000000000, 0.000000000000000000 ) ) ;
#760 = ORIENTED_EDGE ( 'NONE', *, *, #1200, .T. ) ;
#761 = AXIS2_PLACEMENT_3D ( 'NONE', #1850, #1111, #127 ) ;
#762 = ORIENTED_EDGE ( 'NONE', *, *, #90, .T. ) ;
#763 = PLANE ( 'NONE',  #1944 ) ;
#764 = LINE ( 'NONE', #373, #2022 ) ;
#765 = EDGE_CURVE ( 'NONE', #2052, #1226, #917, .T. ) ;
#766 = ORIENTED_EDGE ( 'NONE', *, *, #2186, .F. ) ;
#767 = CIRCLE ( 'NONE', #491, 0.01324711866560588855 ) ;
#768 = ORIENTED_EDGE ( 'NONE', *, *, #1083, .T. ) ;
#769 = DIRECTION ( 'NONE',  ( -1.000000000000000000, 0.000000000000000000, 0.000000000000000000 ) ) ;
#770 = AXIS2_PLACEMENT_3D ( 'NONE', #318, #2327, #1649 ) ;
#771 = LINE ( 'NONE', #2991, #552 ) ;
#772 = CIRCLE ( 'NONE', #352, 0.01724711866560588169 ) ;
#773 = DIRECTION ( 'NONE',  ( 1.000000000000000000, 0.000000000000000000, 0.000000000000000000 ) ) ;
#774 = EDGE_CURVE ( 'NONE', #2119, #1988, #802, .T. ) ;
#775 = VECTOR ( 'NONE', #3220, 39.37007874015748143 ) ;
#776 = DIRECTION ( 'NONE',  ( 0.000000000000000000, 1.000000000000000000, 0.000000000000000000 ) ) ;
#777 = DIRECTION ( 'NONE',  ( 0.000000000000000000, 1.000000000000000000, 0.000000000000000000 ) ) ;
#778 = CIRCLE ( 'NONE', #4198, 0.008999999999999975034 ) ;
#779 = EDGE_CURVE ( 'NONE', #4245, #1508, #1333, .T. ) ;
#780 = VECTOR ( 'NONE', #3241, 39.37007874015748143 ) ;
#781 = ORIENTED_EDGE ( 'NONE', *, *, #1575, .T. ) ;
#782 = ORIENTED_EDGE ( 'NONE', *, *, #1230, .T. ) ;
#783 = ORIENTED_EDGE ( 'NONE', *, *, #947, .F. ) ;
#784 = CARTESIAN_POINT ( 'NONE',  ( -0.1475000000000000200, 0.1275000000000017231, 0.08000000000000001554 ) ) ;
#785 = ORIENTED_EDGE ( 'NONE', *, *, #881, .T. ) ;
#786 = LINE ( 'NONE', #875, #3783 ) ;
#787 = EDGE_CURVE ( 'NONE', #316, #2711, #4052, .T. ) ;
#788 = LINE ( 'NONE', #3091, #2608 ) ;
#789 = VERTEX_POINT ( 'NONE', #1070 ) ;
#790 = VERTEX_POINT ( 'NONE', #2741 ) ;
#791 = ORIENTED_EDGE ( 'NONE', *, *, #4137, .T. ) ;
#792 = ORIENTED_EDGE ( 'NONE', *, *, #2388, .T. ) ;
#793 = CARTESIAN_POINT ( 'NONE',  ( 0.1624999999999999778, 0.05999999999999995615, -0.08000000000000002942 ) ) ;
#794 = ORIENTED_EDGE ( 'NONE', *, *, #933, .F. ) ;
#795 = ORIENTED_EDGE ( 'NONE', *, *, #3534, .T. ) ;
#796 = CARTESIAN_POINT ( 'NONE',  ( -0.08299999999999999045, 0.1930000000000000049, -0.1150000000000000189 ) ) ;
#797 = CARTESIAN_POINT ( 'NONE',  ( 0.08557007911009124890, 0.1930000000000000049, 0.1026234464935483898 ) ) ;
#798 = CARTESIAN_POINT ( 'NONE',  ( 0.08557007911008915335, 0.1950000000000000067, -0.08000000000000007105 ) ) ;
#799 = DIRECTION ( 'NONE',  ( 1.000000000000000000, 0.000000000000000000, -0.000000000000000000 ) ) ;
#800 = PRODUCT_DEFINITION_CONTEXT ( 'detailed design', #3353, 'design' ) ;
#801 = ADVANCED_FACE ( 'NONE', ( #729 ), #56, .T. ) ;
#802 = LINE ( 'NONE', #2994, #2358 ) ;
#803 = DIRECTION ( 'NONE',  ( 0.000000000000000000, 0.000000000000000000, 1.000000000000000000 ) ) ;
#804 = EDGE_LOOP ( 'NONE', ( #2712, #470, #3227, #4084 ) ) ;
#805 = EDGE_CURVE ( 'NONE', #301, #3192, #1389, .T. ) ;
#806 = LINE ( 'NONE', #406, #3378 ) ;
#807 = VERTEX_POINT ( 'NONE', #1043 ) ;
#808 = LINE ( 'NONE', #3442, #4115 ) ;
#809 = EDGE_LOOP ( 'NONE', ( #590, #231, #2968, #1995, #2775, #512, #2059, #3401, #879 ) ) ;
#810 = VERTEX_POINT ( 'NONE', #2391 ) ;
#811 = VERTEX_POINT ( 'NONE', #1778 ) ;
#812 = ORIENTED_EDGE ( 'NONE', *, *, #3455, .T. ) ;
#813 = CARTESIAN_POINT ( 'NONE',  ( 0.08557007911008915335, 0.1950000000000000067, -0.09737655350645166297 ) ) ;
#814 = ORIENTED_EDGE ( 'NONE', *, *, #207, .T. ) ;
#815 = ORIENTED_EDGE ( 'NONE', *, *, #2575, .T. ) ;
#816 = ORIENTED_EDGE ( 'NONE', *, *, #2170, .F. ) ;
#817 = CARTESIAN_POINT ( 'NONE',  ( 0.08557007911009124890, 0.1930000000000000049, 0.1026234464935483898 ) ) ;
#818 = LINE ( 'NONE', #2533, #3428 ) ;
#819 = DIRECTION ( 'NONE',  ( -1.000000000000000000, 0.000000000000000000, 0.000000000000000000 ) ) ;
#820 = DIRECTION ( 'NONE',  ( -1.000000000000000000, 0.000000000000000000, 0.000000000000000000 ) ) ;
#821 = CARTESIAN_POINT ( 'NONE',  ( -0.08300000000000005984, 0.1930000000000000049, 0.1149999999999999911 ) ) ;
#822 = ADVANCED_FACE ( 'NONE', ( #1129 ), #121, .F. ) ;
#823 = AXIS2_PLACEMENT_3D ( 'NONE', #2213, #4162, #3812 ) ;
#824 = ORIENTED_EDGE ( 'NONE', *, *, #2372, .F. ) ;
#825 = VERTEX_POINT ( 'NONE', #1713 ) ;
#826 = CARTESIAN_POINT ( 'NONE',  ( 0.09557007911009124390, 0.1950000000000000067, 0.1113117232467741857 ) ) ;
#827 = FILL_AREA_STYLE_COLOUR ( '', #3597 ) ;
#828 = VECTOR ( 'NONE', #238, 39.37007874015748143 ) ;
#829 = DIRECTION ( 'NONE',  ( 0.000000000000000000, 0.000000000000000000, -1.000000000000000000 ) ) ;
#830 = DIRECTION ( 'NONE',  ( -1.000000000000000000, -0.000000000000000000, -0.000000000000000000 ) ) ;
#831 = EDGE_CURVE ( 'NONE', #2160, #825, #361, .T. ) ;
#832 = ORIENTED_EDGE ( 'NONE', *, *, #1655, .F. ) ;
#833 = ORIENTED_EDGE ( 'NONE', *, *, #179, .T. ) ;
#834 = AXIS2_PLACEMENT_3D ( 'NONE', #1274, #2944, #2553 ) ;
#835 = ORIENTED_EDGE ( 'NONE', *, *, #24, .T. ) ;
#836 = VERTEX_POINT ( 'NONE', #3394 ) ;
#837 = LINE ( 'NONE', #2185, #410 ) ;
#838 = AXIS2_PLACEMENT_3D ( 'NONE', #3190, #1919, #2856 ) ;
#839 = ORIENTED_EDGE ( 'NONE', *, *, #3879, .F. ) ;
#840 = VECTOR ( 'NONE', #1502, 39.37007874015748143 ) ;
#841 = EDGE_LOOP ( 'NONE', ( #1782, #2934, #4015, #3824 ) ) ;
#842 = CARTESIAN_POINT ( 'NONE',  ( -0.1624999999999999778, 1.001583930879065243E-17, -0.1089999999999999997 ) ) ;
#843 = CARTESIAN_POINT ( 'NONE',  ( 0.09557007911009124390, 0.1930000000000000049, 0.1113117232467741857 ) ) ;
#844 = LINE ( 'NONE', #4087, #626 ) ;
#845 = ADVANCED_FACE ( 'NONE', ( #1366 ), #715, .F. ) ;
#846 = VECTOR ( 'NONE', #3749, 39.37007874015748143 ) ;
#847 = CARTESIAN_POINT ( 'NONE',  ( -0.08299999999999999045, 0.1950000000000000067, -0.08500000000000001998 ) ) ;
#848 = CARTESIAN_POINT ( 'NONE',  ( -0.1000000000000000056, 0.1930000000000000049, -0.1019999999999999934 ) ) ;
#849 = AXIS2_PLACEMENT_3D ( 'NONE', #400, #2071, #1760 ) ;
#850 = DIRECTION ( 'NONE',  ( 0.000000000000000000, 1.000000000000000000, 0.000000000000000000 ) ) ;
#851 = VECTOR ( 'NONE', #2654, 39.37007874015748143 ) ;
#852 = CARTESIAN_POINT ( 'NONE',  ( -0.08300000000000004596, 0.1950000000000000067, 0.08499999999999997835 ) ) ;
#853 = AXIS2_PLACEMENT_3D ( 'NONE', #1061, #2949, #1341 ) ;
#854 = DIRECTION ( 'NONE',  ( -0.000000000000000000, -0.000000000000000000, 1.000000000000000000 ) ) ;
#855 = LINE ( 'NONE', #2444, #2217 ) ;
#856 = ORIENTED_EDGE ( 'NONE', *, *, #462, .T. ) ;
#857 = VECTOR ( 'NONE', #2357, 39.37007874015748143 ) ;
#858 = FACE_OUTER_BOUND ( 'NONE', #3077, .T. ) ;
#859 = DIRECTION ( 'NONE',  ( 1.000000000000000000, -0.000000000000000000, 0.000000000000000000 ) ) ;
#860 = ORIENTED_EDGE ( 'NONE', *, *, #3971, .T. ) ;
#861 = EDGE_CURVE ( 'NONE', #2717, #1559, #2050, .T. ) ;
#862 = EDGE_CURVE ( 'NONE', #789, #2711, #1437, .T. ) ;
#863 = DIRECTION ( 'NONE',  ( 0.000000000000000000, 1.000000000000000000, 0.000000000000000000 ) ) ;
#864 = LINE ( 'NONE', #2187, #3663 ) ;
#865 = ORIENTED_EDGE ( 'NONE', *, *, #482, .F. ) ;
#866 = EDGE_CURVE ( 'NONE', #2565, #1013, #2088, .T. ) ;
#867 = ORIENTED_EDGE ( 'NONE', *, *, #1467, .T. ) ;
#868 = LINE ( 'NONE', #2824, #1678 ) ;
#869 = DIRECTION ( 'NONE',  ( 0.000000000000000000, 0.000000000000000000, 1.000000000000000000 ) ) ;
#870 = CARTESIAN_POINT ( 'NONE',  ( 0.1161134564128507712, 0.1950000000000000067, 0.000000000000000000 ) ) ;
#871 = CARTESIAN_POINT ( 'NONE',  ( -0.1475000000000000200, 0.1275000000000017231, -0.08000000000000001554 ) ) ;
#872 = LINE ( 'NONE', #890, #685 ) ;
#873 = CARTESIAN_POINT ( 'NONE',  ( -0.1475000000000000200, 0.1125000000000018069, 0.08000000000000001554 ) ) ;
#874 = CARTESIAN_POINT ( 'NONE',  ( 0.1624999999999999778, -0.1160000000000000753, -0.09999999999999999167 ) ) ;
#875 = CARTESIAN_POINT ( 'NONE',  ( 0.000000000000000000, 0.05999999999999999084, 0.1561134564128507374 ) ) ;
#876 = DIRECTION ( 'NONE',  ( -0.7548811369798842374, 0.000000000000000000, 0.6558616233870960821 ) ) ;
#877 = ORIENTED_EDGE ( 'NONE', *, *, #1584, .T. ) ;
#878 = ORIENTED_EDGE ( 'NONE', *, *, #2547, .F. ) ;
#879 = ORIENTED_EDGE ( 'NONE', *, *, #891, .T. ) ;
#880 = DIRECTION ( 'NONE',  ( 0.000000000000000000, 0.000000000000000000, -1.000000000000000000 ) ) ;
#881 = EDGE_CURVE ( 'NONE', #3468, #2567, #2703, .T. ) ;
#882 = VERTEX_POINT ( 'NONE', #1089 ) ;
#883 = ORIENTED_EDGE ( 'NONE', *, *, #4055, .T. ) ;
#884 = VERTEX_POINT ( 'NONE', #4009 ) ;
#885 = CARTESIAN_POINT ( 'NONE',  ( 0.08557007911008915335, 0.1930000000000000049, -0.09737655350645166297 ) ) ;
#886 = DIRECTION ( 'NONE',  ( 1.000000000000000000, 0.000000000000000000, 0.000000000000000000 ) ) ;
#887 = CARTESIAN_POINT ( 'NONE',  ( -0.1250000000000000000, 0.1275000000000018063, -0.08000000000000001554 ) ) ;
#888 = EDGE_CURVE ( 'NONE', #1226, #884, #4054, .T. ) ;
#889 = LINE ( 'NONE', #2208, #1889 ) ;
#890 = CARTESIAN_POINT ( 'NONE',  ( 0.08557007911009124890, 0.1930000000000000049, 0.1026234464935483898 ) ) ;
#891 = EDGE_CURVE ( 'NONE', #1969, #2598, #350, .T. ) ;
#892 = EDGE_LOOP ( 'NONE', ( #2243, #3822, #2011, #1638 ) ) ;
#893 = CARTESIAN_POINT ( 'NONE',  ( 0.1475000000000000200, 0.1125000000000018069, -0.08000000000000001554 ) ) ;
#894 = CYLINDRICAL_SURFACE ( 'NONE', #1203, 0.008999999999999992381 ) ;
#895 = CARTESIAN_POINT ( 'NONE',  ( 0.08557007911008915335, 0.1930000000000000049, -0.08000000000000007105 ) ) ;
#896 = VECTOR ( 'NONE', #1219, 39.37007874015748143 ) ;
#897 = ORIENTED_EDGE ( 'NONE', *, *, #947, .T. ) ;
#898 = VECTOR ( 'NONE', #3695, 39.37007874015748143 ) ;
#899 = ORIENTED_EDGE ( 'NONE', *, *, #3763, .T. ) ;
#900 = LENGTH_MEASURE_WITH_UNIT ( LENGTH_MEASURE( 0.02539999999999999897 ), #3894 );
#901 = CIRCLE ( 'NONE', #3974, 0.004999999999999981022 ) ;
#902 = ORIENTED_EDGE ( 'NONE', *, *, #1257, .T. ) ;
#903 = ORIENTED_EDGE ( 'NONE', *, *, #1386, .F. ) ;
#904 = AXIS2_PLACEMENT_3D ( 'NONE', #2359, #2687, #2316 ) ;
#905 = FACE_OUTER_BOUND ( 'NONE', #4061, .T. ) ;
#906 = FACE_OUTER_BOUND ( 'NONE', #841, .T. ) ;
#907 = FACE_OUTER_BOUND ( 'NONE', #129, .T. ) ;
#908 = AXIS2_PLACEMENT_3D ( 'NONE', #1370, #1739, #2006 ) ;
#909 = DIRECTION ( 'NONE',  ( -0.1305261922200491032, 0.9914448613738107152, -0.000000000000000000 ) ) ;
#910 = PLANE ( 'NONE',  #2147 ) ;
#911 = AXIS2_PLACEMENT_3D ( 'NONE', #1477, #2763, #3986 ) ;
#912 = EDGE_LOOP ( 'NONE', ( #3056, #3955, #3270, #3069, #215, #2918 ) ) ;
#913 = AXIS2_PLACEMENT_3D ( 'NONE', #1169, #518, #1842 ) ;
#914 = DIRECTION ( 'NONE',  ( -1.000000000000000000, 0.000000000000000000, 0.000000000000000000 ) ) ;
#915 = DIRECTION ( 'NONE',  ( 5.691349986800547879E-16, -0.000000000000000000, -1.000000000000000000 ) ) ;
#916 = ADVANCED_FACE ( 'NONE', ( #2658 ), #3352, .T. ) ;
#917 = CIRCLE ( 'NONE', #3793, 0.01324711866560588855 ) ;
#918 = PLANE ( 'NONE',  #2812 ) ;
#919 = AXIS2_PLACEMENT_3D ( 'NONE', #1064, #418, #769 ) ;
#920 = ORIENTED_EDGE ( 'NONE', *, *, #2820, .T. ) ;
#921 = EDGE_CURVE ( 'NONE', #3518, #3493, #3062, .T. ) ;
#922 = LENGTH_MEASURE_WITH_UNIT ( LENGTH_MEASURE( 0.02539999999999999897 ), #945 );
#923 = STYLED_ITEM ( 'NONE', ( #3957 ), #1573 ) ;
#924 = AXIS2_PLACEMENT_3D ( 'NONE', #458, #509, #436 ) ;
#925 = ORIENTED_EDGE ( 'NONE', *, *, #3345, .T. ) ;
#926 = ORIENTED_EDGE ( 'NONE', *, *, #451, .F. ) ;
#927 = DIRECTION ( 'NONE',  ( -1.000000000000000000, -1.437814733507495799E-16, 0.000000000000000000 ) ) ;
#928 = CARTESIAN_POINT ( 'NONE',  ( -0.1475000000000000200, 0.1125000000000018069, 0.08000000000000001554 ) ) ;
#929 = LINE ( 'NONE', #1662, #2231 ) ;
#930 = DIRECTION ( 'NONE',  ( -0.000000000000000000, -0.000000000000000000, -1.000000000000000000 ) ) ;
#931 = DIRECTION ( 'NONE',  ( 0.000000000000000000, 0.000000000000000000, 1.000000000000000000 ) ) ;
#932 = CARTESIAN_POINT ( 'NONE',  ( -0.08299999999999999045, 0.1930000000000000049, -0.1019999999999999934 ) ) ;
#933 = EDGE_CURVE ( 'NONE', #702, #337, #2474, .T. ) ;
#934 = EDGE_LOOP ( 'NONE', ( #3791, #3121, #1312, #1402 ) ) ;
#935 = EDGE_CURVE ( 'NONE', #1164, #2836, #10, .T. ) ;
#936 = CARTESIAN_POINT ( 'NONE',  ( 0.1624999999999999778, -0.1160000000000000753, 0.09999999999999999167 ) ) ;
#937 = DIRECTION ( 'NONE',  ( 1.000000000000000000, -0.000000000000000000, -0.000000000000000000 ) ) ;
#938 = LINE ( 'NONE', #1040, #3510 ) ;
#939 = APPLICATION_PROTOCOL_DEFINITION ( 'draft international standard', 'automotive_design', 1998, #3353 ) ;
#940 = EDGE_CURVE ( 'NONE', #3355, #3261, #4090, .T. ) ;
#941 = ORIENTED_EDGE ( 'NONE', *, *, #3891, .F. ) ;
#942 = CARTESIAN_POINT ( 'NONE',  ( 0.1624999999999999778, 0.05999999999999995615, -0.08000000000000002942 ) ) ;
#943 = ORIENTED_EDGE ( 'NONE', *, *, #4042, .T. ) ;
#944 = DIRECTION ( 'NONE',  ( -3.794233324533693590E-15, -1.000000000000000000, 0.000000000000000000 ) ) ;
#945 =( LENGTH_UNIT ( ) NAMED_UNIT ( * ) SI_UNIT ( $, .METRE. ) );
#946 = VERTEX_POINT ( 'NONE', #2845 ) ;
#947 = EDGE_CURVE ( 'NONE', #1961, #1349, #2193, .T. ) ;
#948 = ORIENTED_EDGE ( 'NONE', *, *, #2660, .F. ) ;
#949 = EDGE_LOOP ( 'NONE', ( #2246, #2097, #4239, #1270 ) ) ;
#950 = LENGTH_MEASURE_WITH_UNIT ( LENGTH_MEASURE( 0.02539999999999999897 ), #970 );
#951 = DIRECTION ( 'NONE',  ( -1.000000000000000000, 0.000000000000000000, 0.000000000000000000 ) ) ;
#952 = CARTESIAN_POINT ( 'NONE',  ( -0.1000000000000000056, 0.1930000000000000049, -0.09800000000000001765 ) ) ;
#953 = DIRECTION ( 'NONE',  ( 0.000000000000000000, 1.000000000000000000, 0.000000000000000000 ) ) ;
#954 = DIRECTION ( 'NONE',  ( 1.000000000000000000, -0.000000000000000000, 0.000000000000000000 ) ) ;
#955 = ORIENTED_EDGE ( 'NONE', *, *, #1700, .T. ) ;
#956 = CARTESIAN_POINT ( 'NONE',  ( -0.1624999999999999778, 0.1125000000000018069, 0.08000000000000001554 ) ) ;
#957 = DIRECTION ( 'NONE',  ( -0.000000000000000000, -0.000000000000000000, 1.000000000000000000 ) ) ;
#958 = CARTESIAN_POINT ( 'NONE',  ( 0.08255055456216964238, 0.1950000000000000067, -0.1173765535064516252 ) ) ;
#959 = LINE ( 'NONE', #3223, #2106 ) ;
#960 = ADVANCED_FACE ( 'NONE', ( #3460 ), #1498, .F. ) ;
#961 = ORIENTED_EDGE ( 'NONE', *, *, #4181, .F. ) ;
#962 = VERTEX_POINT ( 'NONE', #847 ) ;
#963 = CARTESIAN_POINT ( 'NONE',  ( 0.1250000000000000000, 0.1274999999999982536, -0.1650000000000000633 ) ) ;
#964 = PLANE ( 'NONE',  #1597 ) ;
#965 = EDGE_CURVE ( 'NONE', #1349, #2797, #1540, .T. ) ;
#966 = PLANE ( 'NONE',  #204 ) ;
#967 = VERTEX_POINT ( 'NONE', #4139 ) ;
#968 = EDGE_LOOP ( 'NONE', ( #4220, #4105, #3009, #1560 ) ) ;
#969 = EDGE_LOOP ( 'NONE', ( #2060, #2814, #3999, #2939 ) ) ;
#970 =( LENGTH_UNIT ( ) NAMED_UNIT ( * ) SI_UNIT ( $, .METRE. ) );
#971 = FACE_OUTER_BOUND ( 'NONE', #332, .T. ) ;
#972 = EDGE_CURVE ( 'NONE', #2361, #3014, #2828, .T. ) ;
#973 = VECTOR ( 'NONE', #12, 39.37007874015748143 ) ;
#974 = CARTESIAN_POINT ( 'NONE',  ( -0.1000000000000000056, 0.1950000000000000067, -0.1019999999999999934 ) ) ;
#975 = ORIENTED_EDGE ( 'NONE', *, *, #2258, .F. ) ;
#976 = VECTOR ( 'NONE', #2966, 39.37007874015748143 ) ;
#977 = ORIENTED_EDGE ( 'NONE', *, *, #376, .T. ) ;
#978 = ORIENTED_EDGE ( 'NONE', *, *, #2164, .T. ) ;
#979 = DIRECTION ( 'NONE',  ( -1.000000000000000000, 0.000000000000000000, 0.000000000000000000 ) ) ;
#980 = LINE ( 'NONE', #2268, #1177 ) ;
#981 = EDGE_CURVE ( 'NONE', #3922, #1431, #2174, .T. ) ;
#982 = ORIENTED_EDGE ( 'NONE', *, *, #708, .F. ) ;
#983 = VECTOR ( 'NONE', #3161, 39.37007874015748143 ) ;
#984 = CARTESIAN_POINT ( 'NONE',  ( 0.1624999999999999778, -3.450877529173771473E-17, -0.09100000000000001144 ) ) ;
#985 = LINE ( 'NONE', #1610, #1309 ) ;
#986 = ORIENTED_EDGE ( 'NONE', *, *, #3806, .T. ) ;
#987 = CARTESIAN_POINT ( 'NONE',  ( 0.08255055456217171017, 0.1930000000000000049, 0.1000000000000000194 ) ) ;
#988 = LINE ( 'NONE', #1964, #80 ) ;
#989 = AXIS2_PLACEMENT_3D ( 'NONE', #3022, #1807, #3681 ) ;
#990 = ORIENTED_EDGE ( 'NONE', *, *, #514, .T. ) ;
#991 = LINE ( 'NONE', #304, #2819 ) ;
#992 = ADVANCED_FACE ( 'NONE', ( #1513 ), #4157, .F. ) ;
#993 = ADVANCED_FACE ( 'NONE', ( #1149 ), #2804, .F. ) ;
#994 = ORIENTED_EDGE ( 'NONE', *, *, #3548, .F. ) ;
#995 =( NAMED_UNIT ( * ) SI_UNIT ( $, .STERADIAN. ) SOLID_ANGLE_UNIT ( ) );
#996 = AXIS2_PLACEMENT_3D ( 'NONE', #3406, #2761, #3194 ) ;
#997 = CARTESIAN_POINT ( 'NONE',  ( -0.1000000000000000056, 0.1930000000000000049, -0.1019999999999999934 ) ) ;
#998 = DIRECTION ( 'NONE',  ( 0.000000000000000000, -0.000000000000000000, 1.000000000000000000 ) ) ;
#999 = CARTESIAN_POINT ( 'NONE',  ( -0.08299999999999999045, 0.1930000000000000049, -0.08500000000000001998 ) ) ;
#1000 = EDGE_CURVE ( 'NONE', #337, #2585, #142, .T. ) ;
#1001 = VERTEX_POINT ( 'NONE', #2766 ) ;
#1002 = VERTEX_POINT ( 'NONE', #3413 ) ;
#1003 = LINE ( 'NONE', #1316, #1337 ) ;
#1004 = DIRECTION ( 'NONE',  ( -0.000000000000000000, -0.000000000000000000, -1.000000000000000000 ) ) ;
#1005 = ADVANCED_FACE ( 'NONE', ( #467 ), #3479, .T. ) ;
#1006 = CARTESIAN_POINT ( 'NONE',  ( -0.08700000000000000788, 0.1930000000000000049, -0.1019999999999999934 ) ) ;
#1007 = CARTESIAN_POINT ( 'NONE',  ( -0.08300000000000004596, 0.1950000000000000067, 0.08499999999999997835 ) ) ;
#1008 = VERTEX_POINT ( 'NONE', #1480 ) ;
#1009 = EDGE_LOOP ( 'NONE', ( #1746, #65, #3198, #3317 ) ) ;
#1010 = DIRECTION ( 'NONE',  ( 1.000000000000000000, 0.000000000000000000, 0.000000000000000000 ) ) ;
#1011 = PLANE ( 'NONE',  #2743 ) ;
#1012 = VERTEX_POINT ( 'NONE', #2454 ) ;
#1013 = VERTEX_POINT ( 'NONE', #3153 ) ;
#1014 =( NAMED_UNIT ( * ) SI_UNIT ( $, .STERADIAN. ) SOLID_ANGLE_UNIT ( ) );
#1015 = DIRECTION ( 'NONE',  ( 0.1294283079955605154, 0.9831056027603609637, -0.1294283079955607929 ) ) ;
#1016 = FACE_OUTER_BOUND ( 'NONE', #2788, .T. ) ;
#1017 = ORIENTED_EDGE ( 'NONE', *, *, #1899, .F. ) ;
#1018 = CARTESIAN_POINT ( 'NONE',  ( 0.08255055456217171017, 0.1930000000000000049, 0.1000000000000000194 ) ) ;
#1019 = CARTESIAN_POINT ( 'NONE',  ( -0.1625000000000000056, -0.1250000000000000278, 0.1200000000000000233 ) ) ;
#1020 = FACE_OUTER_BOUND ( 'NONE', #3208, .T. ) ;
#1021 = ADVANCED_FACE ( 'NONE', ( #196 ), #1215, .T. ) ;
#1022 = PLANE ( 'NONE',  #630 ) ;
#1023 = LINE ( 'NONE', #3315, #469 ) ;
#1024 = EDGE_CURVE ( 'NONE', #450, #2757, #889, .T. ) ;
#1025 = ORIENTED_EDGE ( 'NONE', *, *, #3666, .T. ) ;
#1026 = ORIENTED_EDGE ( 'NONE', *, *, #1145, .T. ) ;
#1027 = DIRECTION ( 'NONE',  ( 0.000000000000000000, 1.000000000000000000, 0.000000000000000000 ) ) ;
#1028 = CARTESIAN_POINT ( 'NONE',  ( 0.09557007911008916223, 0.1930000000000000049, -0.08868827675322586701 ) ) ;
#1029 = EDGE_CURVE ( 'NONE', #1811, #438, #2148, .T. ) ;
#1030 = ORIENTED_EDGE ( 'NONE', *, *, #2652, .F. ) ;
#1031 = VERTEX_POINT ( 'NONE', #3885 ) ;
#1032 = ORIENTED_EDGE ( 'NONE', *, *, #2768, .T. ) ;
#1033 = AXIS2_PLACEMENT_3D ( 'NONE', #3730, #3137, #476 ) ;
#1034 = DIRECTION ( 'NONE',  ( 1.000000000000000000, 0.000000000000000000, 0.000000000000000000 ) ) ;
#1035 = DIRECTION ( 'NONE',  ( 0.000000000000000000, 1.000000000000000000, 0.000000000000000000 ) ) ;
#1036 = EDGE_LOOP ( 'NONE', ( #3256, #760, #3735, #3897 ) ) ;
#1037 = VECTOR ( 'NONE', #1417, 39.37007874015748143 ) ;
#1038 = DIRECTION ( 'NONE',  ( 5.691349986800547879E-16, 0.000000000000000000, -1.000000000000000000 ) ) ;
#1039 = LINE ( 'NONE', #465, #130 ) ;
#1040 = CARTESIAN_POINT ( 'NONE',  ( 0.1236834750241260633, 0.1175000000000017975, 0.08000000000000001554 ) ) ;
#1041 = ORIENTED_EDGE ( 'NONE', *, *, #4175, .F. ) ;
#1042 = AXIS2_PLACEMENT_3D ( 'NONE', #1363, #2655, #1728 ) ;
#1043 = CARTESIAN_POINT ( 'NONE',  ( -0.08299999999999999045, 0.1950000000000000067, -0.1019999999999999934 ) ) ;
#1044 = LINE ( 'NONE', #4229, #3149 ) ;
#1045 = PRESENTATION_LAYER_ASSIGNMENT (  '', '', ( #3228 ) ) ;
#1046 = AXIS2_PLACEMENT_3D ( 'NONE', #1831, #3813, #3114 ) ;
#1047 = EDGE_LOOP ( 'NONE', ( #1834, #1320, #2778, #1943 ) ) ;
#1048 = CARTESIAN_POINT ( 'NONE',  ( 0.08255055456217172405, 0.1930000000000000049, 0.08262344649354842752 ) ) ;
#1049 = FACE_OUTER_BOUND ( 'NONE', #3705, .T. ) ;
#1050 = VECTOR ( 'NONE', #160, 39.37007874015748854 ) ;
#1051 = ORIENTED_EDGE ( 'NONE', *, *, #289, .T. ) ;
#1052 = ORIENTED_EDGE ( 'NONE', *, *, #2457, .T. ) ;
#1053 = AXIS2_PLACEMENT_3D ( 'NONE', #826, #2152, #1829 ) ;
#1054 = EDGE_LOOP ( 'NONE', ( #1206, #2970, #456, #1680 ) ) ;
#1055 = DIRECTION ( 'NONE',  ( -1.000000000000000000, -3.794233324533693590E-15, -0.000000000000000000 ) ) ;
#1056 = FACE_OUTER_BOUND ( 'NONE', #3605, .T. ) ;
#1057 = DIRECTION ( 'NONE',  ( 1.000000000000000000, 0.000000000000000000, 0.000000000000000000 ) ) ;
#1058 = CARTESIAN_POINT ( 'NONE',  ( -0.1475000000000000200, 0.1175000000000017975, -0.08000000000000001554 ) ) ;
#1059 = VECTOR ( 'NONE', #3129, 39.37007874015748143 ) ;
#1060 = EDGE_LOOP ( 'NONE', ( #4257, #3277, #4223, #3667 ) ) ;
#1061 = CARTESIAN_POINT ( 'NONE',  ( 0.08557007911008915335, 0.1930000000000000049, -0.08000000000000007105 ) ) ;
#1062 = AXIS2_PLACEMENT_3D ( 'NONE', #3103, #2780, #3173 ) ;
#1063 = PRESENTATION_LAYER_ASSIGNMENT (  '', '', ( #2627 ) ) ;
#1064 = CARTESIAN_POINT ( 'NONE',  ( -0.1475000000000000200, 0.1125000000000018069, -0.08000000000000001554 ) ) ;
#1065 =( NAMED_UNIT ( * ) PLANE_ANGLE_UNIT ( ) SI_UNIT ( $, .RADIAN. ) );
#1066 = LINE ( 'NONE', #1452, #2211 ) ;
#1067 = LINE ( 'NONE', #2375, #1880 ) ;
#1068 = VERTEX_POINT ( 'NONE', #2267 ) ;
#1069 = AXIS2_PLACEMENT_3D ( 'NONE', #893, #2196, #1196 ) ;
#1070 = CARTESIAN_POINT ( 'NONE',  ( -0.08700000000000004952, 0.1930000000000000049, 0.1149999999999999911 ) ) ;
#1071 = DIRECTION ( 'NONE',  ( 0.000000000000000000, 0.000000000000000000, 1.000000000000000000 ) ) ;
#1072 = EDGE_CURVE ( 'NONE', #2478, #1854, #2571, .T. ) ;
#1073 = ORIENTED_EDGE ( 'NONE', *, *, #577, .F. ) ;
#1074 = DIRECTION ( 'NONE',  ( 0.000000000000000000, -1.000000000000000000, 0.000000000000000000 ) ) ;
#1075 = PLANE ( 'NONE',  #623 ) ;
#1076 = EDGE_CURVE ( 'NONE', #478, #1637, #3903, .T. ) ;
#1077 = ORIENTED_EDGE ( 'NONE', *, *, #1942, .F. ) ;
#1078 = ORIENTED_EDGE ( 'NONE', *, *, #37, .T. ) ;
#1079 = LINE ( 'NONE', #371, #2111 ) ;
#1080 = LINE ( 'NONE', #111, #2735 ) ;
#1081 = CARTESIAN_POINT ( 'NONE',  ( 0.1525000000000000244, -0.1160000000000000753, 0.09999999999999999167 ) ) ;
#1082 = DIMENSIONAL_EXPONENTS ( 1.000000000000000000, 0.000000000000000000, 0.000000000000000000, 0.000000000000000000, 0.000000000000000000, 0.000000000000000000, 0.000000000000000000 ) ;
#1083 = EDGE_CURVE ( 'NONE', #1115, #3051, #1474, .T. ) ;
#1084 = ORIENTED_EDGE ( 'NONE', *, *, #37, .F. ) ;
#1085 = VERTEX_POINT ( 'NONE', #3614 ) ;
#1086 = DIRECTION ( 'NONE',  ( -1.000000000000000000, 0.000000000000000000, 0.000000000000000000 ) ) ;
#1087 = CARTESIAN_POINT ( 'NONE',  ( -0.1525000000000000244, 0.1107927976350460836, 0.07068798710024160048 ) ) ;
#1088 = PLANE ( 'NONE',  #2550 ) ;
#1089 = CARTESIAN_POINT ( 'NONE',  ( -0.1525000000000000244, 8.578024575283165264E-18, -0.1089999999999999997 ) ) ;
#1090 = CARTESIAN_POINT ( 'NONE',  ( -0.1525000000000000244, -0.1250000000000000000, -0.09999999999999999167 ) ) ;
#1091 = DIRECTION ( 'NONE',  ( 0.000000000000000000, 0.000000000000000000, -1.000000000000000000 ) ) ;
#1092 = EDGE_CURVE ( 'NONE', #1159, #1487, #2290, .T. ) ;
#1093 = ORIENTED_EDGE ( 'NONE', *, *, #1950, .F. ) ;
#1094 = CARTESIAN_POINT ( 'NONE',  ( 0.1475000000000000200, 0.1125000000000018069, 0.08000000000000001554 ) ) ;
#1095 = ORIENTED_EDGE ( 'NONE', *, *, #1565, .F. ) ;
#1096 = ORIENTED_EDGE ( 'NONE', *, *, #2916, .T. ) ;
#1097 = ADVANCED_FACE ( 'NONE', ( #3925 ), #2234, .T. ) ;
#1098 = DIRECTION ( 'NONE',  ( -1.000000000000000000, 0.000000000000000000, 0.000000000000000000 ) ) ;
#1099 = CARTESIAN_POINT ( 'NONE',  ( 0.09557007911008916223, 0.1930000000000000049, -0.08868827675322586701 ) ) ;
#1100 = ADVANCED_FACE ( 'NONE', ( #3543 ), #4204, .F. ) ;
#1101 = CARTESIAN_POINT ( 'NONE',  ( 0.1624999999999999778, 0.05999999999999995615, 0.08000000000000002942 ) ) ;
#1102 = DIRECTION ( 'NONE',  ( -0.000000000000000000, 1.000000000000000000, -0.000000000000000000 ) ) ;
#1103 = CARTESIAN_POINT ( 'NONE',  ( -0.08299999999999999045, 0.1930000000000000049, -0.1019999999999999934 ) ) ;
#1104 = EDGE_CURVE ( 'NONE', #2900, #3286, #646, .T. ) ;
#1105 = DIRECTION ( 'NONE',  ( 0.000000000000000000, 0.000000000000000000, 1.000000000000000000 ) ) ;
#1106 = DIRECTION ( 'NONE',  ( 0.000000000000000000, 1.000000000000000000, 0.000000000000000000 ) ) ;
#1107 = AXIS2_PLACEMENT_3D ( 'NONE', #1457, #1481, #1734 ) ;
#1108 = VECTOR ( 'NONE', #2348, 39.37007874015748143 ) ;
#1109 = CARTESIAN_POINT ( 'NONE',  ( 0.09557007911008916223, 0.1950000000000000067, -0.08868827675322586701 ) ) ;
#1110 = ORIENTED_EDGE ( 'NONE', *, *, #3018, .F. ) ;
#1111 = DIRECTION ( 'NONE',  ( 0.000000000000000000, -1.000000000000000000, 0.000000000000000000 ) ) ;
#1112 =( NAMED_UNIT ( * ) SI_UNIT ( $, .STERADIAN. ) SOLID_ANGLE_UNIT ( ) );
#1113 = CIRCLE ( 'NONE', #557, 0.008999999999999975034 ) ;
#1114 = ORIENTED_EDGE ( 'NONE', *, *, #1076, .F. ) ;
#1115 = VERTEX_POINT ( 'NONE', #598 ) ;
#1116 = AXIS2_PLACEMENT_3D ( 'NONE', #2770, #1156, #4059 ) ;
#1117 = CYLINDRICAL_SURFACE ( 'NONE', #2490, 0.01724711866560588169 ) ;
#1118 = CYLINDRICAL_SURFACE ( 'NONE', #63, 0.008999999999999992381 ) ;
#1119 = CARTESIAN_POINT ( 'NONE',  ( 0.09557007911008916223, 0.1950000000000000067, -0.08868827675322586701 ) ) ;
#1120 = ORIENTED_EDGE ( 'NONE', *, *, #2734, .F. ) ;
#1121 = ORIENTED_EDGE ( 'NONE', *, *, #2764, .F. ) ;
#1122 = FACE_OUTER_BOUND ( 'NONE', #354, .T. ) ;
#1123 = VECTOR ( 'NONE', #1932, 39.37007874015748143 ) ;
#1124 = DIRECTION ( 'NONE',  ( -1.000000000000000000, 1.437814733507495799E-16, -0.000000000000000000 ) ) ;
#1125 = DIRECTION ( 'NONE',  ( 0.000000000000000000, -0.9836065573770491621, -0.1803278688524587448 ) ) ;
#1126 = ADVANCED_FACE ( 'NONE', ( #1277 ), #1979, .T. ) ;
#1127 = ADVANCED_FACE ( 'NONE', ( #3217 ), #314, .F. ) ;
#1128 = FACE_OUTER_BOUND ( 'NONE', #3591, .T. ) ;
#1129 = FACE_OUTER_BOUND ( 'NONE', #912, .T. ) ;
#1130 = DIRECTION ( 'NONE',  ( -1.000000000000000000, 0.000000000000000000, -0.000000000000000000 ) ) ;
#1131 = EDGE_CURVE ( 'NONE', #498, #2380, #330, .T. ) ;
#1132 = ORIENTED_EDGE ( 'NONE', *, *, #2124, .F. ) ;
#1133 = CARTESIAN_POINT ( 'NONE',  ( -0.1525000000000000244, 0.05999999999999999778, 0.1200000000000000233 ) ) ;
#1134 = VERTEX_POINT ( 'NONE', #2930 ) ;
#1135 = CARTESIAN_POINT ( 'NONE',  ( 0.1624999999999999778, -3.671313953020295178E-17, -0.1089999999999999997 ) ) ;
#1136 = ORIENTED_EDGE ( 'NONE', *, *, #935, .F. ) ;
#1137 = ORIENTED_EDGE ( 'NONE', *, *, #1280, .F. ) ;
#1138 = ORIENTED_EDGE ( 'NONE', *, *, #3795, .T. ) ;
#1139 = ORIENTED_EDGE ( 'NONE', *, *, #1629, .T. ) ;
#1140 = CARTESIAN_POINT ( 'NONE',  ( -0.1624999999999999778, -0.1160000000000000198, -0.09999999999999999167 ) ) ;
#1141 = EDGE_LOOP ( 'NONE', ( #920, #2273, #3025, #781 ) ) ;
#1142 = ORIENTED_EDGE ( 'NONE', *, *, #3756, .T. ) ;
#1143 = ORIENTED_EDGE ( 'NONE', *, *, #3895, .T. ) ;
#1144 = DIRECTION ( 'NONE',  ( -1.437814733507495799E-16, 1.000000000000000000, 0.000000000000000000 ) ) ;
#1145 = EDGE_CURVE ( 'NONE', #1400, #398, #11, .T. ) ;
#1146 = FILL_AREA_STYLE ('',( #97 ) ) ;
#1147 = CARTESIAN_POINT ( 'NONE',  ( -0.1250000000000000000, 0.1275000000000018063, -0.1200000000000000233 ) ) ;
#1148 = CARTESIAN_POINT ( 'NONE',  ( 0.1161134564128507712, 0.1950000000000000067, 0.1561134564128507374 ) ) ;
#1149 = FACE_OUTER_BOUND ( 'NONE', #3294, .T. ) ;
#1150 = DIRECTION ( 'NONE',  ( -1.000000000000000000, 0.000000000000000000, 0.000000000000000000 ) ) ;
#1151 = EDGE_CURVE ( 'NONE', #1354, #2929, #619, .T. ) ;
#1152 = ORIENTED_EDGE ( 'NONE', *, *, #251, .F. ) ;
#1153 = PLANE ( 'NONE',  #1053 ) ;
#1154 = DIRECTION ( 'NONE',  ( -0.7548811369798864579, -0.000000000000000000, 0.6558616233870936396 ) ) ;
#1155 = EDGE_CURVE ( 'NONE', #2531, #700, #1003, .T. ) ;
#1156 = DIRECTION ( 'NONE',  ( 0.9914448613738107152, -0.1305261922200490754, 0.000000000000000000 ) ) ;
#1157 = LINE ( 'NONE', #2792, #4179 ) ;
#1158 = ORIENTED_EDGE ( 'NONE', *, *, #695, .F. ) ;
#1159 = VERTEX_POINT ( 'NONE', #2619 ) ;
#1160 = EDGE_LOOP ( 'NONE', ( #262, #2398, #3321, #2401, #3280, #367, #4049, #2859, #2997, #3269, #642, #3815 ) ) ;
#1161 = ADVANCED_FACE ( 'NONE', ( #293 ), #1624, .F. ) ;
#1162 = DIRECTION ( 'NONE',  ( 0.000000000000000000, 0.000000000000000000, -1.000000000000000000 ) ) ;
#1163 = CARTESIAN_POINT ( 'NONE',  ( 0.08255055456216962850, 0.1950000000000000067, -0.1000000000000000194 ) ) ;
#1164 = VERTEX_POINT ( 'NONE', #3945 ) ;
#1165 = VERTEX_POINT ( 'NONE', #581 ) ;
#1166 = EDGE_LOOP ( 'NONE', ( #4125, #150, #1833, #3233 ) ) ;
#1167 = CARTESIAN_POINT ( 'NONE',  ( 0.07255055456217171517, 0.1930000000000000049, 0.09131172324677422347 ) ) ;
#1168 = CARTESIAN_POINT ( 'NONE',  ( 0.1525000000000000244, -0.1160000000000000753, 0.09999999999999999167 ) ) ;
#1169 = CARTESIAN_POINT ( 'NONE',  ( 0.1624999999999999778, -0.1160000000000000753, 0.09999999999999999167 ) ) ;
#1170 = CARTESIAN_POINT ( 'NONE',  ( -0.1625000000000000056, -0.1250000000000000278, -0.08000000000000001554 ) ) ;
#1171 = DIRECTION ( 'NONE',  ( 0.000000000000000000, 0.000000000000000000, -1.000000000000000000 ) ) ;
#1172 = VECTOR ( 'NONE', #1367, 39.37007874015748143 ) ;
#1173 = VERTEX_POINT ( 'NONE', #3199 ) ;
#1174 = ORIENTED_EDGE ( 'NONE', *, *, #1104, .F. ) ;
#1175 = LINE ( 'NONE', #3811, #5 ) ;
#1176 = LINE ( 'NONE', #3833, #643 ) ;
#1177 = VECTOR ( 'NONE', #3926, 39.37007874015748143 ) ;
#1178 = DIRECTION ( 'NONE',  ( -1.000000000000000000, 0.000000000000000000, 0.000000000000000000 ) ) ;
#1179 = CARTESIAN_POINT ( 'NONE',  ( -0.1475000000000000200, 0.1125000000000018069, 0.08000000000000001554 ) ) ;
#1180 = ORIENTED_EDGE ( 'NONE', *, *, #738, .T. ) ;
#1181 = EDGE_CURVE ( 'NONE', #3014, #608, #2172, .T. ) ;
#1182 = CIRCLE ( 'NONE', #3156, 0.01724711866560588169 ) ;
#1183 = ORIENTED_EDGE ( 'NONE', *, *, #2458, .T. ) ;
#1184 = COLOUR_RGB ( '',0.7921568627450980005, 0.8196078431372548767, 0.9333333333333333481 ) ;
#1185 = VECTOR ( 'NONE', #1692, 39.37007874015748143 ) ;
#1186 = ORIENTED_EDGE ( 'NONE', *, *, #921, .F. ) ;
#1187 = ORIENTED_EDGE ( 'NONE', *, *, #3499, .T. ) ;
#1188 = DIRECTION ( 'NONE',  ( -0.000000000000000000, 1.000000000000000000, -0.000000000000000000 ) ) ;
#1189 = DIRECTION ( 'NONE',  ( -0.000000000000000000, -0.000000000000000000, -1.000000000000000000 ) ) ;
#1190 = LINE ( 'NONE', #2534, #2817 ) ;
#1191 = VECTOR ( 'NONE', #3213, 39.37007874015748143 ) ;
#1192 = CIRCLE ( 'NONE', #275, 0.004999999999999981022 ) ;
#1193 = DIRECTION ( 'NONE',  ( -1.437814733507495799E-16, -1.000000000000000000, -0.000000000000000000 ) ) ;
#1194 = PLANE ( 'NONE',  #1382 ) ;
#1195 = VECTOR ( 'NONE', #2976, 39.37007874015748143 ) ;
#1196 = DIRECTION ( 'NONE',  ( -1.000000000000000000, 0.000000000000000000, 0.000000000000000000 ) ) ;
#1197 = VECTOR ( 'NONE', #724, 39.37007874015748143 ) ;
#1198 = FACE_OUTER_BOUND ( 'NONE', #4238, .T. ) ;
#1199 = AXIS2_PLACEMENT_3D ( 'NONE', #3997, #759, #2336 ) ;
#1200 = EDGE_CURVE ( 'NONE', #2131, #1013, #1689, .T. ) ;
#1201 = FACE_OUTER_BOUND ( 'NONE', #2857, .T. ) ;
#1202 = CARTESIAN_POINT ( 'NONE',  ( -0.1475000000000000200, 0.1125000000000018069, -0.08000000000000001554 ) ) ;
#1203 = AXIS2_PLACEMENT_3D ( 'NONE', #874, #4185, #1548 ) ;
#1204 = EDGE_LOOP ( 'NONE', ( #1137, #4097, #3141, #1136, #941, #3415 ) ) ;
#1205 = VECTOR ( 'NONE', #4029, 39.37007874015748143 ) ;
#1206 = ORIENTED_EDGE ( 'NONE', *, *, #473, .F. ) ;
#1207 = EDGE_CURVE ( 'NONE', #2902, #1986, #3716, .T. ) ;
#1208 = CARTESIAN_POINT ( 'NONE',  ( -0.1161134564128507574, 0.05999999999999999084, -0.1561134564128507929 ) ) ;
#1209 = EDGE_CURVE ( 'NONE', #3111, #1134, #2046, .T. ) ;
#1210 = VERTEX_POINT ( 'NONE', #3348 ) ;
#1211 = CARTESIAN_POINT ( 'NONE',  ( 0.07255055456216963350, 0.1930000000000000049, -0.1086882767532258293 ) ) ;
#1212 = CARTESIAN_POINT ( 'NONE',  ( 0.07255055456216963350, 0.1950000000000000067, -0.1086882767532258293 ) ) ;
#1213 = EDGE_CURVE ( 'NONE', #3560, #2564, #4005, .T. ) ;
#1214 = FACE_OUTER_BOUND ( 'NONE', #3862, .T. ) ;
#1215 = PLANE ( 'NONE',  #566 ) ;
#1216 = CARTESIAN_POINT ( 'NONE',  ( -0.1250000000000000000, 0.1275000000000018063, 0.1649999999999999800 ) ) ;
#1217 = ORIENTED_EDGE ( 'NONE', *, *, #446, .F. ) ;
#1218 = CARTESIAN_POINT ( 'NONE',  ( 0.1250000000000000000, 0.1275000000000018063, 0.08000000000000001554 ) ) ;
#1219 = DIRECTION ( 'NONE',  ( -0.000000000000000000, -0.000000000000000000, 1.000000000000000000 ) ) ;
#1220 = CARTESIAN_POINT ( 'NONE',  ( 0.1250000000000000000, 0.1275000000000018063, 0.1649999999999999800 ) ) ;
#1221 = ORIENTED_EDGE ( 'NONE', *, *, #4213, .F. ) ;
#1222 = ADVANCED_FACE ( 'NONE', ( #51 ), #2971, .F. ) ;
#1223 = DIRECTION ( 'NONE',  ( 2.592780666980726406E-17, 0.1803278688524587725, -0.9836065573770492731 ) ) ;
#1224 = ORIENTED_EDGE ( 'NONE', *, *, #2397, .T. ) ;
#1225 = ADVANCED_FACE ( 'NONE', ( #2107 ), #3057, .F. ) ;
#1226 = VERTEX_POINT ( 'NONE', #2373 ) ;
#1227 = CARTESIAN_POINT ( 'NONE',  ( 0.1624999999999999778, 0.05999999999999995615, -0.08000000000000002942 ) ) ;
#1228 = DIRECTION ( 'NONE',  ( 0.000000000000000000, 0.000000000000000000, 1.000000000000000000 ) ) ;
#1229 = CYLINDRICAL_SURFACE ( 'NONE', #913, 0.008999999999999992381 ) ;
#1230 = EDGE_CURVE ( 'NONE', #3257, #3669, #285, .T. ) ;
#1231 = CARTESIAN_POINT ( 'NONE',  ( -0.1525000000000000244, 0.1125000000000018069, -0.08000000000000001554 ) ) ;
#1232 = CARTESIAN_POINT ( 'NONE',  ( -0.08300000000000005984, 0.1950000000000000067, 0.1149999999999999911 ) ) ;
#1233 = VERTEX_POINT ( 'NONE', #3674 ) ;
#1234 =( NAMED_UNIT ( * ) PLANE_ANGLE_UNIT ( ) SI_UNIT ( $, .RADIAN. ) );
#1235 = ADVANCED_FACE ( 'NONE', ( #33 ), #3389, .F. ) ;
#1236 = PLANE ( 'NONE',  #3254 ) ;
#1237 = LINE ( 'NONE', #1520, #4168 ) ;
#1238 = LINE ( 'NONE', #2215, #198 ) ;
#1239 = EDGE_LOOP ( 'NONE', ( #3738, #3171, #621, #2227 ) ) ;
#1240 = VECTOR ( 'NONE', #1779, 39.37007874015748143 ) ;
#1241 = ORIENTED_EDGE ( 'NONE', *, *, #2328, .F. ) ;
#1242 = SURFACE_STYLE_USAGE ( .BOTH. , #2549 ) ;
#1243 = AXIS2_PLACEMENT_3D ( 'NONE', #4242, #612, #1308 ) ;
#1244 = VERTEX_POINT ( 'NONE', #1775 ) ;
#1245 = ORIENTED_EDGE ( 'NONE', *, *, #1342, .F. ) ;
#1246 = VERTEX_POINT ( 'NONE', #742 ) ;
#1247 = AXIS2_PLACEMENT_3D ( 'NONE', #757, #2095, #3297 ) ;
#1248 =( CONVERSION_BASED_UNIT ( 'INCH', #4171 ) LENGTH_UNIT ( ) NAMED_UNIT ( #341 ) );
#1249 = CARTESIAN_POINT ( 'NONE',  ( -0.1525000000000000244, 0.1125000000000018069, 0.1090000000000000135 ) ) ;
#1250 = PLANE ( 'NONE',  #1603 ) ;
#1251 = EDGE_CURVE ( 'NONE', #1487, #390, #114, .T. ) ;
#1252 = EDGE_CURVE ( 'NONE', #4037, #540, #2736, .T. ) ;
#1253 = VECTOR ( 'NONE', #799, 39.37007874015748143 ) ;
#1254 = DIRECTION ( 'NONE',  ( -1.000000000000000000, 0.000000000000000000, 0.000000000000000000 ) ) ;
#1255 = DIRECTION ( 'NONE',  ( 0.000000000000000000, 0.000000000000000000, -1.000000000000000000 ) ) ;
#1256 = EDGE_CURVE ( 'NONE', #1838, #1246, #778, .T. ) ;
#1257 = EDGE_CURVE ( 'NONE', #3669, #4101, #3983, .T. ) ;
#1258 = LINE ( 'NONE', #2559, #4203 ) ;
#1259 = DIRECTION ( 'NONE',  ( -1.000000000000000000, 0.000000000000000000, -0.000000000000000000 ) ) ;
#1260 = VECTOR ( 'NONE', #520, 39.37007874015748143 ) ;
#1261 = LINE ( 'NONE', #35, #983 ) ;
#1262 = EDGE_CURVE ( 'NONE', #368, #484, #395, .T. ) ;
#1263 = APPLICATION_PROTOCOL_DEFINITION ( 'draft international standard', 'automotive_design', 1998, #409 ) ;
#1264 = ORIENTED_EDGE ( 'NONE', *, *, #3750, .T. ) ;
#1265 = AXIS2_PLACEMENT_3D ( 'NONE', #611, #927, #308 ) ;
#1266 = PRESENTATION_LAYER_ASSIGNMENT (  '', '', ( #1683 ) ) ;
#1267 = ORIENTED_EDGE ( 'NONE', *, *, #3433, .F. ) ;
#1268 = CARTESIAN_POINT ( 'NONE',  ( -0.1161134564128507712, 0.1950000000000000067, 0.1561134564128507374 ) ) ;
#1269 = VECTOR ( 'NONE', #3604, 39.37007874015748143 ) ;
#1270 = ORIENTED_EDGE ( 'NONE', *, *, #3682, .T. ) ;
#1271 = ORIENTED_EDGE ( 'NONE', *, *, #228, .T. ) ;
#1272 = ORIENTED_EDGE ( 'NONE', *, *, #141, .F. ) ;
#1273 = PRESENTATION_STYLE_ASSIGNMENT (( #2882 ) ) ;
#1274 = CARTESIAN_POINT ( 'NONE',  ( 0.000000000000000000, 0.05999999999999999084, 0.000000000000000000 ) ) ;
#1275 = LINE ( 'NONE', #4243, #1741 ) ;
#1276 = ADVANCED_FACE ( 'NONE', ( #1362 ), #3010, .T. ) ;
#1277 = FACE_OUTER_BOUND ( 'NONE', #346, .T. ) ;
#1278 = DIRECTION ( 'NONE',  ( -0.7548811369798864579, -0.000000000000000000, 0.6558616233870936396 ) ) ;
#1279 = ORIENTED_EDGE ( 'NONE', *, *, #1791, .F. ) ;
#1280 = EDGE_CURVE ( 'NONE', #3557, #2840, #1616, .T. ) ;
#1281 = DIRECTION ( 'NONE',  ( -1.000000000000000000, 0.000000000000000000, 0.000000000000000000 ) ) ;
#1282 = PLANE ( 'NONE',  #4100 ) ;
#1283 = DIRECTION ( 'NONE',  ( 0.000000000000000000, 0.000000000000000000, -1.000000000000000000 ) ) ;
#1284 = EDGE_LOOP ( 'NONE', ( #3677, #1698, #2759, #3145 ) ) ;
#1285 = ORIENTED_EDGE ( 'NONE', *, *, #2414, .F. ) ;
#1286 = CARTESIAN_POINT ( 'NONE',  ( 0.1525000000000000244, 0.1125000000000018069, 0.08000000000000001554 ) ) ;
#1287 = FILL_AREA_STYLE_COLOUR ( '', #3848 ) ;
#1288 = LINE ( 'NONE', #2609, #2040 ) ;
#1289 = EDGE_CURVE ( 'NONE', #2840, #3111, #3037, .T. ) ;
#1290 = VERTEX_POINT ( 'NONE', #2718 ) ;
#1291 = PLANE ( 'NONE',  #2343 ) ;
#1292 = CARTESIAN_POINT ( 'NONE',  ( -0.1475000000000000200, 0.1125000000000018069, -0.1200000000000000233 ) ) ;
#1293 = ORIENTED_EDGE ( 'NONE', *, *, #1730, .T. ) ;
#1294 = CARTESIAN_POINT ( 'NONE',  ( -0.08299999999999999045, 0.1930000000000000049, -0.1150000000000000189 ) ) ;
#1295 = CARTESIAN_POINT ( 'NONE',  ( -0.1475000000000000200, 0.1275000000000017231, 0.08000000000000001554 ) ) ;
#1296 = ORIENTED_EDGE ( 'NONE', *, *, #3697, .F. ) ;
#1297 = LINE ( 'NONE', #3618, #1828 ) ;
#1298 = DIRECTION ( 'NONE',  ( -0.000000000000000000, -0.000000000000000000, 1.000000000000000000 ) ) ;
#1299 = ORIENTED_EDGE ( 'NONE', *, *, #1104, .T. ) ;
#1300 = ORIENTED_EDGE ( 'NONE', *, *, #3648, .F. ) ;
#1301 = CARTESIAN_POINT ( 'NONE',  ( -0.08700000000000000788, 0.1930000000000000049, -0.08500000000000001998 ) ) ;
#1302 = CARTESIAN_POINT ( 'NONE',  ( 0.1624999999999999778, 0.05999999999999995615, -0.1200000000000000233 ) ) ;
#1303 = DIRECTION ( 'NONE',  ( 0.000000000000000000, 0.000000000000000000, 1.000000000000000000 ) ) ;
#1304 = EDGE_CURVE ( 'NONE', #4028, #2900, #4021, .T. ) ;
#1305 = VECTOR ( 'NONE', #3221, 39.37007874015748143 ) ;
#1306 = ORIENTED_EDGE ( 'NONE', *, *, #370, .F. ) ;
#1307 = SURFACE_STYLE_FILL_AREA ( #4241 ) ;
#1308 = DIRECTION ( 'NONE',  ( 1.000000000000000000, 3.794233324533693590E-15, 0.000000000000000000 ) ) ;
#1309 = VECTOR ( 'NONE', #2294, 39.37007874015748143 ) ;
#1310 = CARTESIAN_POINT ( 'NONE',  ( -0.08300000000000005984, 0.1930000000000000049, 0.1149999999999999911 ) ) ;
#1311 = EDGE_CURVE ( 'NONE', #1164, #2080, #1509, .T. ) ;
#1312 = ORIENTED_EDGE ( 'NONE', *, *, #4077, .T. ) ;
#1313 = AXIS2_PLACEMENT_3D ( 'NONE', #3387, #1375, #2063 ) ;
#1314 = EDGE_LOOP ( 'NONE', ( #45, #1394, #1866, #1084 ) ) ;
#1315 = EDGE_LOOP ( 'NONE', ( #280, #2285, #2371, #2421 ) ) ;
#1316 = CARTESIAN_POINT ( 'NONE',  ( 0.08255055456216964238, 0.1930000000000000049, -0.1173765535064516252 ) ) ;
#1317 = FACE_OUTER_BOUND ( 'NONE', #2201, .T. ) ;
#1318 = EDGE_LOOP ( 'NONE', ( #1874, #2583, #2610, #3309 ) ) ;
#1319 = AXIS2_PLACEMENT_3D ( 'NONE', #1028, #3645, #387 ) ;
#1320 = ORIENTED_EDGE ( 'NONE', *, *, #1145, .F. ) ;
#1321 = VECTOR ( 'NONE', #773, 39.37007874015748143 ) ;
#1322 = LINE ( 'NONE', #4184, #3920 ) ;
#1323 = LINE ( 'NONE', #2313, #3561 ) ;
#1324 = CIRCLE ( 'NONE', #2027, 0.008999999999999992381 ) ;
#1325 = VERTEX_POINT ( 'NONE', #817 ) ;
#1326 = DIRECTION ( 'NONE',  ( -1.000000000000000000, -0.000000000000000000, 0.000000000000000000 ) ) ;
#1328 = EDGE_CURVE ( 'NONE', #4107, #3189, #1534, .T. ) ;
#1327 = PLANE ( 'NONE',  #2892 ) ;
#1329 = VECTOR ( 'NONE', #1764, 39.37007874015748143 ) ;
#1330 = VECTOR ( 'NONE', #3554, 39.37007874015748143 ) ;
#1331 = ORIENTED_EDGE ( 'NONE', *, *, #765, .F. ) ;
#1332 = CARTESIAN_POINT ( 'NONE',  ( 0.000000000000000000, 0.1950000000000000067, 0.000000000000000000 ) ) ;
#1333 = CIRCLE ( 'NONE', #1960, 0.01324711866560588855 ) ;
#1334 = CLOSED_SHELL ( 'NONE', ( #2464, #3042, #3916, #641, #992, #1225, #3055, #2242, #4227, #3842, #2993, #3324, #1633, #2969, #3538 ) ) ;
#1335 = ORIENTED_EDGE ( 'NONE', *, *, #1467, .F. ) ;
#1336 = EDGE_CURVE ( 'NONE', #100, #789, #1473, .T. ) ;
#1337 = VECTOR ( 'NONE', #1997, 39.37007874015748143 ) ;
#1338 = CARTESIAN_POINT ( 'NONE',  ( 0.08557007911008915335, 0.1930000000000000049, -0.08000000000000007105 ) ) ;
#1339 = DIRECTION ( 'NONE',  ( 0.000000000000000000, 1.000000000000000000, 0.000000000000000000 ) ) ;
#1340 = VERTEX_POINT ( 'NONE', #2799 ) ;
#1341 = DIRECTION ( 'NONE',  ( 0.7548811369798824611, 0.000000000000000000, -0.6558616233870980805 ) ) ;
#1342 = EDGE_CURVE ( 'NONE', #2531, #1354, #355, .T. ) ;
#1343 = CARTESIAN_POINT ( 'NONE',  ( -0.1000000000000000056, 0.1930000000000000049, -0.1019999999999999934 ) ) ;
#1344 = CARTESIAN_POINT ( 'NONE',  ( 0.1236834750241260633, 0.1175000000000017975, -0.08000000000000001554 ) ) ;
#1345 = ORIENTED_EDGE ( 'NONE', *, *, #544, .T. ) ;
#1346 = ADVANCED_FACE ( 'NONE', ( #1493 ), #1820, .T. ) ;
#1347 = DIRECTION ( 'NONE',  ( -1.437814733507495799E-16, 1.000000000000000000, 0.000000000000000000 ) ) ;
#1348 = DIRECTION ( 'NONE',  ( 0.000000000000000000, 0.000000000000000000, 1.000000000000000000 ) ) ;
#1349 = VERTEX_POINT ( 'NONE', #2470 ) ;
#1350 = DIRECTION ( 'NONE',  ( -1.000000000000000000, 0.000000000000000000, 0.000000000000000000 ) ) ;
#1351 = LINE ( 'NONE', #2646, #1879 ) ;
#1352 = ORIENTED_EDGE ( 'NONE', *, *, #1565, .T. ) ;
#1353 = VERTEX_POINT ( 'NONE', #3475 ) ;
#1354 = VERTEX_POINT ( 'NONE', #3429 ) ;
#1355 = ORIENTED_EDGE ( 'NONE', *, *, #295, .F. ) ;
#1356 = DIRECTION ( 'NONE',  ( 0.000000000000000000, 0.000000000000000000, -1.000000000000000000 ) ) ;
#1357 = CARTESIAN_POINT ( 'NONE',  ( 0.08557007911008918111, 0.1930000000000000049, -0.1199999999999999817 ) ) ;
#1358 = DIRECTION ( 'NONE',  ( 0.000000000000000000, -0.9836065573770491621, -0.1803278688524592999 ) ) ;
#1359 = EDGE_CURVE ( 'NONE', #1724, #3489, #4108, .T. ) ;
#1360 = ORIENTED_EDGE ( 'NONE', *, *, #1479, .F. ) ;
#1361 = ORIENTED_EDGE ( 'NONE', *, *, #1712, .F. ) ;
#1362 = FACE_OUTER_BOUND ( 'NONE', #3905, .T. ) ;
#1363 = CARTESIAN_POINT ( 'NONE',  ( -0.08300000000000004596, 0.1930000000000000049, 0.08499999999999997835 ) ) ;
#1364 = LINE ( 'NONE', #2973, #3015 ) ;
#1365 = EDGE_CURVE ( 'NONE', #1447, #3257, #2143, .T. ) ;
#1366 = FACE_OUTER_BOUND ( 'NONE', #3801, .T. ) ;
#1367 = DIRECTION ( 'NONE',  ( -1.000000000000000000, 1.437814733507495799E-16, -0.000000000000000000 ) ) ;
#1368 = ORIENTED_EDGE ( 'NONE', *, *, #544, .F. ) ;
#1369 = DIRECTION ( 'NONE',  ( -1.000000000000000000, 1.437814733507495799E-16, 0.000000000000000000 ) ) ;
#1370 = CARTESIAN_POINT ( 'NONE',  ( -0.1475000000000000200, 0.1275000000000017231, -0.08000000000000001554 ) ) ;
#1371 = VERTEX_POINT ( 'NONE', #2190 ) ;
#1372 = ORIENTED_EDGE ( 'NONE', *, *, #779, .T. ) ;
#1373 = ORIENTED_EDGE ( 'NONE', *, *, #1251, .F. ) ;
#1374 = CARTESIAN_POINT ( 'NONE',  ( -0.1525000000000000244, 0.1125000000000018069, -0.08000000000000001554 ) ) ;
#1375 = DIRECTION ( 'NONE',  ( -0.000000000000000000, 1.000000000000000000, -0.000000000000000000 ) ) ;
#1376 = DIRECTION ( 'NONE',  ( 1.000000000000000000, 0.000000000000000000, 0.000000000000000000 ) ) ;
#1377 = CARTESIAN_POINT ( 'NONE',  ( -0.08299999999999999045, 0.1930000000000000049, -0.1019999999999999934 ) ) ;
#1378 = VECTOR ( 'NONE', #3253, 39.37007874015748143 ) ;
#1379 = EDGE_LOOP ( 'NONE', ( #3556, #3608, #1631, #369 ) ) ;
#1380 = VERTEX_POINT ( 'NONE', #3804 ) ;
#1381 = CARTESIAN_POINT ( 'NONE',  ( -0.08299999999999999045, 0.1930000000000000049, -0.1019999999999999934 ) ) ;
#1382 = AXIS2_PLACEMENT_3D ( 'NONE', #848, #2235, #3762 ) ;
#1383 = CARTESIAN_POINT ( 'NONE',  ( 0.1525000000000000244, 0.1107927976350460836, 0.07068798710024158660 ) ) ;
#1384 = ADVANCED_FACE ( 'NONE', ( #3457 ), #464, .F. ) ;
#1385 = CARTESIAN_POINT ( 'NONE',  ( 0.08255055456217171017, 0.1930000000000000049, 0.1226234464935483937 ) ) ;
#1386 = EDGE_CURVE ( 'NONE', #836, #2666, #4085, .T. ) ;
#1387 = CARTESIAN_POINT ( 'NONE',  ( -0.08299999999999999045, 0.1950000000000000067, -0.09800000000000001765 ) ) ;
#1388 = AXIS2_PLACEMENT_3D ( 'NONE', #1907, #579, #1972 ) ;
#1389 = LINE ( 'NONE', #3660, #1195 ) ;
#1390 = EDGE_CURVE ( 'NONE', #660, #3132, #2205, .T. ) ;
#1391 = CARTESIAN_POINT ( 'NONE',  ( 0.1624999999999999778, -0.1250000000000000555, 0.09999999999999999167 ) ) ;
#1392 = EDGE_CURVE ( 'NONE', #213, #1115, #2755, .T. ) ;
#1393 = MECHANICAL_DESIGN_GEOMETRIC_PRESENTATION_REPRESENTATION (  '', ( #3434 ), #3298 ) ;
#1394 = ORIENTED_EDGE ( 'NONE', *, *, #3131, .T. ) ;
#1395 = AXIS2_PLACEMENT_3D ( 'NONE', #1332, #4259, #1696 ) ;
#1396 = CARTESIAN_POINT ( 'NONE',  ( 0.1525000000000000244, -0.1160000000000000753, -0.1089999999999999858 ) ) ;
#1397 = EDGE_CURVE ( 'NONE', #2689, #3981, #3740, .T. ) ;
#1398 = DIRECTION ( 'NONE',  ( 0.000000000000000000, 1.000000000000000000, 0.000000000000000000 ) ) ;
#1399 = VECTOR ( 'NONE', #736, 39.37007874015748143 ) ;
#1400 = VERTEX_POINT ( 'NONE', #796 ) ;
#1401 = AXIS2_PLACEMENT_3D ( 'NONE', #4064, #4082, #1162 ) ;
#1402 = ORIENTED_EDGE ( 'NONE', *, *, #1791, .T. ) ;
#1403 = LINE ( 'NONE', #3030, #290 ) ;
#1404 = CARTESIAN_POINT ( 'NONE',  ( -0.08299999999999999045, 0.1950000000000000067, -0.1019999999999999934 ) ) ;
#1405 = CARTESIAN_POINT ( 'NONE',  ( -0.1475000000000000200, 0.1175000000000017975, 0.08000000000000001554 ) ) ;
#1406 = AXIS2_PLACEMENT_3D ( 'NONE', #936, #624, #4252 ) ;
#1407 = VECTOR ( 'NONE', #3586, 39.37007874015748143 ) ;
#1408 = ORIENTED_EDGE ( 'NONE', *, *, #4055, .F. ) ;
#1409 = VECTOR ( 'NONE', #1840, 39.37007874015748143 ) ;
#1410 = CARTESIAN_POINT ( 'NONE',  ( 0.1475000000000000200, 0.1275000000000017231, -0.08000000000000001554 ) ) ;
#1411 = LINE ( 'NONE', #3370, #3151 ) ;
#1412 = CARTESIAN_POINT ( 'NONE',  ( 0.1236834750241260633, 0.1175000000000017975, -0.08000000000000001554 ) ) ;
#1413 = VECTOR ( 'NONE', #1055, 39.37007874015748143 ) ;
#1414 = VECTOR ( 'NONE', #2745, 39.37007874015748143 ) ;
#1415 = EDGE_CURVE ( 'NONE', #807, #1968, #2168, .T. ) ;
#1416 = CARTESIAN_POINT ( 'NONE',  ( -0.08700000000000004952, 0.1950000000000000067, 0.08499999999999997835 ) ) ;
#1417 = DIRECTION ( 'NONE',  ( 0.000000000000000000, -1.000000000000000000, 0.000000000000000000 ) ) ;
#1418 = ORIENTED_EDGE ( 'NONE', *, *, #4023, .T. ) ;
#1419 = ORIENTED_EDGE ( 'NONE', *, *, #1430, .T. ) ;
#1420 = EDGE_CURVE ( 'NONE', #2330, #3047, #868, .T. ) ;
#1421 = LINE ( 'NONE', #105, #1205 ) ;
#1422 = ORIENTED_EDGE ( 'NONE', *, *, #4137, .F. ) ;
#1423 = DIRECTION ( 'NONE',  ( -0.000000000000000000, -0.000000000000000000, 1.000000000000000000 ) ) ;
#1424 = ORIENTED_EDGE ( 'NONE', *, *, #251, .T. ) ;
#1425 = ORIENTED_EDGE ( 'NONE', *, *, #224, .T. ) ;
#1426 = DIRECTION ( 'NONE',  ( -0.000000000000000000, -1.000000000000000000, 0.000000000000000000 ) ) ;
#1427 = CARTESIAN_POINT ( 'NONE',  ( 0.1525000000000000244, -0.1160000000000000753, 0.09099999999999999756 ) ) ;
#1428 = CARTESIAN_POINT ( 'NONE',  ( 0.1624999999999999778, -3.450877529173771473E-17, -0.09100000000000001144 ) ) ;
#1429 = ORIENTED_EDGE ( 'NONE', *, *, #2301, .F. ) ;
#1430 = EDGE_CURVE ( 'NONE', #4232, #1031, #2827, .T. ) ;
#1431 = VERTEX_POINT ( 'NONE', #4044 ) ;
#1432 = FACE_OUTER_BOUND ( 'NONE', #1577, .T. ) ;
#1433 = DIRECTION ( 'NONE',  ( 0.7548811369798824611, -0.000000000000000000, -0.6558616233870981915 ) ) ;
#1434 = SURFACE_STYLE_USAGE ( .BOTH. , #2450 ) ;
#1435 = DIRECTION ( 'NONE',  ( -0.000000000000000000, -1.000000000000000000, -0.000000000000000000 ) ) ;
#1436 = LINE ( 'NONE', #1103, #3087 ) ;
#1437 = LINE ( 'NONE', #447, #76 ) ;
#1438 = CARTESIAN_POINT ( 'NONE',  ( -0.1250000000000000000, 0.1275000000000018063, 0.08000000000000001554 ) ) ;
#1439 = VERTEX_POINT ( 'NONE', #3079 ) ;
#1440 = CARTESIAN_POINT ( 'NONE',  ( 0.08557007911009124890, 0.1950000000000000067, 0.1199999999999999817 ) ) ;
#1441 = ORIENTED_EDGE ( 'NONE', *, *, #3152, .T. ) ;
#1442 = ADVANCED_FACE ( 'NONE', ( #1122 ), #2433, .F. ) ;
#1443 = PLANE ( 'NONE',  #761 ) ;
#1444 = ORIENTED_EDGE ( 'NONE', *, *, #13, .T. ) ;
#1445 = ORIENTED_EDGE ( 'NONE', *, *, #1328, .F. ) ;
#1446 = LINE ( 'NONE', #3166, #2432 ) ;
#1447 = VERTEX_POINT ( 'NONE', #1227 ) ;
#1448 = DIRECTION ( 'NONE',  ( 0.000000000000000000, 0.000000000000000000, 1.000000000000000000 ) ) ;
#1449 = PLANE ( 'NONE',  #3657 ) ;
#1450 = ORIENTED_EDGE ( 'NONE', *, *, #1925, .T. ) ;
#1451 = CARTESIAN_POINT ( 'NONE',  ( 0.1525000000000000244, 0.1036979306638017850, 0.1280112872883636954 ) ) ;
#1452 = CARTESIAN_POINT ( 'NONE',  ( 0.1624999999999999778, -3.450877529173771473E-17, -0.09100000000000001144 ) ) ;
#1453 = ADVANCED_FACE ( 'NONE', ( #905 ), #1598, .F. ) ;
#1454 = CARTESIAN_POINT ( 'NONE',  ( 0.000000000000000000, 0.1930000000000000049, 0.000000000000000000 ) ) ;
#1455 = VECTOR ( 'NONE', #3044, 39.37007874015748143 ) ;
#1456 = DIRECTION ( 'NONE',  ( -0.000000000000000000, 1.000000000000000000, -0.000000000000000000 ) ) ;
#1457 = CARTESIAN_POINT ( 'NONE',  ( 0.07255055456217171517, 0.1930000000000000049, 0.09131172324677422347 ) ) ;
#1458 = CIRCLE ( 'NONE', #3908, 0.008999999999999992381 ) ;
#1459 = PRESENTATION_LAYER_ASSIGNMENT (  '', '', ( #3432 ) ) ;
#1460 = AXIS2_PLACEMENT_3D ( 'NONE', #3424, #2511, #880 ) ;
#1461 = CARTESIAN_POINT ( 'NONE',  ( 0.1475000000000000200, 0.1275000000000017231, 0.08000000000000001554 ) ) ;
#1462 = ORIENTED_EDGE ( 'NONE', *, *, #3682, .F. ) ;
#1463 = CARTESIAN_POINT ( 'NONE',  ( 0.07255055456216963350, 0.1950000000000000067, -0.1086882767532258293 ) ) ;
#1464 = DIRECTION ( 'NONE',  ( -0.000000000000000000, -0.000000000000000000, 1.000000000000000000 ) ) ;
#1465 = AXIS2_PLACEMENT_3D ( 'NONE', #1756, #397, #727 ) ;
#1466 = ORIENTED_EDGE ( 'NONE', *, *, #2245, .T. ) ;
#1467 = EDGE_CURVE ( 'NONE', #2086, #946, #1906, .T. ) ;
#1468 = ORIENTED_EDGE ( 'NONE', *, *, #4208, .F. ) ;
#1469 = CIRCLE ( 'NONE', #4261, 0.004999999999999981022 ) ;
#1470 = CARTESIAN_POINT ( 'NONE',  ( 0.1624999999999999778, 0.05999999999999995615, -0.1200000000000000233 ) ) ;
#1471 = ORIENTED_EDGE ( 'NONE', *, *, #2582, .T. ) ;
#1472 = EDGE_CURVE ( 'NONE', #2922, #1008, #3839, .T. ) ;
#1473 = LINE ( 'NONE', #158, #3992 ) ;
#1474 = CIRCLE ( 'NONE', #2555, 0.01724711866560588169 ) ;
#1475 = DIRECTION ( 'NONE',  ( 1.000000000000000000, 0.000000000000000000, 0.000000000000000000 ) ) ;
#1476 = LINE ( 'NONE', #4068, #3777 ) ;
#1477 = CARTESIAN_POINT ( 'NONE',  ( 0.07255055456216963350, 0.1930000000000000049, -0.1086882767532258293 ) ) ;
#1478 =( GEOMETRIC_REPRESENTATION_CONTEXT ( 3 ) GLOBAL_UNCERTAINTY_ASSIGNED_CONTEXT ( ( #492 ) ) GLOBAL_UNIT_ASSIGNED_CONTEXT ( ( #2568, #284, #995 ) ) REPRESENTATION_CONTEXT ( 'NONE', 'WORKASPACE' ) );
#1479 = EDGE_CURVE ( 'NONE', #1853, #2746, #663, .T. ) ;
#1480 = CARTESIAN_POINT ( 'NONE',  ( 0.1161134564128507574, 0.05999999999999999084, -0.1561134564128507929 ) ) ;
#1481 = DIRECTION ( 'NONE',  ( -0.000000000000000000, 1.000000000000000000, -0.000000000000000000 ) ) ;
#1482 = VECTOR ( 'NONE', #591, 39.37007874015748143 ) ;
#1483 = EDGE_CURVE ( 'NONE', #3355, #608, #232, .T. ) ;
#1484 = LINE ( 'NONE', #1048, #857 ) ;
#1485 = PLANE ( 'NONE',  #4048 ) ;
#1486 = FACE_OUTER_BOUND ( 'NONE', #2772, .T. ) ;
#1487 = VERTEX_POINT ( 'NONE', #1640 ) ;
#1488 = ORIENTED_EDGE ( 'NONE', *, *, #2457, .F. ) ;
#1489 = CARTESIAN_POINT ( 'NONE',  ( -0.1625000000000000056, -0.1250000000000000278, -0.1200000000000000233 ) ) ;
#1490 = ORIENTED_EDGE ( 'NONE', *, *, #3818, .F. ) ;
#1491 = DIRECTION ( 'NONE',  ( 0.000000000000000000, 0.000000000000000000, -1.000000000000000000 ) ) ;
#1492 = ORIENTED_EDGE ( 'NONE', *, *, #1029, .T. ) ;
#1493 = FACE_OUTER_BOUND ( 'NONE', #433, .T. ) ;
#1494 = MANIFOLD_SOLID_BREP ( 'Mirror1[1]', #3097 ) ;
#1495 = DIRECTION ( 'NONE',  ( -0.7548811369798864579, -0.000000000000000000, 0.6558616233870936396 ) ) ;
#1496 = CARTESIAN_POINT ( 'NONE',  ( 0.08255055456217172405, 0.1930000000000000049, 0.08262344649354842752 ) ) ;
#1497 = EDGE_CURVE ( 'NONE', #540, #3273, #3177, .T. ) ;
#1498 = PLANE ( 'NONE',  #4194 ) ;
#1499 = CARTESIAN_POINT ( 'NONE',  ( 0.1525000000000000244, -3.527532479669546461E-17, -0.1089999999999999997 ) ) ;
#1500 = FACE_OUTER_BOUND ( 'NONE', #2116, .T. ) ;
#1501 = CARTESIAN_POINT ( 'NONE',  ( 0.08557007911009124890, 0.1950000000000000067, 0.08000000000000002942 ) ) ;
#1502 = DIRECTION ( 'NONE',  ( -1.000000000000000000, 1.437814733507495799E-16, -0.000000000000000000 ) ) ;
#1503 = CARTESIAN_POINT ( 'NONE',  ( 0.1624999999999999778, -3.671313953020295178E-17, 0.1089999999999999997 ) ) ;
#1504 = VERTEX_POINT ( 'NONE', #2532 ) ;
#1505 = ORIENTED_EDGE ( 'NONE', *, *, #24, .F. ) ;
#1506 = PRESENTATION_STYLE_ASSIGNMENT (( #1878 ) ) ;
#1507 = ORIENTED_EDGE ( 'NONE', *, *, #3534, .F. ) ;
#1508 = VERTEX_POINT ( 'NONE', #3582 ) ;
#1509 = LINE ( 'NONE', #885, #2891 ) ;
#1510 = FACE_OUTER_BOUND ( 'NONE', #1555, .T. ) ;
#1511 = PLANE ( 'NONE',  #1537 ) ;
#1512 = ORIENTED_EDGE ( 'NONE', *, *, #1625, .T. ) ;
#1513 = FACE_OUTER_BOUND ( 'NONE', #809, .T. ) ;
#1514 = LINE ( 'NONE', #2805, #3219 ) ;
#1515 = MANIFOLD_SOLID_BREP ( 'Cut-Extrude2', #2887 ) ;
#1516 = VECTOR ( 'NONE', #2254, 39.37007874015748143 ) ;
#1517 = ORIENTED_EDGE ( 'NONE', *, *, #4042, .F. ) ;
#1518 = ADVANCED_FACE ( 'NONE', ( #3766 ), #1971, .T. ) ;
#1519 = LINE ( 'NONE', #1868, #1745 ) ;
#1520 = CARTESIAN_POINT ( 'NONE',  ( -0.1250000000000000000, 0.1275000000000018063, 0.08000000000000001554 ) ) ;
#1521 = VECTOR ( 'NONE', #1171, 39.37007874015748143 ) ;
#1522 = PLANE ( 'NONE',  #1116 ) ;
#1523 = CARTESIAN_POINT ( 'NONE',  ( 0.08255055456217172405, 0.1950000000000000067, 0.08262344649354842752 ) ) ;
#1524 = CARTESIAN_POINT ( 'NONE',  ( 0.08255055456217172405, 0.1930000000000000049, 0.08262344649354842752 ) ) ;
#1525 = ORIENTED_EDGE ( 'NONE', *, *, #3867, .F. ) ;
#1526 = ORIENTED_EDGE ( 'NONE', *, *, #1843, .F. ) ;
#1527 = AXIS2_PLACEMENT_3D ( 'NONE', #421, #1435, #2387 ) ;
#1528 = EDGE_CURVE ( 'NONE', #1134, #2080, #3386, .T. ) ;
#1529 = EDGE_LOOP ( 'NONE', ( #1937, #2548, #2204, #2834, #1025, #2589, #1687, #3621, #2331 ) ) ;
#1530 = CARTESIAN_POINT ( 'NONE',  ( -0.06999999999999999278, 0.1930000000000000049, -0.1019999999999999934 ) ) ;
#1531 = CIRCLE ( 'NONE', #2282, 0.01499999999999994220 ) ;
#1532 = ORIENTED_EDGE ( 'NONE', *, *, #1024, .F. ) ;
#1533 = ORIENTED_EDGE ( 'NONE', *, *, #3167, .T. ) ;
#1534 = LINE ( 'NONE', #2449, #4130 ) ;
#1535 = DIRECTION ( 'NONE',  ( -1.000000000000000000, 0.000000000000000000, 0.000000000000000000 ) ) ;
#1536 = DIRECTION ( 'NONE',  ( -0.000000000000000000, 0.9836065573770491621, -0.1803278688524592999 ) ) ;
#1537 = AXIS2_PLACEMENT_3D ( 'NONE', #870, #2844, #218 ) ;
#1538 = CIRCLE ( 'NONE', #2694, 0.01724711866560588169 ) ;
#1539 = VECTOR ( 'NONE', #2101, 39.37007874015748143 ) ;
#1540 = LINE ( 'NONE', #2785, #1260 ) ;
#1541 = LINE ( 'NONE', #220, #1521 ) ;
#1542 = VERTEX_POINT ( 'NONE', #3977 ) ;
#1543 = EDGE_CURVE ( 'NONE', #2486, #213, #3361, .T. ) ;
#1544 = AXIS2_PLACEMENT_3D ( 'NONE', #2866, #3271, #1666 ) ;
#1545 =( NAMED_UNIT ( * ) SI_UNIT ( $, .STERADIAN. ) SOLID_ANGLE_UNIT ( ) );
#1546 = CARTESIAN_POINT ( 'NONE',  ( 0.08255055456217171017, 0.1950000000000000067, 0.1000000000000000194 ) ) ;
#1547 = VECTOR ( 'NONE', #3237, 39.37007874015748143 ) ;
#1548 = DIRECTION ( 'NONE',  ( 0.000000000000000000, -1.000000000000000000, 0.000000000000000000 ) ) ;
#1549 = VECTOR ( 'NONE', #2255, 39.37007874015748143 ) ;
#1550 = CARTESIAN_POINT ( 'NONE',  ( -0.1475000000000000200, 0.1175000000000017975, 0.08000000000000001554 ) ) ;
#1551 = EDGE_CURVE ( 'NONE', #1858, #1961, #2012, .T. ) ;
#1552 = VECTOR ( 'NONE', #3322, 39.37007874015748854 ) ;
#1553 = EDGE_LOOP ( 'NONE', ( #305, #2752, #1644, #867 ) ) ;
#1554 = DIRECTION ( 'NONE',  ( -0.000000000000000000, -0.000000000000000000, -1.000000000000000000 ) ) ;
#1555 = EDGE_LOOP ( 'NONE', ( #3494, #1418, #3360, #897, #732, #1951, #1444, #2346 ) ) ;
#1556 = EDGE_LOOP ( 'NONE', ( #1805, #2479, #1793, #4141 ) ) ;
#1557 = CARTESIAN_POINT ( 'NONE',  ( -0.08299999999999999045, 0.1930000000000000049, -0.1019999999999999934 ) ) ;
#1558 = EDGE_CURVE ( 'NONE', #884, #2531, #1079, .T. ) ;
#1559 = VERTEX_POINT ( 'NONE', #3303 ) ;
#1560 = ORIENTED_EDGE ( 'NONE', *, *, #1311, .T. ) ;
#1561 = EDGE_LOOP ( 'NONE', ( #4195, #1581, #3878, #2382 ) ) ;
#1562 = DIRECTION ( 'NONE',  ( 0.000000000000000000, 0.000000000000000000, -1.000000000000000000 ) ) ;
#1563 = DIRECTION ( 'NONE',  ( -0.000000000000000000, 1.000000000000000000, -0.000000000000000000 ) ) ;
#1564 = LINE ( 'NONE', #1496, #2876 ) ;
#1565 = EDGE_CURVE ( 'NONE', #18, #471, #391, .T. ) ;
#1566 = DIRECTION ( 'NONE',  ( 1.000000000000000000, -0.000000000000000000, -0.000000000000000000 ) ) ;
#1567 = LINE ( 'NONE', #4114, #125 ) ;
#1568 = CARTESIAN_POINT ( 'NONE',  ( 0.1525000000000000244, 0.1125000000000018069, 0.1200000000000000233 ) ) ;
#1569 = FACE_OUTER_BOUND ( 'NONE', #3725, .T. ) ;
#1570 = DIRECTION ( 'NONE',  ( 0.000000000000000000, 1.000000000000000000, 0.000000000000000000 ) ) ;
#1571 = LINE ( 'NONE', #895, #2092 ) ;
#1572 = ORIENTED_EDGE ( 'NONE', *, *, #3180, .F. ) ;
#1573 = MANIFOLD_SOLID_BREP ( 'Cut-Extrude1[2]', #1823 ) ;
#1574 = ORIENTED_EDGE ( 'NONE', *, *, #3482, .T. ) ;
#1575 = EDGE_CURVE ( 'NONE', #1559, #825, #703, .T. ) ;
#1576 =( NAMED_UNIT ( * ) PLANE_ANGLE_UNIT ( ) SI_UNIT ( $, .RADIAN. ) );
#1577 = EDGE_LOOP ( 'NONE', ( #2509, #3481, #3065, #3206 ) ) ;
#1578 = ORIENTED_EDGE ( 'NONE', *, *, #3099, .T. ) ;
#1579 = EDGE_CURVE ( 'NONE', #719, #1961, #67, .T. ) ;
#1580 = EDGE_CURVE ( 'NONE', #684, #2361, #2667, .T. ) ;
#1581 = ORIENTED_EDGE ( 'NONE', *, *, #480, .F. ) ;
#1582 = LINE ( 'NONE', #2591, #477 ) ;
#1583 = DIRECTION ( 'NONE',  ( -0.1305261922200491032, 0.9914448613738107152, -0.000000000000000000 ) ) ;
#1584 = EDGE_CURVE ( 'NONE', #1353, #209, #2366, .T. ) ;
#1585 = DIRECTION ( 'NONE',  ( -1.000000000000000000, 1.437814733507495799E-16, 0.000000000000000000 ) ) ;
#1586 = DIRECTION ( 'NONE',  ( -0.000000000000000000, 0.1305261922200485203, -0.9914448613738108262 ) ) ;
#1587 = PLANE ( 'NONE',  #3020 ) ;
#1588 = CARTESIAN_POINT ( 'NONE',  ( -0.1475000000000000200, 0.06000000000000010186, 0.08000000000000001554 ) ) ;
#1589 = CARTESIAN_POINT ( 'NONE',  ( -0.1250000000000000000, 0.1275000000000018063, 0.1649999999999999800 ) ) ;
#1590 = VERTEX_POINT ( 'NONE', #2062 ) ;
#1591 = CARTESIAN_POINT ( 'NONE',  ( 0.1475000000000000200, 0.1175000000000017836, 0.08000000000000001554 ) ) ;
#1592 = SURFACE_STYLE_USAGE ( .BOTH. , #1902 ) ;
#1593 = VECTOR ( 'NONE', #2368, 39.37007874015748143 ) ;
#1594 = EDGE_CURVE ( 'NONE', #1246, #4058, #1403, .T. ) ;
#1595 = MECHANICAL_DESIGN_GEOMETRIC_PRESENTATION_REPRESENTATION (  '', ( #3432 ), #3973 ) ;
#1596 = ORIENTED_EDGE ( 'NONE', *, *, #1920, .T. ) ;
#1597 = AXIS2_PLACEMENT_3D ( 'NONE', #2276, #3575, #657 ) ;
#1598 = PLANE ( 'NONE',  #1265 ) ;
#1599 = PLANE ( 'NONE',  #59 ) ;
#1600 = LINE ( 'NONE', #3631, #2552 ) ;
#1601 = CARTESIAN_POINT ( 'NONE',  ( -0.08700000000000000788, 0.1930000000000000049, -0.1019999999999999934 ) ) ;
#1602 = EDGE_CURVE ( 'NONE', #3286, #1002, #2523, .T. ) ;
#1603 = AXIS2_PLACEMENT_3D ( 'NONE', #2862, #3807, #2472 ) ;
#1604 = DIRECTION ( 'NONE',  ( -1.000000000000000000, 1.437814733507495799E-16, -0.000000000000000000 ) ) ;
#1605 = LINE ( 'NONE', #3904, #613 ) ;
#1606 = VECTOR ( 'NONE', #327, 39.37007874015748143 ) ;
#1607 = ADVANCED_FACE ( 'NONE', ( #2239 ), #894, .T. ) ;
#1608 = VECTOR ( 'NONE', #2178, 39.37007874015748143 ) ;
#1609 = CARTESIAN_POINT ( 'NONE',  ( -0.1475000000000000200, 0.1125000000000018069, 0.1200000000000000233 ) ) ;
#1610 = CARTESIAN_POINT ( 'NONE',  ( -0.1000000000000000056, 0.1950000000000000067, -0.09800000000000001765 ) ) ;
#1611 = VECTOR ( 'NONE', #3525, 39.37007874015748143 ) ;
#1612 = FACE_OUTER_BOUND ( 'NONE', #2049, .T. ) ;
#1613 =( NAMED_UNIT ( * ) SI_UNIT ( $, .STERADIAN. ) SOLID_ANGLE_UNIT ( ) );
#1614 = LINE ( 'NONE', #2525, #152 ) ;
#1615 = EDGE_CURVE ( 'NONE', #1939, #2321, #1176, .T. ) ;
#1616 = CIRCLE ( 'NONE', #3248, 0.01724711866560588169 ) ;
#1617 = LINE ( 'NONE', #1632, #276 ) ;
#1618 = VECTOR ( 'NONE', #3356, 39.37007874015748854 ) ;
#1619 = ORIENTED_EDGE ( 'NONE', *, *, #605, .T. ) ;
#1620 = ORIENTED_EDGE ( 'NONE', *, *, #2582, .F. ) ;
#1621 = CARTESIAN_POINT ( 'NONE',  ( 0.1624999999999999778, -0.1160000000000000753, 0.1089999999999999858 ) ) ;
#1622 = CARTESIAN_POINT ( 'NONE',  ( 0.1525000000000000244, -0.1160000000000000753, 0.1089999999999999858 ) ) ;
#1623 = ORIENTED_EDGE ( 'NONE', *, *, #1707, .F. ) ;
#1624 = PLANE ( 'NONE',  #3798 ) ;
#1625 = EDGE_CURVE ( 'NONE', #1068, #2922, #501, .T. ) ;
#1626 = LINE ( 'NONE', #4226, #4103 ) ;
#1627 = FACE_OUTER_BOUND ( 'NONE', #3119, .T. ) ;
#1628 = CARTESIAN_POINT ( 'NONE',  ( 0.1250000000000000000, 0.1275000000000018063, -0.1200000000000000233 ) ) ;
#1629 = EDGE_CURVE ( 'NONE', #1001, #4196, #3523, .T. ) ;
#1630 = SURFACE_STYLE_USAGE ( .BOTH. , #2579 ) ;
#1631 = ORIENTED_EDGE ( 'NONE', *, *, #4099, .F. ) ;
#1632 = CARTESIAN_POINT ( 'NONE',  ( -0.08300000000000004596, 0.1930000000000000049, 0.08499999999999997835 ) ) ;
#1633 = ADVANCED_FACE ( 'NONE', ( #1198 ), #203, .F. ) ;
#1634 = PLANE ( 'NONE',  #4112 ) ;
#1635 = DIRECTION ( 'NONE',  ( 0.000000000000000000, -0.9836065573770491621, 0.1803278688524592999 ) ) ;
#1636 = DIRECTION ( 'NONE',  ( -0.000000000000000000, 0.000000000000000000, 1.000000000000000000 ) ) ;
#1637 = VERTEX_POINT ( 'NONE', #3787 ) ;
#1638 = ORIENTED_EDGE ( 'NONE', *, *, #2663, .F. ) ;
#1639 = ORIENTED_EDGE ( 'NONE', *, *, #1251, .T. ) ;
#1640 = CARTESIAN_POINT ( 'NONE',  ( 0.1525000000000000244, 0.05999999999999995615, 0.1200000000000000233 ) ) ;
#1641 = PLANE ( 'NONE',  #191 ) ;
#1642 = LINE ( 'NONE', #3541, #3858 ) ;
#1643 = DIRECTION ( 'NONE',  ( 0.000000000000000000, 1.000000000000000000, -1.471900858655313724E-16 ) ) ;
#1644 = ORIENTED_EDGE ( 'NONE', *, *, #2837, .F. ) ;
#1645 = ORIENTED_EDGE ( 'NONE', *, *, #2946, .F. ) ;
#1646 = CARTESIAN_POINT ( 'NONE',  ( -0.1475000000000000200, 0.1125000000000018069, 0.08000000000000001554 ) ) ;
#1647 = FACE_OUTER_BOUND ( 'NONE', #597, .T. ) ;
#1648 = ORIENTED_EDGE ( 'NONE', *, *, #3626, .T. ) ;
#1649 = DIRECTION ( 'NONE',  ( 0.000000000000000000, 0.000000000000000000, 1.000000000000000000 ) ) ;
#1650 = LINE ( 'NONE', #2955, #3902 ) ;
#1651 = EDGE_CURVE ( 'NONE', #3943, #484, #1893, .T. ) ;
#1652 = CARTESIAN_POINT ( 'NONE',  ( 0.1525000000000000244, -0.1160000000000000753, -0.09999999999999999167 ) ) ;
#1653 = LINE ( 'NONE', #1302, #3799 ) ;
#1654 = FILL_AREA_STYLE ('',( #1287 ) ) ;
#1655 = EDGE_CURVE ( 'NONE', #2585, #3014, #3184, .T. ) ;
#1656 = VECTOR ( 'NONE', #3563, 39.37007874015748143 ) ;
#1657 = EDGE_LOOP ( 'NONE', ( #2426, #1686, #4218, #171 ) ) ;
#1658 = ORIENTED_EDGE ( 'NONE', *, *, #2182, .F. ) ;
#1659 = DIRECTION ( 'NONE',  ( -0.000000000000000000, -0.000000000000000000, -1.000000000000000000 ) ) ;
#1660 = DIRECTION ( 'NONE',  ( -1.000000000000000000, 0.000000000000000000, 0.000000000000000000 ) ) ;
#1661 = AXIS2_PLACEMENT_3D ( 'NONE', #1216, #1586, #2786 ) ;
#1662 = CARTESIAN_POINT ( 'NONE',  ( -0.1525000000000000244, 0.1125000000000018069, -0.09100000000000001144 ) ) ;
#1663 = CIRCLE ( 'NONE', #1033, 0.008999999999999975034 ) ;
#1664 = EDGE_CURVE ( 'NONE', #4234, #1970, #4145, .T. ) ;
#1665 = ORIENTED_EDGE ( 'NONE', *, *, #3720, .T. ) ;
#1666 = DIRECTION ( 'NONE',  ( -1.000000000000000000, 0.000000000000000000, 0.000000000000000000 ) ) ;
#1667 = CARTESIAN_POINT ( 'NONE',  ( 0.1161134564128507574, 0.05999999999999999084, -0.000000000000000000 ) ) ;
#1668 = VECTOR ( 'NONE', #2818, 39.37007874015748143 ) ;
#1669 = AXIS2_PLACEMENT_3D ( 'NONE', #3789, #503, #829 ) ;
#1670 = CARTESIAN_POINT ( 'NONE',  ( -0.1250000000000000000, 0.1275000000000018063, -0.08000000000000001554 ) ) ;
#1671 = CARTESIAN_POINT ( 'NONE',  ( -0.08299999999999999045, 0.1930000000000000049, -0.1019999999999999934 ) ) ;
#1672 = AXIS2_PLACEMENT_3D ( 'NONE', #4, #682, #2570 ) ;
#1673 = CARTESIAN_POINT ( 'NONE',  ( 0.1475000000000000200, 0.1125000000000018069, -0.1200000000000000233 ) ) ;
#1674 = DIRECTION ( 'NONE',  ( 0.000000000000000000, -0.000000000000000000, 1.000000000000000000 ) ) ;
#1675 = AXIS2_PLACEMENT_3D ( 'NONE', #297, #2253, #3567 ) ;
#1676 = AXIS2_PLACEMENT_3D ( 'NONE', #19, #2029, #4212 ) ;
#1677 = CYLINDRICAL_SURFACE ( 'NONE', #1319, 0.01724711866560587475 ) ;
#1678 = VECTOR ( 'NONE', #3498, 39.37007874015748143 ) ;
#1679 = ORIENTED_EDGE ( 'NONE', *, *, #2414, .T. ) ;
#1680 = ORIENTED_EDGE ( 'NONE', *, *, #522, .T. ) ;
#1681 = CARTESIAN_POINT ( 'NONE',  ( 0.1475000000000000200, 0.1175000000000017836, 0.1200000000000000233 ) ) ;
#1682 = EDGE_CURVE ( 'NONE', #3405, #1939, #1237, .T. ) ;
#1683 = STYLED_ITEM ( 'NONE', ( #4006 ), #156 ) ;
#1684 = CARTESIAN_POINT ( 'NONE',  ( 0.09557007911009124390, 0.1930000000000000049, 0.1113117232467741857 ) ) ;
#1685 = CARTESIAN_POINT ( 'NONE',  ( 0.1525000000000000244, 0.1125000000000018069, 0.1200000000000000233 ) ) ;
#1686 = ORIENTED_EDGE ( 'NONE', *, *, #3455, .F. ) ;
#1687 = ORIENTED_EDGE ( 'NONE', *, *, #1256, .T. ) ;
#1688 = PRESENTATION_STYLE_ASSIGNMENT (( #2017 ) ) ;
#1689 = LINE ( 'NONE', #1383, #3863 ) ;
#1690 = CARTESIAN_POINT ( 'NONE',  ( -0.08300000000000004596, 0.1950000000000000067, 0.08499999999999997835 ) ) ;
#1691 = EDGE_CURVE ( 'NONE', #4107, #2393, #2482, .T. ) ;
#1692 = DIRECTION ( 'NONE',  ( -1.000000000000000000, 1.437814733507495799E-16, 0.000000000000000000 ) ) ;
#1693 = DIRECTION ( 'NONE',  ( 0.000000000000000000, 0.000000000000000000, 1.000000000000000000 ) ) ;
#1694 = CARTESIAN_POINT ( 'NONE',  ( 0.08255055456217172405, 0.1950000000000000067, 0.08262344649354842752 ) ) ;
#1695 = DIRECTION ( 'NONE',  ( 0.000000000000000000, 0.000000000000000000, 1.000000000000000000 ) ) ;
#1696 = DIRECTION ( 'NONE',  ( 0.000000000000000000, -0.000000000000000000, -1.000000000000000000 ) ) ;
#1697 = PLANE ( 'NONE',  #1199 ) ;
#1698 = ORIENTED_EDGE ( 'NONE', *, *, #2362, .T. ) ;
#1699 = VERTEX_POINT ( 'NONE', #2561 ) ;
#1700 = EDGE_CURVE ( 'NONE', #1233, #1970, #2809, .T. ) ;
#1701 = LINE ( 'NONE', #1489, #2364 ) ;
#1702 = ORIENTED_EDGE ( 'NONE', *, *, #3471, .F. ) ;
#1703 = CARTESIAN_POINT ( 'NONE',  ( 0.1475000000000000200, 0.1275000000000017231, 0.1200000000000000233 ) ) ;
#1704 = DIRECTION ( 'NONE',  ( 0.000000000000000000, 1.000000000000000000, 0.000000000000000000 ) ) ;
#1705 = PLANE ( 'NONE',  #2161 ) ;
#1706 = DIRECTION ( 'NONE',  ( 0.000000000000000000, 1.000000000000000000, 0.000000000000000000 ) ) ;
#1707 = EDGE_CURVE ( 'NONE', #486, #1504, #2505, .T. ) ;
#1708 = ORIENTED_EDGE ( 'NONE', *, *, #3339, .T. ) ;
#1709 = CARTESIAN_POINT ( 'NONE',  ( 0.1625000000000000056, -0.1250000000000000278, -0.1200000000000000233 ) ) ;
#1710 = CARTESIAN_POINT ( 'NONE',  ( -0.08299999999999999045, 0.1930000000000000049, -0.08500000000000001998 ) ) ;
#1711 = CARTESIAN_POINT ( 'NONE',  ( -0.1624999999999999778, 0.1125000000000018069, 0.08000000000000001554 ) ) ;
#1712 = EDGE_CURVE ( 'NONE', #810, #962, #3873, .T. ) ;
#1713 = CARTESIAN_POINT ( 'NONE',  ( -0.1525000000000000244, 0.1125000000000018069, -0.1200000000000000233 ) ) ;
#1714 = PLANE ( 'NONE',  #329 ) ;
#1715 = EDGE_LOOP ( 'NONE', ( #2573, #3398, #551, #3338 ) ) ;
#1716 = LINE ( 'NONE', #2685, #3599 ) ;
#1717 = CARTESIAN_POINT ( 'NONE',  ( 0.1624999999999999778, -3.671313953020295178E-17, 0.1089999999999999997 ) ) ;
#1718 = EDGE_LOOP ( 'NONE', ( #1572, #3794, #2157, #756 ) ) ;
#1719 = ORIENTED_EDGE ( 'NONE', *, *, #606, .F. ) ;
#1720 = DIRECTION ( 'NONE',  ( -1.000000000000000000, 0.000000000000000000, -0.000000000000000000 ) ) ;
#1721 = DIRECTION ( 'NONE',  ( -1.000000000000000000, 0.000000000000000000, 0.000000000000000000 ) ) ;
#1722 = LINE ( 'NONE', #4018, #3721 ) ;
#1723 = EDGE_CURVE ( 'NONE', #3511, #478, #542, .T. ) ;
#1724 = VERTEX_POINT ( 'NONE', #1501 ) ;
#1725 = LINE ( 'NONE', #452, #846 ) ;
#1726 = CIRCLE ( 'NONE', #3706, 0.004999999999999981022 ) ;
#1727 = CARTESIAN_POINT ( 'NONE',  ( -0.08299999999999999045, 0.1930000000000000049, -0.1150000000000000189 ) ) ;
#1728 = DIRECTION ( 'NONE',  ( -1.000000000000000000, 0.000000000000000000, 0.000000000000000000 ) ) ;
#1729 = DIRECTION ( 'NONE',  ( 0.000000000000000000, -0.000000000000000000, 1.000000000000000000 ) ) ;
#1730 = EDGE_CURVE ( 'NONE', #3987, #1371, #1830, .T. ) ;
#1731 = VECTOR ( 'NONE', #1495, 39.37007874015748143 ) ;
#1732 = AXIS2_PLACEMENT_3D ( 'NONE', #2661, #944, #2261 ) ;
#1733 = DIRECTION ( 'NONE',  ( -0.000000000000000000, -1.000000000000000000, -0.000000000000000000 ) ) ;
#1734 = DIRECTION ( 'NONE',  ( 0.000000000000000000, 0.000000000000000000, 1.000000000000000000 ) ) ;
#1735 = VECTOR ( 'NONE', #461, 39.37007874015748143 ) ;
#1736 = PRODUCT_DEFINITION ( 'UNKNOWN', '', #261, #800 ) ;
#1737 = AXIS2_PLACEMENT_3D ( 'NONE', #3549, #3313, #1872 ) ;
#1738 = DIRECTION ( 'NONE',  ( 0.000000000000000000, 1.000000000000000000, -0.000000000000000000 ) ) ;
#1739 = DIRECTION ( 'NONE',  ( 3.794233324533693590E-15, -1.000000000000000000, 0.000000000000000000 ) ) ;
#1740 = EDGE_CURVE ( 'NONE', #2307, #2920, #3113, .T. ) ;
#1741 = VECTOR ( 'NONE', #1993, 39.37007874015748143 ) ;
#1742 = FACE_OUTER_BOUND ( 'NONE', #1556, .T. ) ;
#1743 = ORIENTED_EDGE ( 'NONE', *, *, #90, .F. ) ;
#1744 = VERTEX_POINT ( 'NONE', #2790 ) ;
#1745 = VECTOR ( 'NONE', #1912, 39.37007874015748143 ) ;
#1746 = ORIENTED_EDGE ( 'NONE', *, *, #1877, .T. ) ;
#1747 = CARTESIAN_POINT ( 'NONE',  ( -0.08700000000000000788, 0.1930000000000000049, -0.1019999999999999934 ) ) ;
#1748 = FACE_OUTER_BOUND ( 'NONE', #645, .T. ) ;
#1749 = DIRECTION ( 'NONE',  ( 0.000000000000000000, 1.000000000000000000, -0.000000000000000000 ) ) ;
#1750 = AXIS2_PLACEMENT_3D ( 'NONE', #4113, #2500, #2536 ) ;
#1751 = ORIENTED_EDGE ( 'NONE', *, *, #3877, .F. ) ;
#1752 = VECTOR ( 'NONE', #554, 39.37007874015748143 ) ;
#1753 = CIRCLE ( 'NONE', #3929, 0.004999999999999981022 ) ;
#1754 = DIRECTION ( 'NONE',  ( 0.000000000000000000, 0.000000000000000000, 1.000000000000000000 ) ) ;
#1755 = CARTESIAN_POINT ( 'NONE',  ( -0.1475000000000000200, 0.05999999999999999778, 0.1200000000000000233 ) ) ;
#1756 = CARTESIAN_POINT ( 'NONE',  ( 0.09557007911009124390, 0.1950000000000000067, 0.1113117232467741857 ) ) ;
#1757 = VECTOR ( 'NONE', #2851, 39.37007874015748143 ) ;
#1758 = VECTOR ( 'NONE', #1057, 39.37007874015748143 ) ;
#1759 = UNCERTAINTY_MEASURE_WITH_UNIT (LENGTH_MEASURE( 1.000000000000000082E-05 ), #2223, 'distance_accuracy_value', 'NONE');
#1760 = DIRECTION ( 'NONE',  ( 0.000000000000000000, 0.000000000000000000, 1.000000000000000000 ) ) ;
#1761 = DIRECTION ( 'NONE',  ( 0.000000000000000000, 0.000000000000000000, 1.000000000000000000 ) ) ;
#1762 = EDGE_LOOP ( 'NONE', ( #1450, #95, #824, #380 ) ) ;
#1763 = EDGE_CURVE ( 'NONE', #411, #1508, #3160, .T. ) ;
#1764 = DIRECTION ( 'NONE',  ( -0.000000000000000000, -0.000000000000000000, 1.000000000000000000 ) ) ;
#1765 = CARTESIAN_POINT ( 'NONE',  ( 0.08557007911009124890, 0.1930000000000000049, 0.08000000000000002942 ) ) ;
#1766 = ORIENTED_EDGE ( 'NONE', *, *, #1584, .F. ) ;
#1767 = ORIENTED_EDGE ( 'NONE', *, *, #2182, .T. ) ;
#1768 = EDGE_CURVE ( 'NONE', #1002, #2465, #3134, .T. ) ;
#1769 = ORIENTED_EDGE ( 'NONE', *, *, #1551, .F. ) ;
#1770 = CARTESIAN_POINT ( 'NONE',  ( 0.08557007911008915335, 0.1950000000000000067, -0.08000000000000007105 ) ) ;
#1771 = DIRECTION ( 'NONE',  ( 0.000000000000000000, 1.000000000000000000, -0.000000000000000000 ) ) ;
#1772 = DIRECTION ( 'NONE',  ( 2.592780666980734110E-17, 0.1803278688524592999, -0.9836065573770491621 ) ) ;
#1773 = ORIENTED_EDGE ( 'NONE', *, *, #3818, .T. ) ;
#1774 = ORIENTED_EDGE ( 'NONE', *, *, #3948, .T. ) ;
#1775 = CARTESIAN_POINT ( 'NONE',  ( 0.08557007911009124890, 0.1930000000000000049, 0.1199999999999999817 ) ) ;
#1776 = PLANE ( 'NONE',  #1042 ) ;
#1777 = CARTESIAN_POINT ( 'NONE',  ( 0.08255055456216962850, 0.1930000000000000049, -0.1000000000000000194 ) ) ;
#1778 = CARTESIAN_POINT ( 'NONE',  ( -0.1000000000000000056, 0.1950000000000000067, -0.1019999999999999934 ) ) ;
#1779 = DIRECTION ( 'NONE',  ( 0.000000000000000000, 0.000000000000000000, -1.000000000000000000 ) ) ;
#1780 = EDGE_CURVE ( 'NONE', #81, #2052, #1650, .T. ) ;
#1781 = LINE ( 'NONE', #3379, #85 ) ;
#1782 = ORIENTED_EDGE ( 'NONE', *, *, #1847, .T. ) ;
#1783 = CARTESIAN_POINT ( 'NONE',  ( -0.1624999999999999778, 1.222020354725588641E-17, 0.09100000000000001144 ) ) ;
#1784 = CARTESIAN_POINT ( 'NONE',  ( -0.1624999999999999778, 0.05999999999999999778, 0.08000000000000002942 ) ) ;
#1785 = EDGE_CURVE ( 'NONE', #2160, #2317, #3640, .T. ) ;
#1786 = ORIENTED_EDGE ( 'NONE', *, *, #2403, .T. ) ;
#1787 = ORIENTED_EDGE ( 'NONE', *, *, #2115, .T. ) ;
#1788 = DIRECTION ( 'NONE',  ( 0.000000000000000000, -1.000000000000000000, 1.471900858655313724E-16 ) ) ;
#1789 = ORIENTED_EDGE ( 'NONE', *, *, #399, .F. ) ;
#1790 = DIRECTION ( 'NONE',  ( 0.000000000000000000, 0.9836065573770491621, 0.1803278688524587448 ) ) ;
#1791 = EDGE_CURVE ( 'NONE', #64, #4263, #1023, .T. ) ;
#1792 = ORIENTED_EDGE ( 'NONE', *, *, #3197, .F. ) ;
#1793 = ORIENTED_EDGE ( 'NONE', *, *, #1723, .T. ) ;
#1794 = DIRECTION ( 'NONE',  ( -0.000000000000000000, 1.000000000000000000, -1.471900858655313724E-16 ) ) ;
#1795 = CARTESIAN_POINT ( 'NONE',  ( -0.06999999999999999278, 0.1950000000000000067, -0.09800000000000001765 ) ) ;
#1796 = DIRECTION ( 'NONE',  ( 0.000000000000000000, 0.000000000000000000, -1.000000000000000000 ) ) ;
#1797 = DIRECTION ( 'NONE',  ( 0.000000000000000000, 1.000000000000000000, 0.000000000000000000 ) ) ;
#1798 = EDGE_CURVE ( 'NONE', #967, #573, #2933, .T. ) ;
#1799 = ORIENTED_EDGE ( 'NONE', *, *, #2195, .T. ) ;
#1800 = VECTOR ( 'NONE', #1278, 39.37007874015748143 ) ;
#1801 = DIRECTION ( 'NONE',  ( 0.000000000000000000, -0.000000000000000000, -1.000000000000000000 ) ) ;
#1802 = CARTESIAN_POINT ( 'NONE',  ( -0.1624999999999999778, 0.1125000000000018069, 0.1200000000000000233 ) ) ;
#1803 = AXIS2_PLACEMENT_3D ( 'NONE', #3918, #4221, #1946 ) ;
#1804 = AXIS2_PLACEMENT_3D ( 'NONE', #1202, #4060, #1809 ) ;
#1805 = ORIENTED_EDGE ( 'NONE', *, *, #323, .T. ) ;
#1806 = VECTOR ( 'NONE', #342, 39.37007874015748143 ) ;
#1807 = DIRECTION ( 'NONE',  ( 2.592780666980734110E-17, 0.1803278688524592999, -0.9836065573770491621 ) ) ;
#1808 = DIRECTION ( 'NONE',  ( 0.000000000000000000, 0.000000000000000000, 1.000000000000000000 ) ) ;
#1809 = DIRECTION ( 'NONE',  ( 1.000000000000000000, 0.000000000000000000, -0.000000000000000000 ) ) ;
#1810 = VECTOR ( 'NONE', #3082, 39.37007874015748143 ) ;
#1811 = VERTEX_POINT ( 'NONE', #2659 ) ;
#1812 = ORIENTED_EDGE ( 'NONE', *, *, #2657, .F. ) ;
#1813 = LINE ( 'NONE', #2774, #507 ) ;
#1814 = ORIENTED_EDGE ( 'NONE', *, *, #31, .F. ) ;
#1815 = AXIS2_PLACEMENT_3D ( 'NONE', #2783, #2801, #2207 ) ;
#1816 = FACE_OUTER_BOUND ( 'NONE', #3385, .T. ) ;
#1817 = FACE_OUTER_BOUND ( 'NONE', #3188, .T. ) ;
#1818 = ORIENTED_EDGE ( 'NONE', *, *, #370, .T. ) ;
#1819 = EDGE_LOOP ( 'NONE', ( #865, #592, #40, #3887 ) ) ;
#1820 = CYLINDRICAL_SURFACE ( 'NONE', #79, 0.01724711866560588169 ) ;
#1821 = AXIS2_PLACEMENT_3D ( 'NONE', #3678, #3017, #2113 ) ;
#1822 = LINE ( 'NONE', #3759, #1731 ) ;
#1823 = CLOSED_SHELL ( 'NONE', ( #3831, #30, #4156, #3231, #3403, #563, #3210, #1453, #610, #2032, #3966, #1607, #3912, #119, #2716 ) ) ;
#1824 = CARTESIAN_POINT ( 'NONE',  ( 0.1475000000000000200, 0.1275000000000017231, -0.08000000000000001554 ) ) ;
#1825 = COLOUR_RGB ( '',0.2509803921568627416, 0.2509803921568627416, 0.2509803921568627416 ) ;
#1826 = DIRECTION ( 'NONE',  ( 0.000000000000000000, 1.000000000000000000, 0.000000000000000000 ) ) ;
#1827 = CARTESIAN_POINT ( 'NONE',  ( 0.08557007911008915335, 0.1930000000000000049, -0.08000000000000007105 ) ) ;
#1828 = VECTOR ( 'NONE', #1347, 39.37007874015748143 ) ;
#1829 = DIRECTION ( 'NONE',  ( 0.000000000000000000, -0.000000000000000000, -1.000000000000000000 ) ) ;
#1830 = LINE ( 'NONE', #4119, #2081 ) ;
#1831 = CARTESIAN_POINT ( 'NONE',  ( 0.08557007911009124890, 0.1930000000000000049, 0.1199999999999999817 ) ) ;
#1832 = CYLINDRICAL_SURFACE ( 'NONE', #2806, 0.004999999999999981022 ) ;
#1833 = ORIENTED_EDGE ( 'NONE', *, *, #3331, .F. ) ;
#1834 = ORIENTED_EDGE ( 'NONE', *, *, #2477, .F. ) ;
#1835 = PLANE ( 'NONE',  #3032 ) ;
#1836 = ORIENTED_EDGE ( 'NONE', *, *, #1543, .F. ) ;
#1837 = CARTESIAN_POINT ( 'NONE',  ( -0.08300000000000004596, 0.1950000000000000067, 0.08499999999999997835 ) ) ;
#1838 = VERTEX_POINT ( 'NONE', #3598 ) ;
#1839 =( LENGTH_UNIT ( ) NAMED_UNIT ( * ) SI_UNIT ( $, .METRE. ) );
#1840 = DIRECTION ( 'NONE',  ( 0.000000000000000000, 0.000000000000000000, -1.000000000000000000 ) ) ;
#1841 = LINE ( 'NONE', #555, #4106 ) ;
#1842 = DIRECTION ( 'NONE',  ( 0.000000000000000000, -1.000000000000000000, 0.000000000000000000 ) ) ;
#1843 = EDGE_CURVE ( 'NONE', #3071, #4245, #3889, .T. ) ;
#1844 = EDGE_CURVE ( 'NONE', #2091, #438, #3568, .T. ) ;
#1845 = DIRECTION ( 'NONE',  ( -0.000000000000000000, -0.000000000000000000, -1.000000000000000000 ) ) ;
#1846 = LINE ( 'NONE', #3504, #828 ) ;
#1847 = EDGE_CURVE ( 'NONE', #1927, #1008, #3290, .T. ) ;
#1848 = FACE_OUTER_BOUND ( 'NONE', #547, .T. ) ;
#1849 = DIRECTION ( 'NONE',  ( -1.000000000000000000, -3.794233324533693590E-15, 0.000000000000000000 ) ) ;
#1850 = CARTESIAN_POINT ( 'NONE',  ( 0.09557007911008916223, 0.1930000000000000049, -0.08868827675322586701 ) ) ;
#1851 =( CONVERSION_BASED_UNIT ( 'INCH', #2484 ) LENGTH_UNIT ( ) NAMED_UNIT ( #683 ) );
#1852 = CARTESIAN_POINT ( 'NONE',  ( -0.1475000000000000200, 0.1125000000000018069, 0.1200000000000000233 ) ) ;
#1853 = VERTEX_POINT ( 'NONE', #1959 ) ;
#1854 = VERTEX_POINT ( 'NONE', #1628 ) ;
#1855 = LINE ( 'NONE', #4149, #2503 ) ;
#1856 = EDGE_LOOP ( 'NONE', ( #1574, #816, #4065, #3036 ) ) ;
#1857 =( NAMED_UNIT ( * ) SI_UNIT ( $, .STERADIAN. ) SOLID_ANGLE_UNIT ( ) );
#1858 = VERTEX_POINT ( 'NONE', #2329 ) ;
#1859 = DIRECTION ( 'NONE',  ( 0.000000000000000000, 0.000000000000000000, 1.000000000000000000 ) ) ;
#1860 = EDGE_CURVE ( 'NONE', #2717, #1165, #1323, .T. ) ;
#1861 = DIRECTION ( 'NONE',  ( 1.000000000000000000, 0.000000000000000000, 0.000000000000000000 ) ) ;
#1862 = PLANE ( 'NONE',  #70 ) ;
#1863 = CARTESIAN_POINT ( 'NONE',  ( -0.1236834750241260633, 0.1175000000000017975, -0.1200000000000000233 ) ) ;
#1864 = DIRECTION ( 'NONE',  ( -0.000000000000000000, 1.000000000000000000, -0.000000000000000000 ) ) ;
#1865 = ADVANCED_FACE ( 'NONE', ( #2600 ), #4207, .F. ) ;
#1866 = ORIENTED_EDGE ( 'NONE', *, *, #2996, .T. ) ;
#1867 = ORIENTED_EDGE ( 'NONE', *, *, #1029, .F. ) ;
#1868 = CARTESIAN_POINT ( 'NONE',  ( -0.08299999999999999045, 0.1930000000000000049, -0.09800000000000001765 ) ) ;
#1869 = DIRECTION ( 'NONE',  ( -0.1305261922200491032, 0.9914448613738107152, 0.000000000000000000 ) ) ;
#1870 = ADVANCED_FACE ( 'NONE', ( #3907 ), #1282, .F. ) ;
#1871 = CIRCLE ( 'NONE', #2868, 0.01724711866560588169 ) ;
#1872 = DIRECTION ( 'NONE',  ( 0.000000000000000000, 1.000000000000000000, 0.000000000000000000 ) ) ;
#1873 = ORIENTED_EDGE ( 'NONE', *, *, #1763, .T. ) ;
#1874 = ORIENTED_EDGE ( 'NONE', *, *, #3307, .T. ) ;
#1875 = AXIS2_PLACEMENT_3D ( 'NONE', #2078, #392, #2650 ) ;
#1876 = ORIENTED_EDGE ( 'NONE', *, *, #1844, .F. ) ;
#1877 = EDGE_CURVE ( 'NONE', #539, #700, #2577, .T. ) ;
#1878 = SURFACE_STYLE_USAGE ( .BOTH. , #2013 ) ;
#1879 = VECTOR ( 'NONE', #2662, 39.37007874015748854 ) ;
#1880 = VECTOR ( 'NONE', #3676, 39.37007874015748143 ) ;
#1881 = VERTEX_POINT ( 'NONE', #672 ) ;
#1882 = DIRECTION ( 'NONE',  ( -1.000000000000000000, 1.437814733507495799E-16, 0.000000000000000000 ) ) ;
#1883 = DIRECTION ( 'NONE',  ( 0.000000000000000000, 0.9836065573770491621, 0.1803278688524592999 ) ) ;
#1884 = FACE_OUTER_BOUND ( 'NONE', #804, .T. ) ;
#1885 = VECTOR ( 'NONE', #3477, 39.37007874015748143 ) ;
#1886 = AXIS2_PLACEMENT_3D ( 'NONE', #1891, #165, #2789 ) ;
#1887 = CARTESIAN_POINT ( 'NONE',  ( 0.07255055456216963350, 0.1930000000000000049, -0.1086882767532258293 ) ) ;
#1888 = CARTESIAN_POINT ( 'NONE',  ( -0.08700000000000004952, 0.1930000000000000049, 0.08499999999999997835 ) ) ;
#1889 = VECTOR ( 'NONE', #3503, 39.37007874015748143 ) ;
#1890 = LINE ( 'NONE', #3181, #212 ) ;
#1891 = CARTESIAN_POINT ( 'NONE',  ( 0.000000000000000000, 0.1950000000000000067, -0.1561134564128507929 ) ) ;
#1892 = AXIS2_PLACEMENT_3D ( 'NONE', #2386, #1754, #3694 ) ;
#1893 = LINE ( 'NONE', #1588, #3422 ) ;
#1894 = MECHANICAL_DESIGN_GEOMETRIC_PRESENTATION_REPRESENTATION (  '', ( #2627 ), #2562 ) ;
#1895 = FACE_OUTER_BOUND ( 'NONE', #3423, .T. ) ;
#1896 = FILL_AREA_STYLE ('',( #3225 ) ) ;
#1897 = EDGE_CURVE ( 'NONE', #2757, #398, #2270, .T. ) ;
#1898 = EDGE_LOOP ( 'NONE', ( #4214, #3100, #2134, #926, #2250, #2881, #835, #4143, #1152 ) ) ;
#1899 = EDGE_CURVE ( 'NONE', #1976, #1233, #1044, .T. ) ;
#1900 = CARTESIAN_POINT ( 'NONE',  ( -0.1475000000000000200, 0.1125000000000018069, 0.1200000000000000233 ) ) ;
#1901 = ORIENTED_EDGE ( 'NONE', *, *, #2010, .T. ) ;
#1902 = SURFACE_SIDE_STYLE ('',( #3859 ) ) ;
#1903 = EDGE_CURVE ( 'NONE', #3511, #241, #2625, .T. ) ;
#1904 = VERTEX_POINT ( 'NONE', #3547 ) ;
#1905 = VERTEX_POINT ( 'NONE', #602 ) ;
#1906 = LINE ( 'NONE', #2303, #3662 ) ;
#1907 = CARTESIAN_POINT ( 'NONE',  ( -0.08700000000000000788, 0.1930000000000000049, -0.08500000000000001998 ) ) ;
#1908 = LINE ( 'NONE', #3841, #3914 ) ;
#1909 = DIRECTION ( 'NONE',  ( 1.437814733507495799E-16, 1.000000000000000000, 0.000000000000000000 ) ) ;
#1910 = CARTESIAN_POINT ( 'NONE',  ( -0.1236834750241260633, 0.1175000000000017975, 0.08000000000000001554 ) ) ;
#1911 = DIRECTION ( 'NONE',  ( -0.000000000000000000, 1.000000000000000000, -0.000000000000000000 ) ) ;
#1912 = DIRECTION ( 'NONE',  ( 1.000000000000000000, 0.000000000000000000, 0.000000000000000000 ) ) ;
#1913 = DIRECTION ( 'NONE',  ( -0.000000000000000000, 1.000000000000000000, -1.471900858655313724E-16 ) ) ;
#1914 = CARTESIAN_POINT ( 'NONE',  ( 0.1624999999999999778, -3.671313953020295178E-17, -0.1089999999999999997 ) ) ;
#1915 = EDGE_CURVE ( 'NONE', #1970, #3172, #985, .T. ) ;
#1916 = CARTESIAN_POINT ( 'NONE',  ( 0.09557007911008916223, 0.1930000000000000049, -0.08868827675322586701 ) ) ;
#1917 = DIRECTION ( 'NONE',  ( -0.6558616233870961931, 0.000000000000000000, -0.7548811369798843485 ) ) ;
#1918 = ORIENTED_EDGE ( 'NONE', *, *, #1915, .F. ) ;
#1919 = DIRECTION ( 'NONE',  ( 0.9914448613738108262, 0.1305261922200485203, -0.000000000000000000 ) ) ;
#1920 = EDGE_CURVE ( 'NONE', #2664, #1724, #1871, .T. ) ;
#1921 = ORIENTED_EDGE ( 'NONE', *, *, #3365, .T. ) ;
#1922 = ORIENTED_EDGE ( 'NONE', *, *, #1712, .T. ) ;
#1923 =( NAMED_UNIT ( * ) PLANE_ANGLE_UNIT ( ) SI_UNIT ( $, .RADIAN. ) );
#1924 = FACE_OUTER_BOUND ( 'NONE', #2189, .T. ) ;
#1925 = EDGE_CURVE ( 'NONE', #2717, #3261, #2643, .T. ) ;
#1926 = DIRECTION ( 'NONE',  ( -0.000000000000000000, -0.000000000000000000, 1.000000000000000000 ) ) ;
#1927 = VERTEX_POINT ( 'NONE', #143 ) ;
#1928 = CARTESIAN_POINT ( 'NONE',  ( 0.1624999999999999778, 0.05999999999999995615, 0.1200000000000000233 ) ) ;
#1929 = DIRECTION ( 'NONE',  ( -1.437814733507495799E-16, -1.000000000000000000, 0.000000000000000000 ) ) ;
#1930 = EDGE_CURVE ( 'NONE', #2836, #94, #426, .T. ) ;
#1931 =( LENGTH_UNIT ( ) NAMED_UNIT ( * ) SI_UNIT ( $, .METRE. ) );
#1932 = DIRECTION ( 'NONE',  ( 0.000000000000000000, -1.000000000000000000, 0.000000000000000000 ) ) ;
#1933 = CARTESIAN_POINT ( 'NONE',  ( 0.1194719433195040731, 0.08551024073374613454, -0.1594719433195041225 ) ) ;
#1934 = CARTESIAN_POINT ( 'NONE',  ( 0.1624999999999999778, -0.1160000000000000753, 0.09099999999999999756 ) ) ;
#1935 = ORIENTED_EDGE ( 'NONE', *, *, #1897, .T. ) ;
#1936 = VECTOR ( 'NONE', #3636, 39.37007874015748143 ) ;
#1937 = ORIENTED_EDGE ( 'NONE', *, *, #2195, .F. ) ;
#1938 = CARTESIAN_POINT ( 'NONE',  ( -0.08299999999999999045, 0.1930000000000000049, -0.08500000000000001998 ) ) ;
#1939 = VERTEX_POINT ( 'NONE', #1438 ) ;
#1940 = AXIS2_PLACEMENT_3D ( 'NONE', #1710, #3039, #98 ) ;
#1941 = ORIENTED_EDGE ( 'NONE', *, *, #1420, .F. ) ;
#1942 = EDGE_CURVE ( 'NONE', #2689, #811, #102, .T. ) ;
#1943 = ORIENTED_EDGE ( 'NONE', *, *, #1707, .T. ) ;
#1944 = AXIS2_PLACEMENT_3D ( 'NONE', #735, #3362, #2713 ) ;
#1945 = DIRECTION ( 'NONE',  ( 0.000000000000000000, 0.000000000000000000, -1.000000000000000000 ) ) ;
#1946 = DIRECTION ( 'NONE',  ( 0.000000000000000000, 0.000000000000000000, 1.000000000000000000 ) ) ;
#1947 = PLANE ( 'NONE',  #3580 ) ;
#1948 = LINE ( 'NONE', #3284, #780 ) ;
#1949 = CIRCLE ( 'NONE', #1669, 0.01724711866560588169 ) ;
#1950 = EDGE_CURVE ( 'NONE', #1012, #1838, #3354, .T. ) ;
#1951 = ORIENTED_EDGE ( 'NONE', *, *, #2311, .T. ) ;
#1952 = VERTEX_POINT ( 'NONE', #1802 ) ;
#1953 = CARTESIAN_POINT ( 'NONE',  ( 0.09557007911008916223, 0.1930000000000000049, -0.08868827675322586701 ) ) ;
#1954 = CARTESIAN_POINT ( 'NONE',  ( -0.08300000000000005984, 0.1950000000000000067, 0.1149999999999999911 ) ) ;
#1955 = VECTOR ( 'NONE', #4110, 39.37007874015748143 ) ;
#1956 = VECTOR ( 'NONE', #3786, 39.37007874015748143 ) ;
#1957 = ADVANCED_FACE ( 'NONE', ( #468 ), #3414, .T. ) ;
#1958 = DIRECTION ( 'NONE',  ( 0.000000000000000000, -0.000000000000000000, 1.000000000000000000 ) ) ;
#1959 = CARTESIAN_POINT ( 'NONE',  ( -0.1250000000000000000, 0.1275000000000018063, 0.1649999999999999800 ) ) ;
#1960 = AXIS2_PLACEMENT_3D ( 'NONE', #2680, #1733, #2353 ) ;
#1961 = VERTEX_POINT ( 'NONE', #3699 ) ;
#1962 = VECTOR ( 'NONE', #3861, 39.37007874015748143 ) ;
#1963 = LINE ( 'NONE', #3278, #568 ) ;
#1964 = CARTESIAN_POINT ( 'NONE',  ( 0.1250000000000000000, 0.1274999999999982536, 0.1649999999999999800 ) ) ;
#1965 = DIRECTION ( 'NONE',  ( 1.000000000000000000, -1.437814733507495799E-16, -0.000000000000000000 ) ) ;
#1966 = VECTOR ( 'NONE', #2998, 39.37007874015748143 ) ;
#1967 = ORIENTED_EDGE ( 'NONE', *, *, #1594, .F. ) ;
#1968 = VERTEX_POINT ( 'NONE', #4010 ) ;
#1969 = VERTEX_POINT ( 'NONE', #1090 ) ;
#1970 = VERTEX_POINT ( 'NONE', #4026 ) ;
#1971 = PLANE ( 'NONE',  #3866 ) ;
#1972 = DIRECTION ( 'NONE',  ( -0.000000000000000000, 0.000000000000000000, 1.000000000000000000 ) ) ;
#1973 = LINE ( 'NONE', #974, #4189 ) ;
#1974 = ADVANCED_FACE ( 'NONE', ( #448 ), #78, .T. ) ;
#1975 = DIRECTION ( 'NONE',  ( -0.000000000000000000, -0.000000000000000000, 1.000000000000000000 ) ) ;
#1976 = VERTEX_POINT ( 'NONE', #2089 ) ;
#1977 = ORIENTED_EDGE ( 'NONE', *, *, #1497, .F. ) ;
#1978 = EDGE_LOOP ( 'NONE', ( #2725, #2034, #4031, #3402 ) ) ;
#1979 = CYLINDRICAL_SURFACE ( 'NONE', #1544, 0.01499999999999992485 ) ;
#1980 = CARTESIAN_POINT ( 'NONE',  ( 0.08255055456216964238, 0.1950000000000000067, -0.1173765535064516252 ) ) ;
#1981 = EDGE_CURVE ( 'NONE', #450, #1400, #401, .T. ) ;
#1982 = ORIENTED_EDGE ( 'NONE', *, *, #3331, .T. ) ;
#1983 = LINE ( 'NONE', #3289, #3659 ) ;
#1984 = CARTESIAN_POINT ( 'NONE',  ( -0.1475000000000000200, 0.05999999999999999778, -0.1200000000000000233 ) ) ;
#1985 = EDGE_CURVE ( 'NONE', #1881, #324, #2704, .T. ) ;
#1986 = VERTEX_POINT ( 'NONE', #2413 ) ;
#1987 = CARTESIAN_POINT ( 'NONE',  ( -0.1250000000000000000, 0.1275000000000018063, 0.08000000000000001554 ) ) ;
#1988 = VERTEX_POINT ( 'NONE', #3747 ) ;
#1989 = CARTESIAN_POINT ( 'NONE',  ( -0.1000000000000000056, 0.1930000000000000049, -0.09800000000000001765 ) ) ;
#1990 = VERTEX_POINT ( 'NONE', #3679 ) ;
#1991 = SURFACE_SIDE_STYLE ('',( #2841 ) ) ;
#1992 = CARTESIAN_POINT ( 'NONE',  ( 0.1624999999999999778, -0.1250000000000000555, 0.09999999999999999167 ) ) ;
#1993 = DIRECTION ( 'NONE',  ( 0.000000000000000000, 1.000000000000000000, 1.471900858655313724E-16 ) ) ;
#1994 = ORIENTED_EDGE ( 'NONE', *, *, #2258, .T. ) ;
#1995 = ORIENTED_EDGE ( 'NONE', *, *, #1575, .F. ) ;
#1996 = ADVANCED_FACE ( 'NONE', ( #3723 ), #2995, .T. ) ;
#1997 = DIRECTION ( 'NONE',  ( -0.000000000000000000, 1.000000000000000000, -0.000000000000000000 ) ) ;
#1998 = CARTESIAN_POINT ( 'NONE',  ( 0.1624999999999999778, -3.671313953020295178E-17, 0.1089999999999999997 ) ) ;
#1999 = DIRECTION ( 'NONE',  ( -0.000000000000000000, 1.000000000000000000, -0.000000000000000000 ) ) ;
#2000 = CARTESIAN_POINT ( 'NONE',  ( 0.07255055456217171517, 0.1950000000000000067, 0.09131172324677422347 ) ) ;
#2001 = VERTEX_POINT ( 'NONE', #2681 ) ;
#2002 = ADVANCED_FACE ( 'NONE', ( #2114 ), #3395, .T. ) ;
#2003 = ORIENTED_EDGE ( 'NONE', *, *, #888, .T. ) ;
#2004 = DIRECTION ( 'NONE',  ( 0.000000000000000000, 0.000000000000000000, -1.000000000000000000 ) ) ;
#2005 = VECTOR ( 'NONE', #915, 39.37007874015748143 ) ;
#2006 = DIRECTION ( 'NONE',  ( 1.000000000000000000, 3.794233324533693590E-15, 0.000000000000000000 ) ) ;
#2007 = ORIENTED_EDGE ( 'NONE', *, *, #2266, .F. ) ;
#2008 = VERTEX_POINT ( 'NONE', #2742 ) ;
#2009 = CIRCLE ( 'NONE', #2665, 0.01324711866560588855 ) ;
#2010 = EDGE_CURVE ( 'NONE', #700, #2929, #2009, .T. ) ;
#2011 = ORIENTED_EDGE ( 'NONE', *, *, #2724, .F. ) ;
#2012 = LINE ( 'NONE', #1703, #2502 ) ;
#2013 = SURFACE_SIDE_STYLE ('',( #681 ) ) ;
#2014 = CIRCLE ( 'NONE', #1527, 0.01324711866560588855 ) ;
#2015 = FACE_OUTER_BOUND ( 'NONE', #2821, .T. ) ;
#2016 = ORIENTED_EDGE ( 'NONE', *, *, #1472, .T. ) ;
#2017 = SURFACE_STYLE_USAGE ( .BOTH. , #3633 ) ;
#2018 = DIRECTION ( 'NONE',  ( 0.000000000000000000, 0.9836065573770491621, -0.1803278688524587448 ) ) ;
#2019 = DIRECTION ( 'NONE',  ( 0.000000000000000000, 1.000000000000000000, 0.000000000000000000 ) ) ;
#2020 = DIRECTION ( 'NONE',  ( -0.000000000000000000, -0.000000000000000000, 1.000000000000000000 ) ) ;
#2021 = VECTOR ( 'NONE', #2810, 39.37007874015748143 ) ;
#2022 = VECTOR ( 'NONE', #2344, 39.37007874015748143 ) ;
#2023 = FACE_OUTER_BOUND ( 'NONE', #3035, .T. ) ;
#2024 = DIRECTION ( 'NONE',  ( -0.7548811369798864579, -0.000000000000000000, 0.6558616233870936396 ) ) ;
#2025 = EDGE_CURVE ( 'NONE', #8, #807, #2767, .T. ) ;
#2026 = EDGE_CURVE ( 'NONE', #3557, #1590, #2354, .T. ) ;
#2027 = AXIS2_PLACEMENT_3D ( 'NONE', #1081, #1376, #3653 ) ;
#2028 = ORIENTED_EDGE ( 'NONE', *, *, #881, .F. ) ;
#2029 = DIRECTION ( 'NONE',  ( -0.000000000000000000, -0.000000000000000000, 1.000000000000000000 ) ) ;
#2030 = AXIS2_PLACEMENT_3D ( 'NONE', #537, #3435, #1801 ) ;
#2031 = PLANE ( 'NONE',  #908 ) ;
#2032 = ADVANCED_FACE ( 'NONE', ( #3019 ), #1714, .F. ) ;
#2033 = PRESENTATION_LAYER_ASSIGNMENT (  '', '', ( #2105 ) ) ;
#2034 = ORIENTED_EDGE ( 'NONE', *, *, #972, .F. ) ;
#2035 = EDGE_LOOP ( 'NONE', ( #1032, #3513, #2750, #768, #3933, #4104 ) ) ;
#2036 = CLOSED_SHELL ( 'NONE', ( #1276, #239, #2061, #1974, #1005, #3110 ) ) ;
#2037 = ORIENTED_EDGE ( 'NONE', *, *, #4077, .F. ) ;
#2038 = VECTOR ( 'NONE', #1659, 39.37007874015748143 ) ;
#2039 = LINE ( 'NONE', #27, #1593 ) ;
#2040 = VECTOR ( 'NONE', #1635, 39.37007874015748143 ) ;
#2041 = DIRECTION ( 'NONE',  ( -0.000000000000000000, -0.000000000000000000, 1.000000000000000000 ) ) ;
#2042 = ORIENTED_EDGE ( 'NONE', *, *, #4092, .F. ) ;
#2043 = ADVANCED_FACE ( 'NONE', ( #730 ), #910, .F. ) ;
#2044 = ORIENTED_EDGE ( 'NONE', *, *, #1682, .T. ) ;
#2045 =( NAMED_UNIT ( * ) SI_UNIT ( $, .STERADIAN. ) SOLID_ANGLE_UNIT ( ) );
#2046 = LINE ( 'NONE', #2990, #1197 ) ;
#2047 = CARTESIAN_POINT ( 'NONE',  ( -0.1475000000000000200, 0.1125000000000018069, -0.08000000000000001554 ) ) ;
#2048 = FACE_OUTER_BOUND ( 'NONE', #339, .T. ) ;
#2049 = EDGE_LOOP ( 'NONE', ( #977, #3884, #1331, #321 ) ) ;
#2050 = LINE ( 'NONE', #749, #279 ) ;
#2051 = DIRECTION ( 'NONE',  ( -1.000000000000000000, 1.437814733507495799E-16, 0.000000000000000000 ) ) ;
#2052 = VERTEX_POINT ( 'NONE', #1827 ) ;
#2053 = DIRECTION ( 'NONE',  ( 1.000000000000000000, -0.000000000000000000, -0.000000000000000000 ) ) ;
#2054 = CARTESIAN_POINT ( 'NONE',  ( -0.08300000000000005984, 0.1930000000000000049, 0.1149999999999999911 ) ) ;
#2055 = ADVANCED_FACE ( 'NONE', ( #2829 ), #1194, .T. ) ;
#2056 = DIRECTION ( 'NONE',  ( -0.000000000000000000, -0.000000000000000000, 1.000000000000000000 ) ) ;
#2057 = ORIENTED_EDGE ( 'NONE', *, *, #3595, .T. ) ;
#2058 = ORIENTED_EDGE ( 'NONE', *, *, #3686, .F. ) ;
#2059 = ORIENTED_EDGE ( 'NONE', *, *, #3867, .T. ) ;
#2060 = ORIENTED_EDGE ( 'NONE', *, *, #403, .F. ) ;
#2061 = ADVANCED_FACE ( 'NONE', ( #3436 ), #2521, .T. ) ;
#2062 = CARTESIAN_POINT ( 'NONE',  ( 0.08255055456216962850, 0.1950000000000000067, -0.1000000000000000194 ) ) ;
#2063 = DIRECTION ( 'NONE',  ( 0.000000000000000000, 0.000000000000000000, 1.000000000000000000 ) ) ;
#2064 = CARTESIAN_POINT ( 'NONE',  ( 0.1624999999999999778, -0.1160000000000000753, -0.09999999999999999167 ) ) ;
#2065 = ORIENTED_EDGE ( 'NONE', *, *, #489, .F. ) ;
#2066 = DIRECTION ( 'NONE',  ( 0.000000000000000000, -0.9836065573770491621, -0.1803278688524592999 ) ) ;
#2067 = DIRECTION ( 'NONE',  ( 0.000000000000000000, 0.000000000000000000, -1.000000000000000000 ) ) ;
#2068 = DIRECTION ( 'NONE',  ( -1.000000000000000000, 1.437814733507495799E-16, -0.000000000000000000 ) ) ;
#2069 = LINE ( 'NONE', #1387, #1321 ) ;
#2070 = ADVANCED_FACE ( 'NONE', ( #538 ), #3526, .T. ) ;
#2071 = DIRECTION ( 'NONE',  ( 0.000000000000000000, 1.000000000000000000, 0.000000000000000000 ) ) ;
#2072 = CARTESIAN_POINT ( 'NONE',  ( 0.08557007911008918111, 0.1930000000000000049, -0.1199999999999999817 ) ) ;
#2073 = CARTESIAN_POINT ( 'NONE',  ( -0.08700000000000000788, 0.1950000000000000067, -0.1019999999999999934 ) ) ;
#2074 = VERTEX_POINT ( 'NONE', #4140 ) ;
#2075 = DIRECTION ( 'NONE',  ( -1.000000000000000000, 0.000000000000000000, 0.000000000000000000 ) ) ;
#2076 = ORIENTED_EDGE ( 'NONE', *, *, #2820, .F. ) ;
#2077 = DIRECTION ( 'NONE',  ( 0.000000000000000000, 1.000000000000000000, 0.000000000000000000 ) ) ;
#2078 = CARTESIAN_POINT ( 'NONE',  ( -0.1475000000000000200, 0.1125000000000018069, -0.1200000000000000233 ) ) ;
#2079 = PLANE ( 'NONE',  #2679 ) ;
#2080 = VERTEX_POINT ( 'NONE', #582 ) ;
#2081 = VECTOR ( 'NONE', #1913, 39.37007874015748143 ) ;
#2082 = VECTOR ( 'NONE', #2951, 39.37007874015748143 ) ;
#2083 = DIRECTION ( 'NONE',  ( -1.000000000000000000, 3.794233324533693590E-15, 0.000000000000000000 ) ) ;
#2084 = CARTESIAN_POINT ( 'NONE',  ( 0.1525000000000000244, -3.307096055823022756E-17, -0.09100000000000001144 ) ) ;
#2085 = CARTESIAN_POINT ( 'NONE',  ( -0.08299999999999999045, 0.1930000000000000049, -0.09800000000000001765 ) ) ;
#2086 = VERTEX_POINT ( 'NONE', #1888 ) ;
#2087 = CIRCLE ( 'NONE', #1803, 0.008999999999999992381 ) ;
#2088 = LINE ( 'NONE', #424, #144 ) ;
#2089 = CARTESIAN_POINT ( 'NONE',  ( -0.1000000000000000056, 0.1930000000000000049, -0.1019999999999999934 ) ) ;
#2090 = EDGE_CURVE ( 'NONE', #3273, #1904, #521, .T. ) ;
#2091 = VERTEX_POINT ( 'NONE', #1232 ) ;
#2092 = VECTOR ( 'NONE', #205, 39.37007874015748143 ) ;
#2093 = DIRECTION ( 'NONE',  ( 0.000000000000000000, 0.000000000000000000, -1.000000000000000000 ) ) ;
#2094 = VERTEX_POINT ( 'NONE', #1499 ) ;
#2095 = DIRECTION ( 'NONE',  ( 0.000000000000000000, 1.000000000000000000, -0.000000000000000000 ) ) ;
#2096 = AXIS2_PLACEMENT_3D ( 'NONE', #1684, #310, #2249 ) ;
#2097 = ORIENTED_EDGE ( 'NONE', *, *, #3823, .T. ) ;
#2098 = CIRCLE ( 'NONE', #770, 0.01724711866560588169 ) ;
#2099 = ORIENTED_EDGE ( 'NONE', *, *, #3499, .F. ) ;
#2100 = FILL_AREA_STYLE_COLOUR ( '', #4256 ) ;
#2101 = DIRECTION ( 'NONE',  ( -0.000000000000000000, -0.000000000000000000, -1.000000000000000000 ) ) ;
#2102 = VECTOR ( 'NONE', #1566, 39.37007874015748143 ) ;
#2103 = EDGE_LOOP ( 'NONE', ( #2037, #1120, #3326, #994, #1490, #229 ) ) ;
#2104 = FACE_OUTER_BOUND ( 'NONE', #132, .T. ) ;
#2105 = STYLED_ITEM ( 'NONE', ( #1273 ), #1494 ) ;
#2106 = VECTOR ( 'NONE', #4209, 39.37007874015748143 ) ;
#2107 = FACE_OUTER_BOUND ( 'NONE', #1141, .T. ) ;
#2108 = ADVANCED_FACE ( 'NONE', ( #3480 ), #2149, .F. ) ;
#2109 = CARTESIAN_POINT ( 'NONE',  ( 0.1475000000000000200, 0.1275000000000017231, -0.1200000000000000233 ) ) ;
#2110 = LINE ( 'NONE', #4069, #1810 ) ;
#2111 = VECTOR ( 'NONE', #1154, 39.37007874015748143 ) ;
#2112 = DIRECTION ( 'NONE',  ( -0.000000000000000000, 1.000000000000000000, -0.000000000000000000 ) ) ;
#2113 = DIRECTION ( 'NONE',  ( 0.000000000000000000, -0.000000000000000000, -1.000000000000000000 ) ) ;
#2114 = FACE_OUTER_BOUND ( 'NONE', #2698, .T. ) ;
#2115 = EDGE_CURVE ( 'NONE', #2008, #573, #3461, .T. ) ;
#2116 = EDGE_LOOP ( 'NONE', ( #3453, #2823, #3335, #2363, #3122, #2448, #1267, #281, #2420 ) ) ;
#2117 = CARTESIAN_POINT ( 'NONE',  ( 0.1525000000000000244, -3.527532479669546461E-17, 0.1089999999999999997 ) ) ;
#2118 = ADVANCED_FACE ( 'NONE', ( #197 ), #4091, .F. ) ;
#2119 = VERTEX_POINT ( 'NONE', #2537 ) ;
#2120 = FACE_OUTER_BOUND ( 'NONE', #4066, .T. ) ;
#2121 = CARTESIAN_POINT ( 'NONE',  ( 0.1475000000000000200, 0.1175000000000017836, 0.08000000000000001554 ) ) ;
#2122 = ORIENTED_EDGE ( 'NONE', *, *, #1256, .F. ) ;
#2123 = ORIENTED_EDGE ( 'NONE', *, *, #3854, .T. ) ;
#2124 = EDGE_CURVE ( 'NONE', #3257, #1986, #3809, .T. ) ;
#2125 = DIRECTION ( 'NONE',  ( 2.592780666980726406E-17, 0.1803278688524587725, -0.9836065573770492731 ) ) ;
#2126 = ORIENTED_EDGE ( 'NONE', *, *, #4231, .T. ) ;
#2127 = EDGE_LOOP ( 'NONE', ( #2921, #1977, #1285, #3537, #2574, #3488 ) ) ;
#2128 = CARTESIAN_POINT ( 'NONE',  ( 0.09557007911009124390, 0.1950000000000000067, 0.1113117232467741857 ) ) ;
#2129 = FACE_OUTER_BOUND ( 'NONE', #3927, .T. ) ;
#2130 = CARTESIAN_POINT ( 'NONE',  ( 0.1250000000000000000, 0.1950000000000000067, 0.1561134564128507374 ) ) ;
#2131 = VERTEX_POINT ( 'NONE', #2846 ) ;
#2132 = CARTESIAN_POINT ( 'NONE',  ( 0.07255055456216963350, 0.1930000000000000049, -0.1086882767532258293 ) ) ;
#2133 = DIRECTION ( 'NONE',  ( -0.000000000000000000, 1.000000000000000000, -0.000000000000000000 ) ) ;
#2134 = ORIENTED_EDGE ( 'NONE', *, *, #2916, .F. ) ;
#2135 = EDGE_CURVE ( 'NONE', #1431, #1002, #1541, .T. ) ;
#2136 = CARTESIAN_POINT ( 'NONE',  ( 0.1161134564128507712, 0.1950000000000000067, -0.1561134564128507929 ) ) ;
#2137 = CARTESIAN_POINT ( 'NONE',  ( 0.1625000000000000056, -0.1250000000000000278, 0.08000000000000001554 ) ) ;
#2138 = DIRECTION ( 'NONE',  ( 1.000000000000000000, -0.000000000000000000, -0.000000000000000000 ) ) ;
#2139 = ORIENTED_EDGE ( 'NONE', *, *, #2765, .T. ) ;
#2140 = DIRECTION ( 'NONE',  ( 0.7548811369798824611, -0.000000000000000000, -0.6558616233870981915 ) ) ;
#2141 = PLANE ( 'NONE',  #1460 ) ;
#2142 = EDGE_CURVE ( 'NONE', #3987, #417, #1846, .T. ) ;
#2143 = LINE ( 'NONE', #193, #2498 ) ;
#2144 = CARTESIAN_POINT ( 'NONE',  ( -0.1236834750241260633, 0.1175000000000017975, 0.1200000000000000233 ) ) ;
#2145 = CARTESIAN_POINT ( 'NONE',  ( 0.08557007911009124890, 0.1930000000000000049, 0.08000000000000002942 ) ) ;
#2146 = UNCERTAINTY_MEASURE_WITH_UNIT (LENGTH_MEASURE( 1.000000000000000082E-05 ), #264, 'distance_accuracy_value', 'NONE');
#2147 = AXIS2_PLACEMENT_3D ( 'NONE', #3109, #1150, #560 ) ;
#2148 = LINE ( 'NONE', #495, #2751 ) ;
#2149 = PLANE ( 'NONE',  #1661 ) ;
#2150 = VECTOR ( 'NONE', #886, 39.37007874015748143 ) ;
#2151 = VECTOR ( 'NONE', #3067, 39.37007874015748143 ) ;
#2152 = DIRECTION ( 'NONE',  ( 0.000000000000000000, -1.000000000000000000, 0.000000000000000000 ) ) ;
#2153 =( LENGTH_UNIT ( ) NAMED_UNIT ( * ) SI_UNIT ( $, .METRE. ) );
#2154 = LINE ( 'NONE', #1135, #66 ) ;
#2155 = FACE_OUTER_BOUND ( 'NONE', #3049, .T. ) ;
#2156 = AXIS2_PLACEMENT_3D ( 'NONE', #106, #2726, #3090 ) ;
#2157 = ORIENTED_EDGE ( 'NONE', *, *, #935, .T. ) ;
#2158 = ORIENTED_EDGE ( 'NONE', *, *, #1359, .T. ) ;
#2159 = ORIENTED_EDGE ( 'NONE', *, *, #2328, .T. ) ;
#2160 = VERTEX_POINT ( 'NONE', #3130 ) ;
#2161 = AXIS2_PLACEMENT_3D ( 'NONE', #2986, #2400, #69 ) ;
#2162 = EDGE_CURVE ( 'NONE', #1340, #2307, #178, .T. ) ;
#2163 = DIRECTION ( 'NONE',  ( 0.000000000000000000, 0.000000000000000000, 1.000000000000000000 ) ) ;
#2164 = EDGE_CURVE ( 'NONE', #2587, #1858, #1514, .T. ) ;
#2165 = ORIENTED_EDGE ( 'NONE', *, *, #1415, .T. ) ;
#2166 = ORIENTED_EDGE ( 'NONE', *, *, #3099, .F. ) ;
#2167 = ORIENTED_EDGE ( 'NONE', *, *, #2397, .F. ) ;
#2168 = LINE ( 'NONE', #516, #1409 ) ;
#2169 = CARTESIAN_POINT ( 'NONE',  ( -0.08700000000000000788, 0.1930000000000000049, -0.1019999999999999934 ) ) ;
#2170 = EDGE_CURVE ( 'NONE', #1115, #2664, #872, .T. ) ;
#2171 = LINE ( 'NONE', #2518, #2350 ) ;
#2172 = CIRCLE ( 'NONE', #637, 0.01499999999999994220 ) ;
#2173 = PRESENTATION_LAYER_ASSIGNMENT (  '', '', ( #714 ) ) ;
#2174 = LINE ( 'NONE', #219, #2102 ) ;
#2175 = DIRECTION ( 'NONE',  ( -1.000000000000000000, 0.000000000000000000, 0.000000000000000000 ) ) ;
#2176 = MECHANICAL_DESIGN_GEOMETRIC_PRESENTATION_REPRESENTATION (  '', ( #923 ), #3252 ) ;
#2177 = ORIENTED_EDGE ( 'NONE', *, *, #1925, .F. ) ;
#2178 = DIRECTION ( 'NONE',  ( 1.000000000000000000, -0.000000000000000000, -0.000000000000000000 ) ) ;
#2179 = CARTESIAN_POINT ( 'NONE',  ( 0.08255055456217171017, 0.1930000000000000049, 0.1000000000000000194 ) ) ;
#2180 = DIRECTION ( 'NONE',  ( 1.437814733507495799E-16, -1.000000000000000000, 0.000000000000000000 ) ) ;
#2181 = DIRECTION ( 'NONE',  ( -0.000000000000000000, 1.000000000000000000, -0.000000000000000000 ) ) ;
#2182 = EDGE_CURVE ( 'NONE', #3320, #3405, #1567, .T. ) ;
#2183 = DIRECTION ( 'NONE',  ( 0.000000000000000000, 0.000000000000000000, -1.000000000000000000 ) ) ;
#2184 = ORIENTED_EDGE ( 'NONE', *, *, #1740, .F. ) ;
#2185 = CARTESIAN_POINT ( 'NONE',  ( 0.1625000000000000056, -0.1250000000000000278, 0.08000000000000001554 ) ) ;
#2186 = EDGE_CURVE ( 'NONE', #100, #316, #3615, .T. ) ;
#2187 = CARTESIAN_POINT ( 'NONE',  ( -0.1250000000000000000, 0.1275000000000018063, 0.08000000000000001554 ) ) ;
#2188 = ORIENTED_EDGE ( 'NONE', *, *, #432, .T. ) ;
#2189 = EDGE_LOOP ( 'NONE', ( #2279, #3450, #3689, #709 ) ) ;
#2190 = CARTESIAN_POINT ( 'NONE',  ( 0.1624999999999999778, -3.671313953020295178E-17, -0.1089999999999999997 ) ) ;
#2191 = CARTESIAN_POINT ( 'NONE',  ( 0.1475000000000000200, 0.1275000000000017231, 0.08000000000000001554 ) ) ;
#2192 = LINE ( 'NONE', #4136, #1885 ) ;
#2193 = LINE ( 'NONE', #162, #2626 ) ;
#2194 = CARTESIAN_POINT ( 'NONE',  ( 0.1475000000000000200, 0.1125000000000018069, 0.08000000000000001554 ) ) ;
#2195 = EDGE_CURVE ( 'NONE', #1952, #1439, #3288, .T. ) ;
#2196 = DIRECTION ( 'NONE',  ( -0.000000000000000000, -0.000000000000000000, -1.000000000000000000 ) ) ;
#2197 = CARTESIAN_POINT ( 'NONE',  ( -0.08700000000000000788, 0.1930000000000000049, -0.1150000000000000189 ) ) ;
#2198 = DIRECTION ( 'NONE',  ( -1.000000000000000000, 1.437814733507495799E-16, -0.000000000000000000 ) ) ;
#2199 = LINE ( 'NONE', #2121, #2151 ) ;
#2200 = VERTEX_POINT ( 'NONE', #2572 ) ;
#2201 = EDGE_LOOP ( 'NONE', ( #1093, #2611, #1187, #2122 ) ) ;
#2202 = ORIENTED_EDGE ( 'NONE', *, *, #4099, .T. ) ;
#2203 = ORIENTED_EDGE ( 'NONE', *, *, #1579, .F. ) ;
#2204 = ORIENTED_EDGE ( 'NONE', *, *, #1262, .T. ) ;
#2205 = LINE ( 'NONE', #842, #2558 ) ;
#2206 = LINE ( 'NONE', #3500, #3078 ) ;
#2207 = DIRECTION ( 'NONE',  ( 0.000000000000000000, 0.000000000000000000, -1.000000000000000000 ) ) ;
#2208 = CARTESIAN_POINT ( 'NONE',  ( -0.08299999999999999045, 0.1930000000000000049, -0.1019999999999999934 ) ) ;
#2209 = DIRECTION ( 'NONE',  ( -0.000000000000000000, 1.000000000000000000, -0.000000000000000000 ) ) ;
#2210 = ORIENTED_EDGE ( 'NONE', *, *, #179, .F. ) ;
#2211 = VECTOR ( 'NONE', #1124, 39.37007874015748143 ) ;
#2212 = CYLINDRICAL_SURFACE ( 'NONE', #1069, 0.004999999999999981022 ) ;
#2213 = CARTESIAN_POINT ( 'NONE',  ( 0.1525000000000000244, -0.1160000000000000753, -0.09999999999999999167 ) ) ;
#2214 = AXIS2_PLACEMENT_3D ( 'NONE', #233, #3004, #439 ) ;
#2215 = CARTESIAN_POINT ( 'NONE',  ( 0.1624999999999999778, -3.450877529173771473E-17, 0.09100000000000001144 ) ) ;
#2216 = EDGE_CURVE ( 'NONE', #94, #1290, #687, .T. ) ;
#2217 = VECTOR ( 'NONE', #830, 39.37007874015748143 ) ;
#2218 = ORIENTED_EDGE ( 'NONE', *, *, #1798, .F. ) ;
#2219 = AXIS2_PLACEMENT_3D ( 'NONE', #533, #4109, #2495 ) ;
#2220 = ORIENTED_EDGE ( 'NONE', *, *, #3292, .T. ) ;
#2221 = FACE_OUTER_BOUND ( 'NONE', #3956, .T. ) ;
#2222 = ORIENTED_EDGE ( 'NONE', *, *, #2837, .T. ) ;
#2223 =( CONVERSION_BASED_UNIT ( 'INCH', #900 ) LENGTH_UNIT ( ) NAMED_UNIT ( #2678 ) );
#2224 = AXIS2_PLACEMENT_3D ( 'NONE', #631, #1965, #3259 ) ;
#2225 = ORIENTED_EDGE ( 'NONE', *, *, #4089, .F. ) ;
#2226 = AXIS2_PLACEMENT_3D ( 'NONE', #1220, #4210, #1283 ) ;
#2227 = ORIENTED_EDGE ( 'NONE', *, *, #113, .T. ) ;
#2228 = ORIENTED_EDGE ( 'NONE', *, *, #3255, .F. ) ;
#2229 = DIRECTION ( 'NONE',  ( 0.000000000000000000, 0.1305261922200485203, 0.9914448613738108262 ) ) ;
#2230 = DIRECTION ( 'NONE',  ( 0.000000000000000000, 0.000000000000000000, 1.000000000000000000 ) ) ;
#2231 = VECTOR ( 'NONE', #594, 39.37007874015748143 ) ;
#2232 = ADVANCED_FACE ( 'NONE', ( #1647 ), #2620, .T. ) ;
#2233 = AXIS2_PLACEMENT_3D ( 'NONE', #3722, #776, #2438 ) ;
#2234 = CYLINDRICAL_SURFACE ( 'NONE', #423, 0.01499999999999994220 ) ;
#2235 = DIRECTION ( 'NONE',  ( 0.000000000000000000, 0.000000000000000000, -1.000000000000000000 ) ) ;
#2236 = AXIS2_PLACEMENT_3D ( 'NONE', #1727, #442, #1086 ) ;
#2237 = EDGE_CURVE ( 'NONE', #2393, #1012, #751, .T. ) ;
#2238 = DIRECTION ( 'NONE',  ( 0.000000000000000000, 0.000000000000000000, 1.000000000000000000 ) ) ;
#2239 = FACE_OUTER_BOUND ( 'NONE', #969, .T. ) ;
#2240 = VECTOR ( 'NONE', #1643, 39.37007874015748143 ) ;
#2241 = CYLINDRICAL_SURFACE ( 'NONE', #2286, 0.008999999999999992381 ) ;
#2242 = ADVANCED_FACE ( 'NONE', ( #620 ), #3247, .F. ) ;
#2243 = ORIENTED_EDGE ( 'NONE', *, *, #1903, .F. ) ;
#2244 = PRESENTATION_STYLE_ASSIGNMENT (( #1242 ) ) ;
#2245 = EDGE_CURVE ( 'NONE', #4101, #2330, #260, .T. ) ;
#2246 = ORIENTED_EDGE ( 'NONE', *, *, #1844, .T. ) ;
#2247 = FILL_AREA_STYLE_COLOUR ( '', #500 ) ;
#2248 = CARTESIAN_POINT ( 'NONE',  ( 0.07255055456217171517, 0.1930000000000000049, 0.09131172324677422347 ) ) ;
#2249 = DIRECTION ( 'NONE',  ( 0.000000000000000000, 0.000000000000000000, -1.000000000000000000 ) ) ;
#2250 = ORIENTED_EDGE ( 'NONE', *, *, #3107, .F. ) ;
#2251 = CARTESIAN_POINT ( 'NONE',  ( -0.1250000000000000000, 0.1950000000000000067, -0.1561134564128507929 ) ) ;
#2252 = DIRECTION ( 'NONE',  ( -1.000000000000000000, 0.000000000000000000, 0.000000000000000000 ) ) ;
#2253 = DIRECTION ( 'NONE',  ( 1.000000000000000000, 0.000000000000000000, 5.691349986800547879E-16 ) ) ;
#2254 = DIRECTION ( 'NONE',  ( 0.000000000000000000, 0.000000000000000000, -1.000000000000000000 ) ) ;
#2255 = DIRECTION ( 'NONE',  ( -1.000000000000000000, 1.437814733507495799E-16, -0.000000000000000000 ) ) ;
#2256 = CARTESIAN_POINT ( 'NONE',  ( 0.1236834750241260633, 0.1175000000000017975, -0.08000000000000001554 ) ) ;
#2257 = DIRECTION ( 'NONE',  ( 0.1294283079955605154, -0.9831056027603609637, -0.1294283079955607929 ) ) ;
#2258 = EDGE_CURVE ( 'NONE', #3943, #2793, #1605, .T. ) ;
#2259 = VERTEX_POINT ( 'NONE', #3311 ) ;
#2260 = EDGE_LOOP ( 'NONE', ( #3573, #3232, #4216, #2469 ) ) ;
#2261 = DIRECTION ( 'NONE',  ( 1.000000000000000000, -3.794233324533693590E-15, 0.000000000000000000 ) ) ;
#2262 = VERTEX_POINT ( 'NONE', #4249 ) ;
#2263 = DIRECTION ( 'NONE',  ( -0.000000000000000000, 1.000000000000000000, -0.000000000000000000 ) ) ;
#2264 = CARTESIAN_POINT ( 'NONE',  ( -0.08700000000000000788, 0.1950000000000000067, -0.1150000000000000189 ) ) ;
#2265 = DIRECTION ( 'NONE',  ( 0.000000000000000000, 0.000000000000000000, 1.000000000000000000 ) ) ;
#2266 = EDGE_CURVE ( 'NONE', #4153, #810, #4178, .T. ) ;
#2267 = CARTESIAN_POINT ( 'NONE',  ( -0.1161134564128507574, 0.05999999999999999084, 0.1561134564128507374 ) ) ;
#2268 = CARTESIAN_POINT ( 'NONE',  ( -0.1525000000000000244, 0.1036979306638017850, 0.1280112872883636954 ) ) ;
#2269 = CARTESIAN_POINT ( 'NONE',  ( 0.000000000000000000, 0.1950000000000000067, 0.000000000000000000 ) ) ;
#2270 = LINE ( 'NONE', #625, #2602 ) ;
#2271 = VECTOR ( 'NONE', #2024, 39.37007874015748143 ) ;
#2272 = ADVANCED_BREP_SHAPE_REPRESENTATION ( 'DB207', ( #55, #1573, #1494, #2982, #1515, #156, #42, #2886, #2978, #3083 ), #479 ) ;
#2273 = ORIENTED_EDGE ( 'NONE', *, *, #3971, .F. ) ;
#2274 = AXIS2_PLACEMENT_3D ( 'NONE', #3886, #2908, #357 ) ;
#2275 = CARTESIAN_POINT ( 'NONE',  ( -0.08299999999999999045, 0.1930000000000000049, -0.1150000000000000189 ) ) ;
#2276 = CARTESIAN_POINT ( 'NONE',  ( 0.1624999999999999778, -3.671313953020295178E-17, -0.1089999999999999997 ) ) ;
#2277 = VECTOR ( 'NONE', #348, 39.37007874015748143 ) ;
#2278 = DIRECTION ( 'NONE',  ( 0.000000000000000000, 0.000000000000000000, 1.000000000000000000 ) ) ;
#2279 = ORIENTED_EDGE ( 'NONE', *, *, #234, .F. ) ;
#2280 = VERTEX_POINT ( 'NONE', #1998 ) ;
#2281 = ADVANCED_FACE ( 'NONE', ( #1317 ), #2889, .T. ) ;
#2282 = AXIS2_PLACEMENT_3D ( 'NONE', #3684, #1423, #3337 ) ;
#2283 = CARTESIAN_POINT ( 'NONE',  ( 0.08557007911009124890, 0.1950000000000000067, 0.1026234464935483898 ) ) ;
#2284 = FACE_OUTER_BOUND ( 'NONE', #3445, .T. ) ;
#2285 = ORIENTED_EDGE ( 'NONE', *, *, #2162, .F. ) ;
#2286 = AXIS2_PLACEMENT_3D ( 'NONE', #4146, #2656, #4186 ) ;
#2287 = ORIENTED_EDGE ( 'NONE', *, *, #2288, .F. ) ;
#2288 = EDGE_CURVE ( 'NONE', #1173, #506, #980, .T. ) ;
#2289 = ORIENTED_EDGE ( 'NONE', *, *, #3924, .F. ) ;
#2290 = LINE ( 'NONE', #1928, #706 ) ;
#2291 = DIRECTION ( 'NONE',  ( -0.9914448613738107152, -0.1305261922200490754, 0.000000000000000000 ) ) ;
#2292 = CIRCLE ( 'NONE', #419, 0.01499999999999994220 ) ;
#2293 = LINE ( 'NONE', #3596, #2953 ) ;
#2294 = DIRECTION ( 'NONE',  ( 1.000000000000000000, 0.000000000000000000, 0.000000000000000000 ) ) ;
#2295 = AXIS2_PLACEMENT_3D ( 'NONE', #2950, #2907, #1909 ) ;
#2296 = DIRECTION ( 'NONE',  ( 0.000000000000000000, 0.000000000000000000, 1.000000000000000000 ) ) ;
#2297 = VECTOR ( 'NONE', #4134, 39.37007874015748143 ) ;
#2298 = EDGE_LOOP ( 'NONE', ( #375, #169, #3496, #860 ) ) ;
#2299 = LINE ( 'NONE', #2937, #2424 ) ;
#2300 = FACE_OUTER_BOUND ( 'NONE', #548, .T. ) ;
#2301 = EDGE_CURVE ( 'NONE', #2920, #946, #3218, .T. ) ;
#2302 = ORIENTED_EDGE ( 'NONE', *, *, #2306, .T. ) ;
#2303 = CARTESIAN_POINT ( 'NONE',  ( -0.08700000000000004952, 0.1930000000000000049, 0.08499999999999997835 ) ) ;
#2304 = CARTESIAN_POINT ( 'NONE',  ( -0.08299999999999999045, 0.1950000000000000067, -0.1019999999999999934 ) ) ;
#2305 = DIRECTION ( 'NONE',  ( 1.000000000000000000, 0.000000000000000000, -0.000000000000000000 ) ) ;
#2306 = EDGE_CURVE ( 'NONE', #2074, #337, #3272, .T. ) ;
#2307 = VERTEX_POINT ( 'NONE', #1954 ) ;
#2308 = CARTESIAN_POINT ( 'NONE',  ( -0.08299999999999999045, 0.1930000000000000049, -0.08500000000000001998 ) ) ;
#2309 = CARTESIAN_POINT ( 'NONE',  ( 0.1250000000000000000, 0.1275000000000018063, -0.08000000000000001554 ) ) ;
#2310 = ORIENTED_EDGE ( 'NONE', *, *, #3620, .T. ) ;
#2311 = EDGE_CURVE ( 'NONE', #2797, #89, #1726, .T. ) ;
#2312 = CARTESIAN_POINT ( 'NONE',  ( 0.08255055456216964238, 0.1950000000000000067, -0.1173765535064516252 ) ) ;
#2313 = CARTESIAN_POINT ( 'NONE',  ( -0.1525000000000000244, 0.1107927976350460836, -0.07068798710024160048 ) ) ;
#2314 = EDGE_CURVE ( 'NONE', #4101, #1854, #1626, .T. ) ;
#2315 = CARTESIAN_POINT ( 'NONE',  ( -0.1624999999999999778, 1.001583930879065243E-17, 0.1089999999999999997 ) ) ;
#2316 = DIRECTION ( 'NONE',  ( 0.000000000000000000, 1.000000000000000000, 0.000000000000000000 ) ) ;
#2317 = VERTEX_POINT ( 'NONE', #331 ) ;
#2318 = FACE_OUTER_BOUND ( 'NONE', #513, .T. ) ;
#2319 = DIRECTION ( 'NONE',  ( 0.000000000000000000, 0.000000000000000000, 1.000000000000000000 ) ) ;
#2320 = ORIENTED_EDGE ( 'NONE', *, *, #2216, .F. ) ;
#2321 = VERTEX_POINT ( 'NONE', #1295 ) ;
#2322 =( NAMED_UNIT ( * ) PLANE_ANGLE_UNIT ( ) SI_UNIT ( $, .RADIAN. ) );
#2323 = ORIENTED_EDGE ( 'NONE', *, *, #4003, .F. ) ;
#2324 = DIRECTION ( 'NONE',  ( 0.000000000000000000, 1.000000000000000000, 0.000000000000000000 ) ) ;
#2325 = DIRECTION ( 'NONE',  ( 1.000000000000000000, 0.000000000000000000, 0.000000000000000000 ) ) ;
#2326 = DIRECTION ( 'NONE',  ( -0.1294283079955606541, 0.9831056027603609637, 0.1294283079955606541 ) ) ;
#2327 = DIRECTION ( 'NONE',  ( 0.000000000000000000, 1.000000000000000000, 0.000000000000000000 ) ) ;
#2328 = EDGE_CURVE ( 'NONE', #1008, #2594, #2597, .T. ) ;
#2329 = CARTESIAN_POINT ( 'NONE',  ( 0.1475000000000000200, 0.1275000000000017231, 0.1200000000000000233 ) ) ;
#2330 = VERTEX_POINT ( 'NONE', #1344 ) ;
#2331 = ORIENTED_EDGE ( 'NONE', *, *, #2514, .T. ) ;
#2332 = CARTESIAN_POINT ( 'NONE',  ( -0.08700000000000000788, 0.1930000000000000049, -0.08500000000000001998 ) ) ;
#2333 = EDGE_CURVE ( 'NONE', #1447, #790, #2639, .T. ) ;
#2334 = VECTOR ( 'NONE', #269, 39.37007874015748143 ) ;
#2335 = PLANE ( 'NONE',  #1395 ) ;
#2336 = DIRECTION ( 'NONE',  ( 0.000000000000000000, -0.000000000000000000, -1.000000000000000000 ) ) ;
#2337 = ORIENTED_EDGE ( 'NONE', *, *, #1651, .T. ) ;
#2338 = ORIENTED_EDGE ( 'NONE', *, *, #2539, .T. ) ;
#2339 = VECTOR ( 'NONE', #1864, 39.37007874015748143 ) ;
#2340 = ORIENTED_EDGE ( 'NONE', *, *, #3346, .F. ) ;
#2341 = CARTESIAN_POINT ( 'NONE',  ( 0.08557007911009124890, 0.1930000000000000049, 0.1199999999999999817 ) ) ;
#2342 = CARTESIAN_POINT ( 'NONE',  ( 0.08557007911008918111, 0.1930000000000000049, -0.1199999999999999817 ) ) ;
#2343 = AXIS2_PLACEMENT_3D ( 'NONE', #1338, #4199, #3238 ) ;
#2344 = DIRECTION ( 'NONE',  ( 0.000000000000000000, 1.000000000000000000, 0.000000000000000000 ) ) ;
#2345 = AXIS2_PLACEMENT_3D ( 'NONE', #1673, #2960, #1350 ) ;
#2346 = ORIENTED_EDGE ( 'NONE', *, *, #1092, .F. ) ;
#2347 = DIRECTION ( 'NONE',  ( 0.000000000000000000, 0.9836065573770491621, -0.1803278688524587448 ) ) ;
#2348 = DIRECTION ( 'NONE',  ( -1.000000000000000000, 0.000000000000000000, 0.000000000000000000 ) ) ;
#2349 = CARTESIAN_POINT ( 'NONE',  ( 0.1624999999999999778, 0.1125000000000018069, -0.08000000000000001554 ) ) ;
#2350 = VECTOR ( 'NONE', #1536, 39.37007874015748143 ) ;
#2351 = EDGE_CURVE ( 'NONE', #723, #2259, #3743, .T. ) ;
#2352 = AXIS2_PLACEMENT_3D ( 'NONE', #2945, #1339, #3940 ) ;
#2353 = DIRECTION ( 'NONE',  ( 0.000000000000000000, 0.000000000000000000, 1.000000000000000000 ) ) ;
#2354 = LINE ( 'NONE', #3661, #3968 ) ;
#2355 = VECTOR ( 'NONE', #731, 39.37007874015748143 ) ;
#2356 = EDGE_CURVE ( 'NONE', #9, #962, #378, .T. ) ;
#2357 = DIRECTION ( 'NONE',  ( -0.7548811369798843485, -0.000000000000000000, 0.6558616233870960821 ) ) ;
#2358 = VECTOR ( 'NONE', #2377, 39.37007874015748143 ) ;
#2359 = CARTESIAN_POINT ( 'NONE',  ( 0.1624999999999999778, -0.1160000000000000753, -0.09999999999999999167 ) ) ;
#2360 = VECTOR ( 'NONE', #2083, 39.37007874015748143 ) ;
#2361 = VERTEX_POINT ( 'NONE', #743 ) ;
#2362 = EDGE_CURVE ( 'NONE', #3943, #4107, #3012, .T. ) ;
#2363 = ORIENTED_EDGE ( 'NONE', *, *, #2996, .F. ) ;
#2364 = VECTOR ( 'NONE', #3448, 39.37007874015748143 ) ;
#2365 = ORIENTED_EDGE ( 'NONE', *, *, #2090, .T. ) ;
#2366 = LINE ( 'NONE', #3670, #149 ) ;
#2367 = PRESENTATION_LAYER_ASSIGNMENT (  '', '', ( #2692 ) ) ;
#2368 = DIRECTION ( 'NONE',  ( 0.000000000000000000, 0.9836065573770491621, -0.1803278688524592999 ) ) ;
#2369 = CYLINDRICAL_SURFACE ( 'NONE', #2880, 0.01499999999999994220 ) ;
#2370 = DIMENSIONAL_EXPONENTS ( 1.000000000000000000, 0.000000000000000000, 0.000000000000000000, 0.000000000000000000, 0.000000000000000000, 0.000000000000000000, 0.000000000000000000 ) ;
#2371 = ORIENTED_EDGE ( 'NONE', *, *, #289, .F. ) ;
#2372 = EDGE_CURVE ( 'NONE', #1165, #2008, #1066, .T. ) ;
#2373 = CARTESIAN_POINT ( 'NONE',  ( 0.08557007911008915335, 0.1930000000000000049, -0.09737655350645166297 ) ) ;
#2374 = LINE ( 'NONE', #4022, #1108 ) ;
#2375 = CARTESIAN_POINT ( 'NONE',  ( -0.1525000000000000244, 0.1125000000000018069, 0.08000000000000001554 ) ) ;
#2376 = ORIENTED_EDGE ( 'NONE', *, *, #508, .F. ) ;
#2377 = DIRECTION ( 'NONE',  ( -0.000000000000000000, 1.000000000000000000, -0.000000000000000000 ) ) ;
#2378 = DIRECTION ( 'NONE',  ( 1.000000000000000000, 0.000000000000000000, -0.000000000000000000 ) ) ;
#2379 = LINE ( 'NONE', #2723, #1329 ) ;
#2380 = VERTEX_POINT ( 'NONE', #2084 ) ;
#2381 = DIRECTION ( 'NONE',  ( -1.000000000000000000, -0.000000000000000000, -0.000000000000000000 ) ) ;
#2382 = ORIENTED_EDGE ( 'NONE', *, *, #3533, .T. ) ;
#2383 = CARTESIAN_POINT ( 'NONE',  ( -0.1525000000000000244, -0.1160000000000000198, 0.09999999999999999167 ) ) ;
#2384 = DIRECTION ( 'NONE',  ( 0.000000000000000000, 0.000000000000000000, -1.000000000000000000 ) ) ;
#2385 = EDGE_LOOP ( 'NONE', ( #1462, #636, #990, #4240 ) ) ;
#2386 = CARTESIAN_POINT ( 'NONE',  ( 0.1475000000000000200, 0.1125000000000018069, -0.08000000000000001554 ) ) ;
#2387 = DIRECTION ( 'NONE',  ( 0.000000000000000000, 0.000000000000000000, 1.000000000000000000 ) ) ;
#2388 = EDGE_CURVE ( 'NONE', #2746, #1637, #1411, .T. ) ;
#2389 = CARTESIAN_POINT ( 'NONE',  ( 0.1624999999999999778, -0.1160000000000000753, 0.1089999999999999858 ) ) ;
#2390 = UNCERTAINTY_MEASURE_WITH_UNIT (LENGTH_MEASURE( 1.000000000000000082E-05 ), #1851, 'distance_accuracy_value', 'NONE');
#2391 = CARTESIAN_POINT ( 'NONE',  ( -0.08700000000000000788, 0.1950000000000000067, -0.08500000000000001998 ) ) ;
#2392 = CARTESIAN_POINT ( 'NONE',  ( -0.1000000000000000056, 0.1930000000000000049, -0.1019999999999999934 ) ) ;
#2393 = VERTEX_POINT ( 'NONE', #3656 ) ;
#2394 = CARTESIAN_POINT ( 'NONE',  ( -0.08299999999999999045, 0.1930000000000000049, -0.1019999999999999934 ) ) ;
#2395 = EDGE_LOOP ( 'NONE', ( #2733, #2924, #157, #2166 ) ) ;
#2396 = LINE ( 'NONE', #733, #3158 ) ;
#2397 = EDGE_CURVE ( 'NONE', #506, #1439, #725, .T. ) ;
#2398 = ORIENTED_EDGE ( 'NONE', *, *, #3018, .T. ) ;
#2399 = DIRECTION ( 'NONE',  ( 0.000000000000000000, 0.000000000000000000, -1.000000000000000000 ) ) ;
#2400 = DIRECTION ( 'NONE',  ( 2.116320740836944605E-32, 1.471900858655313724E-16, 1.000000000000000000 ) ) ;
#2401 = ORIENTED_EDGE ( 'NONE', *, *, #2607, .T. ) ;
#2402 = VECTOR ( 'NONE', #937, 39.37007874015748143 ) ;
#2403 = EDGE_CURVE ( 'NONE', #2486, #3273, #117, .T. ) ;
#2404 = AXIS2_PLACEMENT_3D ( 'NONE', #2194, #2475, #163 ) ;
#2405 = CARTESIAN_POINT ( 'NONE',  ( -0.08299999999999999045, 0.1930000000000000049, -0.08500000000000001998 ) ) ;
#2406 = DIRECTION ( 'NONE',  ( -1.000000000000000000, 0.000000000000000000, 0.000000000000000000 ) ) ;
#2407 = DIRECTION ( 'NONE',  ( 0.000000000000000000, 1.000000000000000000, 0.000000000000000000 ) ) ;
#2408 = VECTOR ( 'NONE', #1027, 39.37007874015748143 ) ;
#2409 = ORIENTED_EDGE ( 'NONE', *, *, #596, .F. ) ;
#2410 = CIRCLE ( 'NONE', #3969, 0.01499999999999994220 ) ;
#2411 = EDGE_CURVE ( 'NONE', #2361, #3355, #2410, .T. ) ;
#2412 = DIRECTION ( 'NONE',  ( -0.000000000000000000, 1.000000000000000000, -0.000000000000000000 ) ) ;
#2413 = CARTESIAN_POINT ( 'NONE',  ( 0.1624999999999999778, 0.1125000000000018069, -0.1200000000000000233 ) ) ;
#2414 = EDGE_CURVE ( 'NONE', #3489, #540, #2014, .T. ) ;
#2415 = VECTOR ( 'NONE', #4024, 39.37007874015748143 ) ;
#2416 = LINE ( 'NONE', #4012, #1966 ) ;
#2417 = ORIENTED_EDGE ( 'NONE', *, *, #2245, .F. ) ;
#2418 = CARTESIAN_POINT ( 'NONE',  ( 0.1624999999999999778, -3.450877529173771473E-17, 0.09100000000000001144 ) ) ;
#2419 = CIRCLE ( 'NONE', #3855, 0.01724711866560588169 ) ;
#2420 = ORIENTED_EDGE ( 'NONE', *, *, #1483, .T. ) ;
#2421 = ORIENTED_EDGE ( 'NONE', *, *, #774, .T. ) ;
#2422 = EDGE_LOOP ( 'NONE', ( #3003, #366, #1221, #3816 ) ) ;
#2423 = VECTOR ( 'NONE', #4248, 39.37007874015748143 ) ;
#2424 = VECTOR ( 'NONE', #2899, 39.37007874015748143 ) ;
#2425 = EDGE_LOOP ( 'NONE', ( #3517, #386, #4020, #1306, #2440, #2773, #546, #1645 ) ) ;
#2426 = ORIENTED_EDGE ( 'NONE', *, *, #981, .F. ) ;
#2427 = CARTESIAN_POINT ( 'NONE',  ( 0.07255055456217171517, 0.1930000000000000049, 0.09131172324677422347 ) ) ;
#2428 = FACE_OUTER_BOUND ( 'NONE', #1762, .T. ) ;
#2429 = VECTOR ( 'NONE', #259, 39.37007874015748143 ) ;
#2430 = LENGTH_MEASURE_WITH_UNIT ( LENGTH_MEASURE( 0.02539999999999999897 ), #1839 );
#2431 = VECTOR ( 'NONE', #1433, 39.37007874015748854 ) ;
#2432 = VECTOR ( 'NONE', #1554, 39.37007874015748143 ) ;
#2433 = PLANE ( 'NONE',  #996 ) ;
#2434 = LINE ( 'NONE', #797, #2682 ) ;
#2435 = DIRECTION ( 'NONE',  ( 0.000000000000000000, -1.000000000000000000, -1.471900858655313724E-16 ) ) ;
#2436 = LINE ( 'NONE', #2130, #1253 ) ;
#2437 = UNCERTAINTY_MEASURE_WITH_UNIT (LENGTH_MEASURE( 1.000000000000000082E-05 ), #3408, 'distance_accuracy_value', 'NONE');
#2438 = DIRECTION ( 'NONE',  ( 0.000000000000000000, 0.000000000000000000, 1.000000000000000000 ) ) ;
#2439 = DIRECTION ( 'NONE',  ( -0.000000000000000000, -1.000000000000000000, -0.000000000000000000 ) ) ;
#2440 = ORIENTED_EDGE ( 'NONE', *, *, #572, .F. ) ;
#2441 = LINE ( 'NONE', #124, #1414 ) ;
#2442 = ORIENTED_EDGE ( 'NONE', *, *, #161, .T. ) ;
#2443 = CARTESIAN_POINT ( 'NONE',  ( -0.08300000000000004596, 0.1930000000000000049, 0.08499999999999997835 ) ) ;
#2444 = CARTESIAN_POINT ( 'NONE',  ( -0.08299999999999999045, 0.1930000000000000049, -0.1019999999999999934 ) ) ;
#2445 = EDGE_LOOP ( 'NONE', ( #1512, #2016, #2159, #1441 ) ) ;
#2446 = EDGE_LOOP ( 'NONE', ( #3579, #634, #2044, #653 ) ) ;
#2447 = CARTESIAN_POINT ( 'NONE',  ( 0.09557007911009124390, 0.1930000000000000049, 0.1113117232467741857 ) ) ;
#2448 = ORIENTED_EDGE ( 'NONE', *, *, #2115, .F. ) ;
#2449 = CARTESIAN_POINT ( 'NONE',  ( 0.1624999999999999778, -3.450877529173771473E-17, 0.09100000000000001144 ) ) ;
#2450 = SURFACE_SIDE_STYLE ('',( #443 ) ) ;
#2451 = DIRECTION ( 'NONE',  ( -0.000000000000000000, -1.000000000000000000, -0.000000000000000000 ) ) ;
#2452 = CARTESIAN_POINT ( 'NONE',  ( -0.06999999999999999278, 0.1950000000000000067, -0.09800000000000001765 ) ) ;
#2453 = ADVANCED_FACE ( 'NONE', ( #2129 ), #3409, .T. ) ;
#2454 = CARTESIAN_POINT ( 'NONE',  ( -0.1525000000000000244, -0.1250000000000000000, 0.09999999999999999167 ) ) ;
#2455 = DIRECTION ( 'NONE',  ( 0.000000000000000000, 1.000000000000000000, 0.000000000000000000 ) ) ;
#2456 = ORIENTED_EDGE ( 'NONE', *, *, #3050, .F. ) ;
#2457 = EDGE_CURVE ( 'NONE', #390, #3755, #771, .T. ) ;
#2458 = EDGE_CURVE ( 'NONE', #2380, #790, #1039, .T. ) ;
#2459 = LINE ( 'NONE', #1218, #3240 ) ;
#2460 = SURFACE_STYLE_USAGE ( .BOTH. , #4075 ) ;
#2461 = CARTESIAN_POINT ( 'NONE',  ( -0.08700000000000000788, 0.1950000000000000067, -0.1019999999999999934 ) ) ;
#2462 = DIRECTION ( 'NONE',  ( -0.6558616233870961931, 0.000000000000000000, -0.7548811369798843485 ) ) ;
#2463 = CARTESIAN_POINT ( 'NONE',  ( -0.08700000000000004952, 0.1930000000000000049, 0.08499999999999997835 ) ) ;
#2464 = ADVANCED_FACE ( 'NONE', ( #396 ), #34, .T. ) ;
#2465 = VERTEX_POINT ( 'NONE', #3717 ) ;
#2466 = FACE_OUTER_BOUND ( 'NONE', #528, .T. ) ;
#2467 = EDGE_LOOP ( 'NONE', ( #1901, #3638, #1245, #3947 ) ) ;
#2468 = ORIENTED_EDGE ( 'NONE', *, *, #3425, .F. ) ;
#2469 = ORIENTED_EDGE ( 'NONE', *, *, #1252, .T. ) ;
#2470 = CARTESIAN_POINT ( 'NONE',  ( 0.1236834750241260633, 0.1175000000000017975, 0.1200000000000000233 ) ) ;
#2471 = DIRECTION ( 'NONE',  ( 1.000000000000000000, 0.000000000000000000, 0.000000000000000000 ) ) ;
#2472 = DIRECTION ( 'NONE',  ( 0.000000000000000000, 0.000000000000000000, 1.000000000000000000 ) ) ;
#2473 = VECTOR ( 'NONE', #2051, 39.37007874015748143 ) ;
#2474 = LINE ( 'NONE', #1863, #2686 ) ;
#2475 = DIRECTION ( 'NONE',  ( 0.000000000000000000, 0.000000000000000000, -1.000000000000000000 ) ) ;
#2476 = AXIS2_PLACEMENT_3D ( 'NONE', #2248, #3540, #3899 ) ;
#2477 = EDGE_CURVE ( 'NONE', #398, #1504, #2374, .T. ) ;
#2478 = VERTEX_POINT ( 'NONE', #2109 ) ;
#2479 = ORIENTED_EDGE ( 'NONE', *, *, #3564, .T. ) ;
#2480 =( GEOMETRIC_REPRESENTATION_CONTEXT ( 3 ) GLOBAL_UNCERTAINTY_ASSIGNED_CONTEXT ( ( #360 ) ) GLOBAL_UNIT_ASSIGNED_CONTEXT ( ( #249, #1576, #277 ) ) REPRESENTATION_CONTEXT ( 'NONE', 'WORKASPACE' ) );
#2481 = PLANE ( 'NONE',  #72 ) ;
#2482 = LINE ( 'NONE', #2542, #2865 ) ;
#2483 = CARTESIAN_POINT ( 'NONE',  ( -0.1236834750241260633, 0.1175000000000017975, 0.1200000000000000233 ) ) ;
#2484 = LENGTH_MEASURE_WITH_UNIT ( LENGTH_MEASURE( 0.02539999999999999897 ), #527 );
#2485 = DIRECTION ( 'NONE',  ( 0.000000000000000000, 1.000000000000000000, 0.000000000000000000 ) ) ;
#2486 = VERTEX_POINT ( 'NONE', #1385 ) ;
#2487 = VECTOR ( 'NONE', #288, 39.37007874015748143 ) ;
#2488 = DIRECTION ( 'NONE',  ( 0.000000000000000000, -1.000000000000000000, 0.000000000000000000 ) ) ;
#2489 = ADVANCED_FACE ( 'NONE', ( #3390 ), #3058, .F. ) ;
#2490 = AXIS2_PLACEMENT_3D ( 'NONE', #2427, #460, #3072 ) ;
#2491 = ORIENTED_EDGE ( 'NONE', *, *, #457, .F. ) ;
#2492 = VECTOR ( 'NONE', #3258, 39.37007874015748143 ) ;
#2493 = CARTESIAN_POINT ( 'NONE',  ( -0.1000000000000000056, 0.1930000000000000049, -0.09800000000000001765 ) ) ;
#2494 = AXIS2_PLACEMENT_3D ( 'NONE', #3990, #3746, #101 ) ;
#2495 = DIRECTION ( 'NONE',  ( 1.000000000000000000, 0.000000000000000000, 0.000000000000000000 ) ) ;
#2496 = PLANE ( 'NONE',  #3438 ) ;
#2497 = ADVANCED_FACE ( 'NONE', ( #2737 ), #1776, .F. ) ;
#2498 = VECTOR ( 'NONE', #1144, 39.37007874015748143 ) ;
#2499 =( GEOMETRIC_REPRESENTATION_CONTEXT ( 3 ) GLOBAL_UNCERTAINTY_ASSIGNED_CONTEXT ( ( #2146 ) ) GLOBAL_UNIT_ASSIGNED_CONTEXT ( ( #264, #1234, #1545 ) ) REPRESENTATION_CONTEXT ( 'NONE', 'WORKASPACE' ) );
#2500 = DIRECTION ( 'NONE',  ( -3.794233324533693590E-15, -1.000000000000000000, 0.000000000000000000 ) ) ;
#2501 = DIRECTION ( 'NONE',  ( 0.7548811369798821280, -0.000000000000000000, -0.6558616233870985246 ) ) ;
#2502 = VECTOR ( 'NONE', #413, 39.37007874015748143 ) ;
#2503 = VECTOR ( 'NONE', #2053, 39.37007874015748143 ) ;
#2504 = FACE_OUTER_BOUND ( 'NONE', #2644, .T. ) ;
#2505 = LINE ( 'NONE', #2197, #3216 ) ;
#2506 = PLANE ( 'NONE',  #2226 ) ;
#2507 = DIRECTION ( 'NONE',  ( 0.000000000000000000, 0.000000000000000000, 1.000000000000000000 ) ) ;
#2508 = VERTEX_POINT ( 'NONE', #2842 ) ;
#2509 = ORIENTED_EDGE ( 'NONE', *, *, #677, .T. ) ;
#2510 = EDGE_CURVE ( 'NONE', #1290, #1590, #616, .T. ) ;
#2511 = DIRECTION ( 'NONE',  ( 0.000000000000000000, 1.000000000000000000, 0.000000000000000000 ) ) ;
#2512 = ORIENTED_EDGE ( 'NONE', *, *, #3425, .T. ) ;
#2513 = ORIENTED_EDGE ( 'NONE', *, *, #1615, .F. ) ;
#2514 = EDGE_CURVE ( 'NONE', #4058, #1439, #1841, .T. ) ;
#2515 = ORIENTED_EDGE ( 'NONE', *, *, #84, .T. ) ;
#2516 = CARTESIAN_POINT ( 'NONE',  ( -0.08700000000000000788, 0.1930000000000000049, -0.1150000000000000189 ) ) ;
#2517 = CARTESIAN_POINT ( 'NONE',  ( 0.1161134564128507574, 0.05999999999999999084, 0.1561134564128507374 ) ) ;
#2518 = CARTESIAN_POINT ( 'NONE',  ( 0.1624999999999999778, 0.05999999999999995615, -0.1200000000000000233 ) ) ;
#2519 = EDGE_CURVE ( 'NONE', #486, #301, #3840, .T. ) ;
#2520 = DIRECTION ( 'NONE',  ( 0.000000000000000000, -1.000000000000000000, 0.000000000000000000 ) ) ;
#2521 = PLANE ( 'NONE',  #2935 ) ;
#2522 = CARTESIAN_POINT ( 'NONE',  ( -0.1624999999999999778, -0.1160000000000000198, -0.09099999999999999756 ) ) ;
#2523 = LINE ( 'NONE', #3507, #3803 ) ;
#2524 = DIRECTION ( 'NONE',  ( -0.1294283079955606541, -0.9831056027603609637, -0.1294283079955606541 ) ) ;
#2525 = CARTESIAN_POINT ( 'NONE',  ( 0.1134982926684920679, 0.2148641407666627701, -0.1534982926684921034 ) ) ;
#2526 = ORIENTED_EDGE ( 'NONE', *, *, #4181, .T. ) ;
#2527 = ORIENTED_EDGE ( 'NONE', *, *, #1289, .T. ) ;
#2528 = CARTESIAN_POINT ( 'NONE',  ( -0.1475000000000000200, 0.1275000000000017231, -0.1200000000000000233 ) ) ;
#2529 = EDGE_CURVE ( 'NONE', #2836, #2001, #1822, .T. ) ;
#2530 = ORIENTED_EDGE ( 'NONE', *, *, #62, .F. ) ;
#2531 = VERTEX_POINT ( 'NONE', #3805 ) ;
#2532 = CARTESIAN_POINT ( 'NONE',  ( -0.08700000000000000788, 0.1950000000000000067, -0.1150000000000000189 ) ) ;
#2533 = CARTESIAN_POINT ( 'NONE',  ( 0.1525000000000000244, 0.1125000000000018069, -0.08000000000000001554 ) ) ;
#2534 = CARTESIAN_POINT ( 'NONE',  ( -0.08300000000000005984, 0.1950000000000000067, 0.1149999999999999911 ) ) ;
#2535 = AXIS2_PLACEMENT_3D ( 'NONE', #1671, #17, #651 ) ;
#2536 = DIRECTION ( 'NONE',  ( 1.000000000000000000, -3.794233324533693590E-15, 0.000000000000000000 ) ) ;
#2537 = CARTESIAN_POINT ( 'NONE',  ( -0.08700000000000004952, 0.1930000000000000049, 0.1149999999999999911 ) ) ;
#2538 = ORIENTED_EDGE ( 'NONE', *, *, #3075, .F. ) ;
#2539 = EDGE_CURVE ( 'NONE', #1905, #1881, #818, .T. ) ;
#2540 = AXIS2_PLACEMENT_3D ( 'NONE', #315, #2291, #3544 ) ;
#2541 = LINE ( 'NONE', #3484, #1956 ) ;
#2542 = CARTESIAN_POINT ( 'NONE',  ( -0.1525000000000000244, 0.1125000000000018069, 0.09100000000000001144 ) ) ;
#2543 = AXIS2_PLACEMENT_3D ( 'NONE', #2674, #3985, #444 ) ;
#2544 = LINE ( 'NONE', #270, #3384 ) ;
#2545 = DIRECTION ( 'NONE',  ( 0.000000000000000000, -0.000000000000000000, 1.000000000000000000 ) ) ;
#2546 = AXIS2_PLACEMENT_3D ( 'NONE', #3443, #2507, #2811 ) ;
#2547 = EDGE_CURVE ( 'NONE', #3745, #3165, #3104, .T. ) ;
#2548 = ORIENTED_EDGE ( 'NONE', *, *, #3533, .F. ) ;
#2549 = SURFACE_SIDE_STYLE ('',( #4166 ) ) ;
#2550 = AXIS2_PLACEMENT_3D ( 'NONE', #3013, #3332, #379 ) ;
#2551 = CARTESIAN_POINT ( 'NONE',  ( 0.1624999999999999778, 0.05999999999999995615, 0.1200000000000000233 ) ) ;
#2552 = VECTOR ( 'NONE', #3584, 39.37007874015748143 ) ;
#2553 = DIRECTION ( 'NONE',  ( 0.000000000000000000, -0.000000000000000000, -1.000000000000000000 ) ) ;
#2554 = LINE ( 'NONE', #3865, #4262 ) ;
#2555 = AXIS2_PLACEMENT_3D ( 'NONE', #2888, #3868, #931 ) ;
#2556 = CARTESIAN_POINT ( 'NONE',  ( 0.1475000000000000200, 0.1275000000000017231, -0.1200000000000000233 ) ) ;
#2557 = DIRECTION ( 'NONE',  ( -1.000000000000000000, 0.000000000000000000, 0.000000000000000000 ) ) ;
#2558 = VECTOR ( 'NONE', #1794, 39.37007874015748143 ) ;
#2559 = CARTESIAN_POINT ( 'NONE',  ( -0.1525000000000000244, 0.1125000000000018069, 0.1200000000000000233 ) ) ;
#2560 = MECHANICAL_DESIGN_GEOMETRIC_PRESENTATION_REPRESENTATION (  '', ( #2692 ), #3101 ) ;
#2561 = CARTESIAN_POINT ( 'NONE',  ( 0.08255055456217172405, 0.1930000000000000049, 0.08262344649354842752 ) ) ;
#2562 =( GEOMETRIC_REPRESENTATION_CONTEXT ( 3 ) GLOBAL_UNCERTAINTY_ASSIGNED_CONTEXT ( ( #3374 ) ) GLOBAL_UNIT_ASSIGNED_CONTEXT ( ( #3982, #2322, #2045 ) ) REPRESENTATION_CONTEXT ( 'NONE', 'WORKASPACE' ) );
#2563 = CARTESIAN_POINT ( 'NONE',  ( 0.000000000000000000, 0.1930000000000000049, 0.000000000000000000 ) ) ;
#2564 = VERTEX_POINT ( 'NONE', #3175 ) ;
#2565 = VERTEX_POINT ( 'NONE', #3430 ) ;
#2566 = ADVANCED_FACE ( 'NONE', ( #217 ), #4135, .F. ) ;
#2567 = VERTEX_POINT ( 'NONE', #4086 ) ;
#2568 =( CONVERSION_BASED_UNIT ( 'INCH', #950 ) LENGTH_UNIT ( ) NAMED_UNIT ( #3941 ) );
#2569 = DIRECTION ( 'NONE',  ( -0.000000000000000000, 0.000000000000000000, 1.000000000000000000 ) ) ;
#2570 = DIRECTION ( 'NONE',  ( 0.000000000000000000, -0.000000000000000000, -1.000000000000000000 ) ) ;
#2571 = LINE ( 'NONE', #2556, #2429 ) ;
#2572 = CARTESIAN_POINT ( 'NONE',  ( -0.1475000000000000200, 0.1175000000000017975, -0.08000000000000001554 ) ) ;
#2573 = ORIENTED_EDGE ( 'NONE', *, *, #1181, .T. ) ;
#2574 = ORIENTED_EDGE ( 'NONE', *, *, #1920, .F. ) ;
#2575 = EDGE_CURVE ( 'NONE', #3146, #2838, #1458, .T. ) ;
#2576 = FACE_OUTER_BOUND ( 'NONE', #2422, .T. ) ;
#2577 = LINE ( 'NONE', #958, #2271 ) ;
#2578 = LINE ( 'NONE', #1589, #343 ) ;
#2579 = SURFACE_SIDE_STYLE ('',( #3550 ) ) ;
#2580 = ADVANCED_FACE ( 'NONE', ( #3124 ), #3779, .F. ) ;
#2581 = ORIENTED_EDGE ( 'NONE', *, *, #3871, .T. ) ;
#2582 = EDGE_CURVE ( 'NONE', #962, #2567, #3476, .T. ) ;
#2583 = ORIENTED_EDGE ( 'NONE', *, *, #2025, .F. ) ;
#2584 = CARTESIAN_POINT ( 'NONE',  ( -0.08299999999999999045, 0.1950000000000000067, -0.1150000000000000189 ) ) ;
#2585 = VERTEX_POINT ( 'NONE', #1147 ) ;
#2586 = ADVANCED_FACE ( 'NONE', ( #1510 ), #2800, .F. ) ;
#2587 = VERTEX_POINT ( 'NONE', #2191 ) ;
#2588 = ORIENTED_EDGE ( 'NONE', *, *, #4167, .T. ) ;
#2589 = ORIENTED_EDGE ( 'NONE', *, *, #4213, .T. ) ;
#2590 = CARTESIAN_POINT ( 'NONE',  ( 0.09557007911009124390, 0.1950000000000000067, 0.1113117232467741857 ) ) ;
#2591 = CARTESIAN_POINT ( 'NONE',  ( -0.1134982926684920818, 0.2148641407666627701, 0.1534982926684920479 ) ) ;
#2592 = DIRECTION ( 'NONE',  ( -1.000000000000000000, -0.000000000000000000, -0.000000000000000000 ) ) ;
#2593 = CARTESIAN_POINT ( 'NONE',  ( -0.1525000000000000244, 0.1125000000000018069, -0.1090000000000000135 ) ) ;
#2594 = VERTEX_POINT ( 'NONE', #2517 ) ;
#2595 = ORIENTED_EDGE ( 'NONE', *, *, #787, .F. ) ;
#2596 = DIRECTION ( 'NONE',  ( -1.000000000000000000, 0.000000000000000000, -0.000000000000000000 ) ) ;
#2597 = LINE ( 'NONE', #1667, #973 ) ;
#2598 = VERTEX_POINT ( 'NONE', #194 ) ;
#2599 = FACE_OUTER_BOUND ( 'NONE', #3892, .T. ) ;
#2600 = FACE_OUTER_BOUND ( 'NONE', #3896, .T. ) ;
#2601 = ADVANCED_FACE ( 'NONE', ( #906 ), #2762, .F. ) ;
#2602 = VECTOR ( 'NONE', #3275, 39.37007874015748143 ) ;
#2603 = VECTOR ( 'NONE', #4045, 39.37007874015748854 ) ;
#2604 = ORIENTED_EDGE ( 'NONE', *, *, #3756, .F. ) ;
#2605 = LINE ( 'NONE', #1286, #2492 ) ;
#2606 = DIRECTION ( 'NONE',  ( -1.000000000000000000, 1.437814733507495799E-16, -0.000000000000000000 ) ) ;
#2607 = EDGE_CURVE ( 'NONE', #1233, #1990, #2825, .T. ) ;
#2608 = VECTOR ( 'NONE', #3418, 39.37007874015748143 ) ;
#2609 = CARTESIAN_POINT ( 'NONE',  ( 0.1525000000000000244, 0.1036979306638017850, -0.1280112872883636954 ) ) ;
#2610 = ORIENTED_EDGE ( 'NONE', *, *, #49, .F. ) ;
#2611 = ORIENTED_EDGE ( 'NONE', *, *, #2795, .T. ) ;
#2612 = SURFACE_SIDE_STYLE ('',( #1307 ) ) ;
#2613 = LINE ( 'NONE', #3610, #3843 ) ;
#2614 = EDGE_CURVE ( 'NONE', #3051, #1724, #2206, .T. ) ;
#2615 = CYLINDRICAL_SURFACE ( 'NONE', #3980, 0.008999999999999992381 ) ;
#2616 = CYLINDRICAL_SURFACE ( 'NONE', #2760, 0.01499999999999992485 ) ;
#2617 = AXIS2_PLACEMENT_3D ( 'NONE', #2137, #147, #2180 ) ;
#2618 = ORIENTED_EDGE ( 'NONE', *, *, #3595, .F. ) ;
#2619 = CARTESIAN_POINT ( 'NONE',  ( 0.1624999999999999778, 0.05999999999999995615, 0.1200000000000000233 ) ) ;
#2620 = PLANE ( 'NONE',  #3359 ) ;
#2621 = EDGE_CURVE ( 'NONE', #9, #3468, #3521, .T. ) ;
#2622 = VECTOR ( 'NONE', #850, 39.37007874015748143 ) ;
#2623 = AXIS2_PLACEMENT_3D ( 'NONE', #1987, #363, #302 ) ;
#2624 = CARTESIAN_POINT ( 'NONE',  ( 0.09557007911008916223, 0.1930000000000000049, -0.08868827675322586701 ) ) ;
#2625 = LINE ( 'NONE', #319, #1305 ) ;
#2626 = VECTOR ( 'NONE', #3781, 39.37007874015748143 ) ;
#2627 = STYLED_ITEM ( 'NONE', ( #2779 ), #42 ) ;
#2628 = ORIENTED_EDGE ( 'NONE', *, *, #1985, .T. ) ;
#2629 = LINE ( 'NONE', #963, #3921 ) ;
#2630 = CARTESIAN_POINT ( 'NONE',  ( -0.08300000000000005984, 0.1930000000000000049, 0.1149999999999999911 ) ) ;
#2631 = DIRECTION ( 'NONE',  ( -1.000000000000000000, 0.000000000000000000, 0.000000000000000000 ) ) ;
#2632 = ORIENTED_EDGE ( 'NONE', *, *, #3877, .T. ) ;
#2633 = EDGE_LOOP ( 'NONE', ( #388, #2855, #2715, #1743 ) ) ;
#2634 = CARTESIAN_POINT ( 'NONE',  ( 0.1624999999999999778, 0.05999999999999995615, -0.1200000000000000233 ) ) ;
#2635 = DIRECTION ( 'NONE',  ( 1.000000000000000000, 0.000000000000000000, -0.000000000000000000 ) ) ;
#2636 = EDGE_CURVE ( 'NONE', #1811, #100, #1476, .T. ) ;
#2637 = ORIENTED_EDGE ( 'NONE', *, *, #1207, .T. ) ;
#2638 = DIRECTION ( 'NONE',  ( 0.000000000000000000, 0.000000000000000000, -1.000000000000000000 ) ) ;
#2639 = LINE ( 'NONE', #3330, #2803 ) ;
#2640 = ORIENTED_EDGE ( 'NONE', *, *, #2724, .T. ) ;
#2641 = ADVANCED_FACE ( 'NONE', ( #971 ), #2926, .F. ) ;
#2642 = DIRECTION ( 'NONE',  ( -0.000000000000000000, 0.000000000000000000, 1.000000000000000000 ) ) ;
#2643 = LINE ( 'NONE', #3950, #2473 ) ;
#2644 = EDGE_LOOP ( 'NONE', ( #2337, #2672, #2456, #2513, #4013, #1658, #1030, #975 ) ) ;
#2645 = LINE ( 'NONE', #1938, #3226 ) ;
#2646 = CARTESIAN_POINT ( 'NONE',  ( 0.1624999999999999778, 0.05999999999999995615, 0.08000000000000002942 ) ) ;
#2647 = ORIENTED_EDGE ( 'NONE', *, *, #668, .T. ) ;
#2648 = VERTEX_POINT ( 'NONE', #1621 ) ;
#2649 = LENGTH_MEASURE_WITH_UNIT ( LENGTH_MEASURE( 0.02539999999999999897 ), #2153 );
#2650 = DIRECTION ( 'NONE',  ( 1.000000000000000000, 0.000000000000000000, 0.000000000000000000 ) ) ;
#2651 = DIRECTION ( 'NONE',  ( -0.7548811369798864579, 0.000000000000000000, 0.6558616233870935286 ) ) ;
#2652 = EDGE_CURVE ( 'NONE', #2793, #3320, #3643, .T. ) ;
#2653 = ORIENTED_EDGE ( 'NONE', *, *, #3750, .F. ) ;
#2654 = DIRECTION ( 'NONE',  ( -0.000000000000000000, 1.000000000000000000, -0.000000000000000000 ) ) ;
#2655 = DIRECTION ( 'NONE',  ( -0.000000000000000000, 0.000000000000000000, -1.000000000000000000 ) ) ;
#2656 = DIRECTION ( 'NONE',  ( -1.000000000000000000, 1.437814733507495799E-16, -0.000000000000000000 ) ) ;
#2657 = EDGE_CURVE ( 'NONE', #674, #1173, #4172, .T. ) ;
#2658 = FACE_OUTER_BOUND ( 'NONE', #2467, .T. ) ;
#2659 = CARTESIAN_POINT ( 'NONE',  ( -0.08300000000000004596, 0.1930000000000000049, 0.08499999999999997835 ) ) ;
#2660 = EDGE_CURVE ( 'NONE', #1400, #486, #593, .T. ) ;
#2661 = CARTESIAN_POINT ( 'NONE',  ( 0.1475000000000000200, 0.1275000000000017231, -0.08000000000000001554 ) ) ;
#2662 = DIRECTION ( 'NONE',  ( 0.000000000000000000, -0.9836065573770491621, 0.1803278688524587448 ) ) ;
#2663 = EDGE_CURVE ( 'NONE', #241, #1853, #2613, .T. ) ;
#2664 = VERTEX_POINT ( 'NONE', #2283 ) ;
#2665 = AXIS2_PLACEMENT_3D ( 'NONE', #4053, #2439, #803 ) ;
#2666 = VERTEX_POINT ( 'NONE', #2264 ) ;
#2667 = LINE ( 'NONE', #734, #1413 ) ;
#2668 = DIRECTION ( 'NONE',  ( 0.000000000000000000, 0.000000000000000000, -1.000000000000000000 ) ) ;
#2669 = VECTOR ( 'NONE', #664, 39.37007874015748143 ) ;
#2670 = LINE ( 'NONE', #1405, #1399 ) ;
#2671 = CIRCLE ( 'NONE', #694, 0.008999999999999992381 ) ;
#2672 = ORIENTED_EDGE ( 'NONE', *, *, #1262, .F. ) ;
#2673 = DIRECTION ( 'NONE',  ( -1.000000000000000000, 1.437814733507495799E-16, -0.000000000000000000 ) ) ;
#2674 = CARTESIAN_POINT ( 'NONE',  ( 0.1624999999999999778, 0.05999999999999995615, 0.08000000000000002942 ) ) ;
#2675 = DIRECTION ( 'NONE',  ( 0.000000000000000000, -0.000000000000000000, 1.000000000000000000 ) ) ;
#2676 = EDGE_LOOP ( 'NONE', ( #986, #4246, #1110, #1352 ) ) ;
#2677 = VECTOR ( 'NONE', #2747, 39.37007874015748143 ) ;
#2678 = DIMENSIONAL_EXPONENTS ( 1.000000000000000000, 0.000000000000000000, 0.000000000000000000, 0.000000000000000000, 0.000000000000000000, 0.000000000000000000, 0.000000000000000000 ) ;
#2679 = AXIS2_PLACEMENT_3D ( 'NONE', #1428, #3688, #705 ) ;
#2680 = CARTESIAN_POINT ( 'NONE',  ( 0.07255055456217171517, 0.1950000000000000067, 0.09131172324677422347 ) ) ;
#2681 = CARTESIAN_POINT ( 'NONE',  ( 0.08255055456216964238, 0.1930000000000000049, -0.1173765535064516252 ) ) ;
#2682 = VECTOR ( 'NONE', #600, 39.37007874015748143 ) ;
#2683 = ORIENTED_EDGE ( 'NONE', *, *, #1843, .T. ) ;
#2684 = EDGE_CURVE ( 'NONE', #967, #1969, #2087, .T. ) ;
#2685 = CARTESIAN_POINT ( 'NONE',  ( 0.1624999999999999778, -3.450877529173771473E-17, 0.09100000000000001144 ) ) ;
#2686 = VECTOR ( 'NONE', #3108, 39.37007874015748143 ) ;
#2687 = DIRECTION ( 'NONE',  ( 1.000000000000000000, -1.437814733507495799E-16, -0.000000000000000000 ) ) ;
#2688 = VECTOR ( 'NONE', #377, 39.37007874015748143 ) ;
#2689 = VERTEX_POINT ( 'NONE', #997 ) ;
#2690 = COLOUR_RGB ( '',1.000000000000000000, 1.000000000000000000, 1.000000000000000000 ) ;
#2691 = ORIENTED_EDGE ( 'NONE', *, *, #323, .F. ) ;
#2692 = STYLED_ITEM ( 'NONE', ( #3917 ), #1515 ) ;
#2693 = PLANE ( 'NONE',  #4254 ) ;
#2694 = AXIS2_PLACEMENT_3D ( 'NONE', #1109, #1738, #2093 ) ;
#2695 = CARTESIAN_POINT ( 'NONE',  ( 0.1624999999999999778, -0.1160000000000000753, -0.1089999999999999858 ) ) ;
#2696 = ORIENTED_EDGE ( 'NONE', *, *, #1092, .T. ) ;
#2697 = ORIENTED_EDGE ( 'NONE', *, *, #3307, .F. ) ;
#2698 = EDGE_LOOP ( 'NONE', ( #1679, #3396, #2915, #2057 ) ) ;
#2699 = FILL_AREA_STYLE_COLOUR ( '', #15 ) ;
#2700 = DIRECTION ( 'NONE',  ( -0.7548811369798843485, -0.000000000000000000, 0.6558616233870960821 ) ) ;
#2701 = DIRECTION ( 'NONE',  ( 0.000000000000000000, -1.000000000000000000, 0.000000000000000000 ) ) ;
#2702 = CARTESIAN_POINT ( 'NONE',  ( -0.1624999999999999778, 0.05999999999999999778, -0.08000000000000002942 ) ) ;
#2703 = LINE ( 'NONE', #382, #3380 ) ;
#2704 = LINE ( 'NONE', #57, #1037 ) ;
#2705 = ADVANCED_FACE ( 'NONE', ( #3583 ), #286, .T. ) ;
#2706 = ORIENTED_EDGE ( 'NONE', *, *, #2388, .F. ) ;
#2707 = FACE_OUTER_BOUND ( 'NONE', #206, .T. ) ;
#2708 = ORIENTED_EDGE ( 'NONE', *, *, #3748, .T. ) ;
#2709 = LINE ( 'NONE', #3625, #1806 ) ;
#2710 = ADVANCED_FACE ( 'NONE', ( #2883 ), #1291, .F. ) ;
#2711 = VERTEX_POINT ( 'NONE', #3864 ) ;
#2712 = ORIENTED_EDGE ( 'NONE', *, *, #1723, .F. ) ;
#2713 = DIRECTION ( 'NONE',  ( 0.7548811369798822390, 0.000000000000000000, -0.6558616233870985246 ) ) ;
#2714 = PLANE ( 'NONE',  #416 ) ;
#2715 = ORIENTED_EDGE ( 'NONE', *, *, #2142, .T. ) ;
#2716 = ADVANCED_FACE ( 'NONE', ( #1924 ), #1599, .F. ) ;
#2717 = VERTEX_POINT ( 'NONE', #3212 ) ;
#2718 = CARTESIAN_POINT ( 'NONE',  ( 0.08255055456216964238, 0.1950000000000000067, -0.1173765535064516252 ) ) ;
#2719 = DIRECTION ( 'NONE',  ( 0.000000000000000000, 0.9836065573770491621, 0.1803278688524587448 ) ) ;
#2720 = CARTESIAN_POINT ( 'NONE',  ( -0.06999999999999999278, 0.1930000000000000049, -0.09800000000000001765 ) ) ;
#2721 = DIRECTION ( 'NONE',  ( 0.000000000000000000, 1.000000000000000000, 0.000000000000000000 ) ) ;
#2722 = CARTESIAN_POINT ( 'NONE',  ( -0.08299999999999999045, 0.1930000000000000049, -0.1019999999999999934 ) ) ;
#2723 = CARTESIAN_POINT ( 'NONE',  ( -0.08700000000000000788, 0.1950000000000000067, -0.1019999999999999934 ) ) ;
#2724 = EDGE_CURVE ( 'NONE', #1853, #2980, #1582, .T. ) ;
#2725 = ORIENTED_EDGE ( 'NONE', *, *, #1655, .T. ) ;
#2726 = DIRECTION ( 'NONE',  ( -0.9914448613738108262, 0.1305261922200483815, 0.000000000000000000 ) ) ;
#2727 = EDGE_LOOP ( 'NONE', ( #3115, #1751, #1408, #3632, #2697, #1272, #2468, #1620, #1361, #4250, #1918, #4148 ) ) ;
#2728 = ORIENTED_EDGE ( 'NONE', *, *, #2519, .T. ) ;
#2729 = DIRECTION ( 'NONE',  ( 0.000000000000000000, 0.000000000000000000, 1.000000000000000000 ) ) ;
#2730 = DIRECTION ( 'NONE',  ( -0.6558616233870936396, 0.000000000000000000, -0.7548811369798865689 ) ) ;
#2731 = VERTEX_POINT ( 'NONE', #1992 ) ;
#2732 = VECTOR ( 'NONE', #669, 39.37007874015748143 ) ;
#2733 = ORIENTED_EDGE ( 'NONE', *, *, #3372, .F. ) ;
#2734 = EDGE_CURVE ( 'NONE', #2564, #411, #336, .T. ) ;
#2735 = VECTOR ( 'NONE', #3652, 39.37007874015748143 ) ;
#2736 = LINE ( 'NONE', #1018, #851 ) ;
#2737 = FACE_OUTER_BOUND ( 'NONE', #3088, .T. ) ;
#2738 = LINE ( 'NONE', #1711, #3849 ) ;
#2739 = CIRCLE ( 'NONE', #904, 0.008999999999999992381 ) ;
#2740 = ADVANCED_FACE ( 'NONE', ( #2318 ), #2861, .F. ) ;
#2741 = CARTESIAN_POINT ( 'NONE',  ( 0.1525000000000000244, 0.05999999999999995615, -0.08000000000000002942 ) ) ;
#2742 = CARTESIAN_POINT ( 'NONE',  ( -0.1624999999999999778, 1.222020354725588641E-17, -0.09100000000000001144 ) ) ;
#2743 = AXIS2_PLACEMENT_3D ( 'NONE', #1717, #434, #678 ) ;
#2744 = CIRCLE ( 'NONE', #911, 0.01324711866560588855 ) ;
#2745 = DIRECTION ( 'NONE',  ( 1.000000000000000000, -0.000000000000000000, -0.000000000000000000 ) ) ;
#2746 = VERTEX_POINT ( 'NONE', #3266 ) ;
#2747 = DIRECTION ( 'NONE',  ( 0.000000000000000000, 1.000000000000000000, 0.000000000000000000 ) ) ;
#2748 = VECTOR ( 'NONE', #2826, 39.37007874015748143 ) ;
#2749 = CARTESIAN_POINT ( 'NONE',  ( 0.08255055456217171017, 0.1950000000000000067, 0.1226234464935483937 ) ) ;
#2750 = ORIENTED_EDGE ( 'NONE', *, *, #1392, .T. ) ;
#2751 = VECTOR ( 'NONE', #1826, 39.37007874015748143 ) ;
#2752 = ORIENTED_EDGE ( 'NONE', *, *, #774, .F. ) ;
#2753 = PLANE ( 'NONE',  #1401 ) ;
#2754 = DIRECTION ( 'NONE',  ( 0.000000000000000000, 1.000000000000000000, 0.000000000000000000 ) ) ;
#2755 = CIRCLE ( 'NONE', #428, 0.01324711866560587120 ) ;
#2756 = ADVANCED_FACE ( 'NONE', ( #309 ), #1641, .F. ) ;
#2757 = VERTEX_POINT ( 'NONE', #2304 ) ;
#2758 = ADVANCED_FACE ( 'NONE', ( #3282 ), #3195, .F. ) ;
#2759 = ORIENTED_EDGE ( 'NONE', *, *, #1328, .T. ) ;
#2760 = AXIS2_PLACEMENT_3D ( 'NONE', #595, #930, #3214 ) ;
#2761 = DIRECTION ( 'NONE',  ( 0.9914448613738107152, -0.1305261922200490754, 0.000000000000000000 ) ) ;
#2762 = PLANE ( 'NONE',  #258 ) ;
#2763 = DIRECTION ( 'NONE',  ( -0.000000000000000000, -1.000000000000000000, -0.000000000000000000 ) ) ;
#2764 = EDGE_CURVE ( 'NONE', #882, #2160, #2039, .T. ) ;
#2765 = EDGE_CURVE ( 'NONE', #3490, #2757, #720, .T. ) ;
#2766 = CARTESIAN_POINT ( 'NONE',  ( 0.1525000000000000244, -0.1250000000000000555, -0.09999999999999999167 ) ) ;
#2767 = LINE ( 'NONE', #4072, #255 ) ;
#2768 = EDGE_CURVE ( 'NONE', #4037, #2486, #1182, .T. ) ;
#2769 = CARTESIAN_POINT ( 'NONE',  ( -0.1624999999999999778, 0.1125000000000018069, -0.1200000000000000233 ) ) ;
#2770 = CARTESIAN_POINT ( 'NONE',  ( 0.1250000000000000000, 0.1275000000000018063, -0.08000000000000001554 ) ) ;
#2771 = FACE_OUTER_BOUND ( 'NONE', #4128, .T. ) ;
#2772 = EDGE_LOOP ( 'NONE', ( #2099, #3539, #300, #1967 ) ) ;
#2773 = ORIENTED_EDGE ( 'NONE', *, *, #462, .F. ) ;
#2774 = CARTESIAN_POINT ( 'NONE',  ( 0.1525000000000000244, 0.1125000000000018069, 0.09100000000000001144 ) ) ;
#2775 = ORIENTED_EDGE ( 'NONE', *, *, #861, .F. ) ;
#2776 = CARTESIAN_POINT ( 'NONE',  ( 0.1624999999999999778, -0.1160000000000000753, 0.09999999999999999167 ) ) ;
#2777 = ORIENTED_EDGE ( 'NONE', *, *, #3555, .F. ) ;
#2778 = ORIENTED_EDGE ( 'NONE', *, *, #2660, .T. ) ;
#2779 = PRESENTATION_STYLE_ASSIGNMENT (( #3776 ) ) ;
#2780 = DIRECTION ( 'NONE',  ( 0.000000000000000000, -1.000000000000000000, 0.000000000000000000 ) ) ;
#2781 = EDGE_CURVE ( 'NONE', #884, #539, #3711, .T. ) ;
#2782 = DIRECTION ( 'NONE',  ( -0.6558616233870936396, 0.000000000000000000, -0.7548811369798865689 ) ) ;
#2783 = CARTESIAN_POINT ( 'NONE',  ( 0.09557007911008916223, 0.1950000000000000067, -0.08868827675322586701 ) ) ;
#2784 = EDGE_LOOP ( 'NONE', ( #320, #120, #3264, #3838 ) ) ;
#2785 = CARTESIAN_POINT ( 'NONE',  ( 0.1236834750241260633, 0.1175000000000017975, 0.1200000000000000233 ) ) ;
#2786 = DIRECTION ( 'NONE',  ( 1.000000000000000000, 0.000000000000000000, -0.000000000000000000 ) ) ;
#2787 = ADVANCED_FACE ( 'NONE', ( #704 ), #3031, .T. ) ;
#2788 = EDGE_LOOP ( 'NONE', ( #4159, #230, #2340, #3545 ) ) ;
#2789 = DIRECTION ( 'NONE',  ( 1.000000000000000000, 0.000000000000000000, 0.000000000000000000 ) ) ;
#2790 = CARTESIAN_POINT ( 'NONE',  ( -0.1250000000000000000, 0.1275000000000018063, 0.1200000000000000233 ) ) ;
#2791 = FACE_OUTER_BOUND ( 'NONE', #1898, .T. ) ;
#2792 = CARTESIAN_POINT ( 'NONE',  ( 0.08557007911009124890, 0.1930000000000000049, 0.1199999999999999817 ) ) ;
#2793 = VERTEX_POINT ( 'NONE', #3053 ) ;
#2794 = ORIENTED_EDGE ( 'NONE', *, *, #4116, .T. ) ;
#2795 = EDGE_CURVE ( 'NONE', #1012, #674, #3712, .T. ) ;
#2796 = ORIENTED_EDGE ( 'NONE', *, *, #252, .F. ) ;
#2797 = VERTEX_POINT ( 'NONE', #1681 ) ;
#2798 = ORIENTED_EDGE ( 'NONE', *, *, #1000, .F. ) ;
#2799 = CARTESIAN_POINT ( 'NONE',  ( -0.08300000000000005984, 0.1930000000000000049, 0.1149999999999999911 ) ) ;
#2800 = PLANE ( 'NONE',  #2219 ) ;
#2801 = DIRECTION ( 'NONE',  ( 0.000000000000000000, 1.000000000000000000, -0.000000000000000000 ) ) ;
#2802 = ORIENTED_EDGE ( 'NONE', *, *, #3998, .F. ) ;
#2803 = VECTOR ( 'NONE', #3675, 39.37007874015748143 ) ;
#2804 = PLANE ( 'NONE',  #1750 ) ;
#2805 = CARTESIAN_POINT ( 'NONE',  ( 0.1475000000000000200, 0.1275000000000017231, 0.08000000000000001554 ) ) ;
#2806 = AXIS2_PLACEMENT_3D ( 'NONE', #1179, #1464, #3753 ) ;
#2807 = AXIS2_PLACEMENT_3D ( 'NONE', #928, #3558, #326 ) ;
#2808 = CARTESIAN_POINT ( 'NONE',  ( 0.1475000000000000200, 0.1125000000000018069, -0.08000000000000001554 ) ) ;
#2809 = LINE ( 'NONE', #3202, #748 ) ;
#2810 = DIRECTION ( 'NONE',  ( 5.691349986800547879E-16, -0.000000000000000000, -1.000000000000000000 ) ) ;
#2811 = DIRECTION ( 'NONE',  ( -1.000000000000000000, 0.000000000000000000, 0.000000000000000000 ) ) ;
#2812 = AXIS2_PLACEMENT_3D ( 'NONE', #1412, #1797, #2675 ) ;
#2813 = ORIENTED_EDGE ( 'NONE', *, *, #480, .T. ) ;
#2814 = ORIENTED_EDGE ( 'NONE', *, *, #3045, .F. ) ;
#2815 = EDGE_CURVE ( 'NONE', #4190, #1968, #68, .T. ) ;
#2816 = ORIENTED_EDGE ( 'NONE', *, *, #2372, .T. ) ;
#2817 = VECTOR ( 'NONE', #3522, 39.37007874015748143 ) ;
#2818 = DIRECTION ( 'NONE',  ( -0.000000000000000000, -0.000000000000000000, -1.000000000000000000 ) ) ;
#2819 = VECTOR ( 'NONE', #2278, 39.37007874015748143 ) ;
#2820 = EDGE_CURVE ( 'NONE', #825, #702, #3363, .T. ) ;
#2821 = EDGE_LOOP ( 'NONE', ( #2879, #3366, #4019, #2003, #666, #3751 ) ) ;
#2822 = ORIENTED_EDGE ( 'NONE', *, *, #695, .T. ) ;
#2823 = ORIENTED_EDGE ( 'NONE', *, *, #670, .F. ) ;
#2824 = CARTESIAN_POINT ( 'NONE',  ( 0.1236834750241260633, 0.1175000000000017975, -0.08000000000000001554 ) ) ;
#2825 = LINE ( 'NONE', #3827, #2150 ) ;
#2826 = DIRECTION ( 'NONE',  ( 0.000000000000000000, -1.000000000000000000, 0.000000000000000000 ) ) ;
#2827 = CIRCLE ( 'NONE', #3096, 0.01324711866560587120 ) ;
#2828 = LINE ( 'NONE', #871, #3590 ) ;
#2829 = FACE_OUTER_BOUND ( 'NONE', #1819, .T. ) ;
#2830 = DIRECTION ( 'NONE',  ( -0.1294283079955606541, 0.9831056027603609637, -0.1294283079955606541 ) ) ;
#2831 = CARTESIAN_POINT ( 'NONE',  ( -0.1161134564128507574, 0.05999999999999999084, -0.000000000000000000 ) ) ;
#2832 = ADVANCED_FACE ( 'NONE', ( #3958 ), #2693, .F. ) ;
#2833 = LINE ( 'NONE', #1934, #1185 ) ;
#2834 = ORIENTED_EDGE ( 'NONE', *, *, #4255, .T. ) ;
#2835 = PLANE ( 'NONE',  #429 ) ;
#2836 = VERTEX_POINT ( 'NONE', #2342 ) ;
#2837 = EDGE_CURVE ( 'NONE', #2086, #2119, #1080, .T. ) ;
#2838 = VERTEX_POINT ( 'NONE', #1427 ) ;
#2839 = ORIENTED_EDGE ( 'NONE', *, *, #1430, .F. ) ;
#2840 = VERTEX_POINT ( 'NONE', #3687 ) ;
#2841 = SURFACE_STYLE_FILL_AREA ( #325 ) ;
#2842 = CARTESIAN_POINT ( 'NONE',  ( 0.1624999999999999778, -0.1160000000000000753, -0.09099999999999999756 ) ) ;
#2843 = EDGE_CURVE ( 'NONE', #1559, #2200, #901, .T. ) ;
#2844 = DIRECTION ( 'NONE',  ( 0.9914448613738108262, 0.1305261922200483815, -0.000000000000000000 ) ) ;
#2845 = CARTESIAN_POINT ( 'NONE',  ( -0.08700000000000004952, 0.1950000000000000067, 0.08499999999999997835 ) ) ;
#2846 = CARTESIAN_POINT ( 'NONE',  ( 0.1525000000000000244, -3.307096055823022756E-17, 0.09100000000000001144 ) ) ;
#2847 = ADVANCED_FACE ( 'NONE', ( #1748 ), #4001, .F. ) ;
#2848 = LINE ( 'NONE', #4160, #576 ) ;
#2849 = ORIENTED_EDGE ( 'NONE', *, *, #3243, .T. ) ;
#2850 = DIRECTION ( 'NONE',  ( 0.000000000000000000, 0.000000000000000000, 1.000000000000000000 ) ) ;
#2851 = DIRECTION ( 'NONE',  ( 0.000000000000000000, 0.000000000000000000, -1.000000000000000000 ) ) ;
#2852 =( NAMED_UNIT ( * ) SI_UNIT ( $, .STERADIAN. ) SOLID_ANGLE_UNIT ( ) );
#2853 = CARTESIAN_POINT ( 'NONE',  ( 0.1624999999999999778, -0.1250000000000000555, -0.09999999999999999167 ) ) ;
#2854 = ORIENTED_EDGE ( 'NONE', *, *, #2923, .F. ) ;
#2855 = ORIENTED_EDGE ( 'NONE', *, *, #1730, .F. ) ;
#2856 = DIRECTION ( 'NONE',  ( 0.000000000000000000, 0.000000000000000000, 1.000000000000000000 ) ) ;
#2857 = EDGE_LOOP ( 'NONE', ( #925, #1241, #4182, #1271 ) ) ;
#2858 = ADVANCED_FACE ( 'NONE', ( #47 ), #763, .T. ) ;
#2859 = ORIENTED_EDGE ( 'NONE', *, *, #3075, .T. ) ;
#2860 =( LENGTH_UNIT ( ) NAMED_UNIT ( * ) SI_UNIT ( $, .METRE. ) );
#2861 = PLANE ( 'NONE',  #1388 ) ;
#2862 = CARTESIAN_POINT ( 'NONE',  ( -0.08700000000000000788, 0.1930000000000000049, -0.1019999999999999934 ) ) ;
#2863 = PRODUCT_RELATED_PRODUCT_CATEGORY ( 'part', '', ( #4080 ) ) ;
#2864 = ORIENTED_EDGE ( 'NONE', *, *, #572, .T. ) ;
#2865 = VECTOR ( 'NONE', #223, 39.37007874015748143 ) ;
#2866 = CARTESIAN_POINT ( 'NONE',  ( 0.1475000000000000200, 0.1125000000000018069, 0.08000000000000001554 ) ) ;
#2867 = CARTESIAN_POINT ( 'NONE',  ( 0.08557007911009124890, 0.1950000000000000067, 0.1199999999999999817 ) ) ;
#2868 = AXIS2_PLACEMENT_3D ( 'NONE', #2000, #335, #1348 ) ;
#2869 = ADVANCED_FACE ( 'NONE', ( #1056 ), #414, .T. ) ;
#2870 = CARTESIAN_POINT ( 'NONE',  ( 0.08255055456216962850, 0.1950000000000000067, -0.07737655350645165908 ) ) ;
#2871 = DIRECTION ( 'NONE',  ( -0.000000000000000000, 1.000000000000000000, -0.000000000000000000 ) ) ;
#2872 = AXIS2_PLACEMENT_3D ( 'NONE', #3962, #2068, #2701 ) ;
#2873 = CARTESIAN_POINT ( 'NONE',  ( -0.08299999999999999045, 0.1930000000000000049, -0.09800000000000001765 ) ) ;
#2874 = PRODUCT_CONTEXT ( 'NONE', #409, 'mechanical' ) ;
#2875 = VECTOR ( 'NONE', #2381, 39.37007874015748143 ) ;
#2876 = VECTOR ( 'NONE', #580, 39.37007874015748143 ) ;
#2877 = FACE_BOUND ( 'NONE', #3820, .T. ) ;
#2878 = ORIENTED_EDGE ( 'NONE', *, *, #3948, .F. ) ;
#2879 = ORIENTED_EDGE ( 'NONE', *, *, #3951, .T. ) ;
#2880 = AXIS2_PLACEMENT_3D ( 'NONE', #3364, #3006, #3344 ) ;
#2881 = ORIENTED_EDGE ( 'NONE', *, *, #2946, .T. ) ;
#2882 = SURFACE_STYLE_USAGE ( .BOTH. , #1991 ) ;
#2883 = FACE_OUTER_BOUND ( 'NONE', #3491, .T. ) ;
#2884 = DIRECTION ( 'NONE',  ( -1.000000000000000000, 0.000000000000000000, 0.000000000000000000 ) ) ;
#2885 = VECTOR ( 'NONE', #2830, 39.37007874015748143 ) ;
#2886 = MANIFOLD_SOLID_BREP ( 'Boss-Extrude3[3]', #3449 ) ;
#2887 = CLOSED_SHELL ( 'NONE', ( #2705, #200, #3724, #3617, #3204, #2108, #3249, #588, #2975, #2601, #649, #1222, #1865, #2911, #2832, #960, #296, #3693, #2740, #2756, #317, #1161, #3514, #2580, #2002, #214, #299, #2787, #3136, #1384, #3081, #916, #2566, #313, #3340, #2710, #3797, #701, #1870, #618, #2497, #2758 ) ) ;
#2888 = CARTESIAN_POINT ( 'NONE',  ( 0.07255055456217171517, 0.1930000000000000049, 0.09131172324677422347 ) ) ;
#2889 = CYLINDRICAL_SURFACE ( 'NONE', #2274, 0.008999999999999992381 ) ;
#2890 = ADVANCED_FACE ( 'NONE', ( #2466 ), #1118, .T. ) ;
#2891 = VECTOR ( 'NONE', #4067, 39.37007874015748143 ) ;
#2892 = AXIS2_PLACEMENT_3D ( 'NONE', #2630, #1674, #3624 ) ;
#2893 = DIRECTION ( 'NONE',  ( -1.000000000000000000, 1.437814733507495799E-16, 0.000000000000000000 ) ) ;
#2894 = VECTOR ( 'NONE', #2943, 39.37007874015748143 ) ;
#2895 = DIRECTION ( 'NONE',  ( 0.000000000000000000, -0.9836065573770491621, -0.1803278688524587448 ) ) ;
#2896 = CIRCLE ( 'NONE', #4192, 0.01324711866560588855 ) ;
#2897 = CARTESIAN_POINT ( 'NONE',  ( 0.07255055456217171517, 0.1930000000000000049, 0.09131172324677422347 ) ) ;
#2898 = ADVANCED_FACE ( 'NONE', ( #170 ), #3170, .F. ) ;
#2899 = DIRECTION ( 'NONE',  ( -1.000000000000000000, 1.437814733507495799E-16, 0.000000000000000000 ) ) ;
#2900 = VERTEX_POINT ( 'NONE', #530 ) ;
#2901 = ORIENTED_EDGE ( 'NONE', *, *, #2026, .T. ) ;
#2902 = VERTEX_POINT ( 'NONE', #1470 ) ;
#2903 = DIRECTION ( 'NONE',  ( -1.000000000000000000, 0.000000000000000000, 0.000000000000000000 ) ) ;
#2904 = FACE_OUTER_BOUND ( 'NONE', #1379, .T. ) ;
#2905 = VERTEX_POINT ( 'NONE', #1530 ) ;
#2906 = EDGE_CURVE ( 'NONE', #573, #3127, #1113, .T. ) ;
#2907 = DIRECTION ( 'NONE',  ( 1.000000000000000000, -1.437814733507495799E-16, 0.000000000000000000 ) ) ;
#2908 = DIRECTION ( 'NONE',  ( -1.000000000000000000, 1.437814733507495799E-16, 0.000000000000000000 ) ) ;
#2909 = ORIENTED_EDGE ( 'NONE', *, *, #2607, .F. ) ;
#2910 = CARTESIAN_POINT ( 'NONE',  ( 0.08255055456217171017, 0.1930000000000000049, 0.1226234464935483937 ) ) ;
#2911 = ADVANCED_FACE ( 'NONE', ( #3796 ), #3144, .F. ) ;
#2912 = DIRECTION ( 'NONE',  ( 1.000000000000000000, -1.437814733507495799E-16, 0.000000000000000000 ) ) ;
#2913 = DIRECTION ( 'NONE',  ( 5.691349986800547879E-16, -0.000000000000000000, -1.000000000000000000 ) ) ;
#2914 =( NAMED_UNIT ( * ) PLANE_ANGLE_UNIT ( ) SI_UNIT ( $, .RADIAN. ) );
#2915 = ORIENTED_EDGE ( 'NONE', *, *, #3393, .F. ) ;
#2916 = EDGE_CURVE ( 'NONE', #3771, #2731, #2671, .T. ) ;
#2917 = LINE ( 'NONE', #604, #133 ) ;
#2918 = ORIENTED_EDGE ( 'NONE', *, *, #2510, .T. ) ;
#2919 = CARTESIAN_POINT ( 'NONE',  ( 0.1525000000000000244, 0.1125000000000018069, 0.08000000000000001554 ) ) ;
#2920 = VERTEX_POINT ( 'NONE', #1837 ) ;
#2921 = ORIENTED_EDGE ( 'NONE', *, *, #2090, .F. ) ;
#2922 = VERTEX_POINT ( 'NONE', #1208 ) ;
#2923 = EDGE_CURVE ( 'NONE', #81, #723, #4083, .T. ) ;
#2924 = ORIENTED_EDGE ( 'NONE', *, *, #738, .F. ) ;
#2925 = DIRECTION ( 'NONE',  ( 0.000000000000000000, 0.000000000000000000, -1.000000000000000000 ) ) ;
#2926 = PLANE ( 'NONE',  #1243 ) ;
#2927 = CARTESIAN_POINT ( 'NONE',  ( -0.06999999999999999278, 0.1950000000000000067, -0.09800000000000001765 ) ) ;
#2928 = ORIENTED_EDGE ( 'NONE', *, *, #2351, .T. ) ;
#2929 = VERTEX_POINT ( 'NONE', #1163 ) ;
#2930 = CARTESIAN_POINT ( 'NONE',  ( 0.08557007911008915335, 0.1950000000000000067, -0.08000000000000007105 ) ) ;
#2931 = CARTESIAN_POINT ( 'NONE',  ( -0.1525000000000000244, -0.1160000000000000198, 0.09999999999999999167 ) ) ;
#2932 = DIRECTION ( 'NONE',  ( 0.000000000000000000, 1.000000000000000000, 0.000000000000000000 ) ) ;
#2933 = LINE ( 'NONE', #362, #1172 ) ;
#2934 = ORIENTED_EDGE ( 'NONE', *, *, #1472, .F. ) ;
#2935 = AXIS2_PLACEMENT_3D ( 'NONE', #3154, #2175, #496 ) ;
#2936 = ORIENTED_EDGE ( 'NONE', *, *, #164, .T. ) ;
#2937 = CARTESIAN_POINT ( 'NONE',  ( 0.1624999999999999778, -0.1160000000000000753, 0.09099999999999999756 ) ) ;
#2938 = FACE_OUTER_BOUND ( 'NONE', #2385, .T. ) ;
#2939 = ORIENTED_EDGE ( 'NONE', *, *, #1629, .F. ) ;
#2940 = VECTOR ( 'NONE', #4154, 39.37007874015748143 ) ;
#2941 = VERTEX_POINT ( 'NONE', #813 ) ;
#2942 = MECHANICAL_DESIGN_GEOMETRIC_PRESENTATION_REPRESENTATION (  '', ( #3228 ), #2480 ) ;
#2943 = DIRECTION ( 'NONE',  ( -0.000000000000000000, 1.000000000000000000, -0.000000000000000000 ) ) ;
#2944 = DIRECTION ( 'NONE',  ( 0.000000000000000000, -1.000000000000000000, 0.000000000000000000 ) ) ;
#2945 = CARTESIAN_POINT ( 'NONE',  ( 0.07255055456217171517, 0.1950000000000000067, 0.09131172324677422347 ) ) ;
#2946 = EDGE_CURVE ( 'NONE', #2565, #1210, #837, .T. ) ;
#2947 = CIRCLE ( 'NONE', #1737, 0.008999999999999992381 ) ;
#2948 = ORIENTED_EDGE ( 'NONE', *, *, #266, .F. ) ;
#2949 = DIRECTION ( 'NONE',  ( 0.6558616233870981915, -0.000000000000000000, 0.7548811369798825721 ) ) ;
#2950 = CARTESIAN_POINT ( 'NONE',  ( -0.1625000000000000056, -0.1250000000000000278, 0.08000000000000001554 ) ) ;
#2951 = DIRECTION ( 'NONE',  ( -0.000000000000000000, -0.000000000000000000, -1.000000000000000000 ) ) ;
#2952 = ORIENTED_EDGE ( 'NONE', *, *, #3215, .T. ) ;
#2953 = VECTOR ( 'NONE', #1999, 39.37007874015748143 ) ;
#2954 = DIRECTION ( 'NONE',  ( 0.000000000000000000, 0.000000000000000000, -1.000000000000000000 ) ) ;
#2955 = CARTESIAN_POINT ( 'NONE',  ( 0.08557007911008915335, 0.1930000000000000049, -0.08000000000000007105 ) ) ;
#2956 = VECTOR ( 'NONE', #1975, 39.37007874015748143 ) ;
#2957 = ORIENTED_EDGE ( 'NONE', *, *, #3763, .F. ) ;
#2958 = VECTOR ( 'NONE', #1911, 39.37007874015748143 ) ;
#2959 = ORIENTED_EDGE ( 'NONE', *, *, #2614, .F. ) ;
#2960 = DIRECTION ( 'NONE',  ( -0.000000000000000000, -0.000000000000000000, -1.000000000000000000 ) ) ;
#2961 = EDGE_CURVE ( 'NONE', #168, #3118, #3470, .T. ) ;
#2962 = ORIENTED_EDGE ( 'NONE', *, *, #1213, .T. ) ;
#2963 = DIRECTION ( 'NONE',  ( 0.000000000000000000, -1.000000000000000000, 0.000000000000000000 ) ) ;
#2964 = ORIENTED_EDGE ( 'NONE', *, *, #2333, .F. ) ;
#2965 = ADVANCED_FACE ( 'NONE', ( #1817 ), #2141, .F. ) ;
#2966 = DIRECTION ( 'NONE',  ( -0.000000000000000000, 1.000000000000000000, -0.000000000000000000 ) ) ;
#2967 = LINE ( 'NONE', #952, #2487 ) ;
#2968 = ORIENTED_EDGE ( 'NONE', *, *, #831, .T. ) ;
#2969 = ADVANCED_FACE ( 'NONE', ( #2428 ), #3736, .F. ) ;
#2970 = ORIENTED_EDGE ( 'NONE', *, *, #2026, .F. ) ;
#2971 = PLANE ( 'NONE',  #2236 ) ;
#2972 = DIRECTION ( 'NONE',  ( 0.000000000000000000, 0.000000000000000000, 1.000000000000000000 ) ) ;
#2973 = CARTESIAN_POINT ( 'NONE',  ( -0.08299999999999999045, 0.1950000000000000067, -0.1019999999999999934 ) ) ;
#2974 = DIMENSIONAL_EXPONENTS ( 1.000000000000000000, 0.000000000000000000, 0.000000000000000000, 0.000000000000000000, 0.000000000000000000, 0.000000000000000000, 0.000000000000000000 ) ;
#2975 = ADVANCED_FACE ( 'NONE', ( #2300 ), #3515, .F. ) ;
#2976 = DIRECTION ( 'NONE',  ( 0.000000000000000000, 1.000000000000000000, 0.000000000000000000 ) ) ;
#2977 = DIRECTION ( 'NONE',  ( -0.1294283079955606541, -0.9831056027603609637, 0.1294283079955606541 ) ) ;
#2978 = MANIFOLD_SOLID_BREP ( 'Boss-Extrude3[4]', #3245 ) ;
#2979 = DIRECTION ( 'NONE',  ( 0.000000000000000000, 1.000000000000000000, 0.000000000000000000 ) ) ;
#2980 = VERTEX_POINT ( 'NONE', #1268 ) ;
#2981 = CARTESIAN_POINT ( 'NONE',  ( -0.1000000000000000056, 0.1930000000000000049, -0.09800000000000001765 ) ) ;
#2982 = MANIFOLD_SOLID_BREP ( 'Mirror1[2]', #3316 ) ;
#2983 = EDGE_LOOP ( 'NONE', ( #437, #2058, #4073, #2302 ) ) ;
#2984 = FILL_AREA_STYLE ('',( #827 ) ) ;
#2985 = DIRECTION ( 'NONE',  ( -0.000000000000000000, -0.000000000000000000, -1.000000000000000000 ) ) ;
#2986 = CARTESIAN_POINT ( 'NONE',  ( 0.1624999999999999778, -3.671313953020295178E-17, -0.1089999999999999997 ) ) ;
#2987 = DIRECTION ( 'NONE',  ( 0.000000000000000000, 0.000000000000000000, 1.000000000000000000 ) ) ;
#2988 = ORIENTED_EDGE ( 'NONE', *, *, #1691, .T. ) ;
#2989 = ORIENTED_EDGE ( 'NONE', *, *, #3823, .F. ) ;
#2990 = CARTESIAN_POINT ( 'NONE',  ( 0.08557007911008915335, 0.1930000000000000049, -0.08000000000000007105 ) ) ;
#2991 = CARTESIAN_POINT ( 'NONE',  ( 0.1525000000000000244, 0.1125000000000018069, 0.1090000000000000135 ) ) ;
#2992 = CARTESIAN_POINT ( 'NONE',  ( 0.08255055456217172405, 0.1950000000000000067, 0.08262344649354842752 ) ) ;
#2993 = ADVANCED_FACE ( 'NONE', ( #4215 ), #964, .F. ) ;
#2994 = CARTESIAN_POINT ( 'NONE',  ( -0.08700000000000004952, 0.1930000000000000049, 0.1149999999999999911 ) ) ;
#2995 = CYLINDRICAL_SURFACE ( 'NONE', #3426, 0.01724711866560587475 ) ;
#2996 = EDGE_CURVE ( 'NONE', #3127, #660, #3909, .T. ) ;
#2997 = ORIENTED_EDGE ( 'NONE', *, *, #425, .T. ) ;
#2998 = DIRECTION ( 'NONE',  ( -0.000000000000000000, 1.000000000000000000, -0.000000000000000000 ) ) ;
#2999 = VECTOR ( 'NONE', #3931, 39.37007874015748143 ) ;
#3000 = FACE_OUTER_BOUND ( 'NONE', #1978, .T. ) ;
#3001 = ORIENTED_EDGE ( 'NONE', *, *, #432, .F. ) ;
#3002 = AXIS2_PLACEMENT_3D ( 'NONE', #750, #122, #3063 ) ;
#3003 = ORIENTED_EDGE ( 'NONE', *, *, #2237, .T. ) ;
#3004 = DIRECTION ( 'NONE',  ( 0.000000000000000000, -1.000000000000000000, 0.000000000000000000 ) ) ;
#3005 = VECTOR ( 'NONE', #92, 39.37007874015748143 ) ;
#3006 = DIRECTION ( 'NONE',  ( -0.000000000000000000, -0.000000000000000000, -1.000000000000000000 ) ) ;
#3007 = ORIENTED_EDGE ( 'NONE', *, *, #3345, .F. ) ;
#3008 = PRESENTATION_LAYER_ASSIGNMENT (  '', '', ( #3434 ) ) ;
#3009 = ORIENTED_EDGE ( 'NONE', *, *, #3891, .T. ) ;
#3010 = PLANE ( 'NONE',  #3594 ) ;
#3011 = ADVANCED_FACE ( 'NONE', ( #303 ), #1634, .F. ) ;
#3012 = LINE ( 'NONE', #1087, #2603 ) ;
#3013 = CARTESIAN_POINT ( 'NONE',  ( 0.1624999999999999778, 0.05999999999999995615, -0.1200000000000000233 ) ) ;
#3014 = VERTEX_POINT ( 'NONE', #2528 ) ;
#3015 = VECTOR ( 'NONE', #3508, 39.37007874015748143 ) ;
#3016 = VECTOR ( 'NONE', #1926, 39.37007874015748143 ) ;
#3017 = DIRECTION ( 'NONE',  ( 0.000000000000000000, -1.000000000000000000, 0.000000000000000000 ) ) ;
#3018 = EDGE_CURVE ( 'NONE', #18, #1976, #3954, .T. ) ;
#3019 = FACE_OUTER_BOUND ( 'NONE', #190, .T. ) ;
#3020 = AXIS2_PLACEMENT_3D ( 'NONE', #1006, #671, #2642 ) ;
#3021 = ORIENTED_EDGE ( 'NONE', *, *, #427, .F. ) ;
#3022 = CARTESIAN_POINT ( 'NONE',  ( 0.1624999999999999778, 0.05999999999999995615, 0.1200000000000000233 ) ) ;
#3023 = VECTOR ( 'NONE', #4025, 39.37007874015748143 ) ;
#3024 = ADVANCED_FACE ( 'NONE', ( #1049 ), #1011, .F. ) ;
#3025 = ORIENTED_EDGE ( 'NONE', *, *, #2843, .F. ) ;
#3026 = LINE ( 'NONE', #4014, #840 ) ;
#3027 = VECTOR ( 'NONE', #686, 39.37007874015748143 ) ;
#3028 = ORIENTED_EDGE ( 'NONE', *, *, #482, .T. ) ;
#3029 = ORIENTED_EDGE ( 'NONE', *, *, #2636, .T. ) ;
#3030 = CARTESIAN_POINT ( 'NONE',  ( -0.1624999999999999778, 1.001583930879065243E-17, 0.1089999999999999997 ) ) ;
#3031 = CYLINDRICAL_SURFACE ( 'NONE', #1313, 0.01324711866560587120 ) ;
#3032 = AXIS2_PLACEMENT_3D ( 'NONE', #184, #3407, #115 ) ;
#3033 = CARTESIAN_POINT ( 'NONE',  ( 0.09557007911008916223, 0.1930000000000000049, -0.08868827675322586701 ) ) ;
#3034 = DIMENSIONAL_EXPONENTS ( 1.000000000000000000, 0.000000000000000000, 0.000000000000000000, 0.000000000000000000, 0.000000000000000000, 0.000000000000000000, 0.000000000000000000 ) ;
#3035 = EDGE_LOOP ( 'NONE', ( #2632, #1095, #3587, #3412 ) ) ;
#3036 = ORIENTED_EDGE ( 'NONE', *, *, #4208, .T. ) ;
#3037 = LINE ( 'NONE', #96, #2431 ) ;
#3038 = LINE ( 'NONE', #1795, #3524 ) ;
#3039 = DIRECTION ( 'NONE',  ( 1.000000000000000000, -0.000000000000000000, 0.000000000000000000 ) ) ;
#3040 = CARTESIAN_POINT ( 'NONE',  ( -0.1000000000000000056, 0.1930000000000000049, -0.1019999999999999934 ) ) ;
#3041 = ORIENTED_EDGE ( 'NONE', *, *, #1397, .F. ) ;
#3042 = ADVANCED_FACE ( 'NONE', ( #3000 ), #2031, .F. ) ;
#3043 = CARTESIAN_POINT ( 'NONE',  ( -0.1525000000000000244, 0.1125000000000018069, -0.1200000000000000233 ) ) ;
#3044 = DIRECTION ( 'NONE',  ( 0.000000000000000000, 1.000000000000000000, 0.000000000000000000 ) ) ;
#3045 = EDGE_CURVE ( 'NONE', #2508, #3276, #2739, .T. ) ;
#3046 = LINE ( 'NONE', #1461, #291 ) ;
#3047 = VERTEX_POINT ( 'NONE', #3665 ) ;
#3048 = FACE_OUTER_BOUND ( 'NONE', #3835, .T. ) ;
#3049 = EDGE_LOOP ( 'NONE', ( #1445, #2988, #4170, #4081 ) ) ;
#3050 = EDGE_CURVE ( 'NONE', #2321, #368, #1531, .T. ) ;
#3051 = VERTEX_POINT ( 'NONE', #1765 ) ;
#3052 = ORIENTED_EDGE ( 'NONE', *, *, #3697, .T. ) ;
#3053 = CARTESIAN_POINT ( 'NONE',  ( -0.1525000000000000244, 0.1125000000000018069, 0.08000000000000001554 ) ) ;
#3054 = DIRECTION ( 'NONE',  ( 0.000000000000000000, 0.000000000000000000, -1.000000000000000000 ) ) ;
#3055 = ADVANCED_FACE ( 'NONE', ( #3319 ), #88, .F. ) ;
#3056 = ORIENTED_EDGE ( 'NONE', *, *, #473, .T. ) ;
#3057 = CYLINDRICAL_SURFACE ( 'NONE', #919, 0.004999999999999981022 ) ;
#3058 = PLANE ( 'NONE',  #2543 ) ;
#3059 = LINE ( 'NONE', #2389, #2415 ) ;
#3060 = ORIENTED_EDGE ( 'NONE', *, *, #2815, .T. ) ;
#3061 = CARTESIAN_POINT ( 'NONE',  ( -0.08700000000000004952, 0.1950000000000000067, 0.08499999999999997835 ) ) ;
#3062 = LINE ( 'NONE', #38, #1059 ) ;
#3063 = DIRECTION ( 'NONE',  ( -1.000000000000000000, 0.000000000000000000, -0.000000000000000000 ) ) ;
#3064 = CARTESIAN_POINT ( 'NONE',  ( -0.08700000000000000788, 0.1930000000000000049, -0.1150000000000000189 ) ) ;
#3065 = ORIENTED_EDGE ( 'NONE', *, *, #888, .F. ) ;
#3066 = CARTESIAN_POINT ( 'NONE',  ( -0.1000000000000000056, 0.1930000000000000049, -0.09800000000000001765 ) ) ;
#3067 = DIRECTION ( 'NONE',  ( -0.000000000000000000, -0.000000000000000000, 1.000000000000000000 ) ) ;
#3068 = ORIENTED_EDGE ( 'NONE', *, *, #2411, .T. ) ;
#3069 = ORIENTED_EDGE ( 'NONE', *, *, #3180, .T. ) ;
#3070 = AXIS2_PLACEMENT_3D ( 'NONE', #3530, #565, #1259 ) ;
#3071 = VERTEX_POINT ( 'NONE', #365 ) ;
#3072 = DIRECTION ( 'NONE',  ( 0.000000000000000000, 0.000000000000000000, 1.000000000000000000 ) ) ;
#3073 = ADVANCED_FACE ( 'NONE', ( #43 ), #61, .F. ) ;
#3074 = CARTESIAN_POINT ( 'NONE',  ( 0.1475000000000000200, 0.1175000000000017836, -0.08000000000000001554 ) ) ;
#3075 = EDGE_CURVE ( 'NONE', #3468, #3518, #2709, .T. ) ;
#3076 = ORIENTED_EDGE ( 'NONE', *, *, #1981, .F. ) ;
#3077 = EDGE_LOOP ( 'NONE', ( #2210, #3168, #1264, #877 ) ) ;
#3078 = VECTOR ( 'NONE', #1563, 39.37007874015748143 ) ;
#3079 = CARTESIAN_POINT ( 'NONE',  ( -0.1624999999999999778, 0.05999999999999999084, 0.1200000000000000233 ) ) ;
#3080 = CARTESIAN_POINT ( 'NONE',  ( -0.1250000000000000000, 0.1275000000000018063, -0.1650000000000000633 ) ) ;
#3081 = ADVANCED_FACE ( 'NONE', ( #3972 ), #1677, .F. ) ;
#3082 = DIRECTION ( 'NONE',  ( 0.000000000000000000, 1.000000000000000000, 0.000000000000000000 ) ) ;
#3083 = AXIS2_PLACEMENT_3D ( 'NONE', #245, #2296, #3600 ) ;
#3084 =( GEOMETRIC_REPRESENTATION_CONTEXT ( 3 ) GLOBAL_UNCERTAINTY_ASSIGNED_CONTEXT ( ( #1759 ) ) GLOBAL_UNIT_ASSIGNED_CONTEXT ( ( #2223, #3536, #4193 ) ) REPRESENTATION_CONTEXT ( 'NONE', 'WORKASPACE' ) );
#3085 = CARTESIAN_POINT ( 'NONE',  ( -0.08299999999999999045, 0.1930000000000000049, -0.09800000000000001765 ) ) ;
#3086 = CARTESIAN_POINT ( 'NONE',  ( -0.08299999999999999045, 0.1930000000000000049, -0.1019999999999999934 ) ) ;
#3087 = VECTOR ( 'NONE', #445, 39.37007874015748143 ) ;
#3088 = EDGE_LOOP ( 'NONE', ( #659, #1335, #3601, #384 ) ) ;
#3089 = CARTESIAN_POINT ( 'NONE',  ( -0.1624999999999999778, 0.05999999999999999778, 0.08000000000000002942 ) ) ;
#3090 = DIRECTION ( 'NONE',  ( 0.000000000000000000, 0.000000000000000000, -1.000000000000000000 ) ) ;
#3091 = CARTESIAN_POINT ( 'NONE',  ( 0.08255055456217172405, 0.1930000000000000049, 0.08262344649354842752 ) ) ;
#3092 = EDGE_CURVE ( 'NONE', #1542, #1013, #2396, .T. ) ;
#3093 = AXIS2_PLACEMENT_3D ( 'NONE', #1887, #559, #3178 ) ;
#3094 = PLANE ( 'NONE',  #287 ) ;
#3095 = ORIENTED_EDGE ( 'NONE', *, *, #2162, .T. ) ;
#3096 = AXIS2_PLACEMENT_3D ( 'NONE', #2128, #216, #1562 ) ;
#3097 = CLOSED_SHELL ( 'NONE', ( #747, #2641, #1097, #1100, #2043, #4260, #2118, #4070, #558, #136, #4188, #2281, #4237, #2489, #3936 ) ) ;
#3098 = ORIENTED_EDGE ( 'NONE', *, *, #376, .F. ) ;
#3099 = EDGE_CURVE ( 'NONE', #4196, #2380, #21, .T. ) ;
#3100 = ORIENTED_EDGE ( 'NONE', *, *, #3365, .F. ) ;
#3101 =( GEOMETRIC_REPRESENTATION_CONTEXT ( 3 ) GLOBAL_UNCERTAINTY_ASSIGNED_CONTEXT ( ( #4138 ) ) GLOBAL_UNIT_ASSIGNED_CONTEXT ( ( #1248, #1923, #3651 ) ) REPRESENTATION_CONTEXT ( 'NONE', 'WORKASPACE' ) );
#3102 = AXIS2_PLACEMENT_3D ( 'NONE', #1524, #1917, #246 ) ;
#3103 = CARTESIAN_POINT ( 'NONE',  ( 0.09557007911009124390, 0.1930000000000000049, 0.1113117232467741857 ) ) ;
#3104 = LINE ( 'NONE', #2144, #3222 ) ;
#3105 = CARTESIAN_POINT ( 'NONE',  ( -0.08299999999999999045, 0.1930000000000000049, -0.08500000000000001998 ) ) ;
#3106 = UNCERTAINTY_MEASURE_WITH_UNIT (LENGTH_MEASURE( 1.000000000000000082E-05 ), #46, 'distance_accuracy_value', 'NONE');
#3107 = EDGE_CURVE ( 'NONE', #2565, #3193, #1351, .T. ) ;
#3108 = DIRECTION ( 'NONE',  ( 1.000000000000000000, -0.000000000000000000, -0.000000000000000000 ) ) ;
#3109 = CARTESIAN_POINT ( 'NONE',  ( -0.1525000000000000244, 0.1125000000000018069, 0.08000000000000001554 ) ) ;
#3110 = ADVANCED_FACE ( 'NONE', ( #3381 ), #2335, .F. ) ;
#3111 = VERTEX_POINT ( 'NONE', #3996 ) ;
#3112 = CARTESIAN_POINT ( 'NONE',  ( -0.08300000000000005984, 0.1930000000000000049, 0.1149999999999999911 ) ) ;
#3113 = LINE ( 'NONE', #852, #2005 ) ;
#3114 = DIRECTION ( 'NONE',  ( 0.7548811369798822390, 0.000000000000000000, -0.6558616233870985246 ) ) ;
#3115 = ORIENTED_EDGE ( 'NONE', *, *, #3806, .F. ) ;
#3116 = ORIENTED_EDGE ( 'NONE', *, *, #3478, .T. ) ;
#3117 = LINE ( 'NONE', #221, #1758 ) ;
#3118 = VERTEX_POINT ( 'NONE', #698 ) ;
#3119 = EDGE_LOOP ( 'NONE', ( #3535, #3028, #1774, #833, #1142, #661, #3654, #3578, #899, #2139, #1935, #430 ) ) ;
#3120 = FACE_OUTER_BOUND ( 'NONE', #4016, .T. ) ;
#3121 = ORIENTED_EDGE ( 'NONE', *, *, #1763, .F. ) ;
#3122 = ORIENTED_EDGE ( 'NONE', *, *, #2906, .F. ) ;
#3123 = DIRECTION ( 'NONE',  ( -0.000000000000000000, -1.000000000000000000, -0.000000000000000000 ) ) ;
#3124 = FACE_OUTER_BOUND ( 'NONE', #2260, .T. ) ;
#3125 = DIRECTION ( 'NONE',  ( -0.000000000000000000, -0.000000000000000000, -1.000000000000000000 ) ) ;
#3126 = ADVANCED_FACE ( 'NONE', ( #3935 ), #1075, .T. ) ;
#3127 = VERTEX_POINT ( 'NONE', #407 ) ;
#3128 = CARTESIAN_POINT ( 'NONE',  ( 0.07255055456216963350, 0.1930000000000000049, -0.1086882767532258293 ) ) ;
#3129 = DIRECTION ( 'NONE',  ( -0.000000000000000000, 1.000000000000000000, -0.000000000000000000 ) ) ;
#3130 = CARTESIAN_POINT ( 'NONE',  ( -0.1525000000000000244, 0.05999999999999999778, -0.1200000000000000233 ) ) ;
#3131 = EDGE_CURVE ( 'NONE', #1969, #3127, #3026, .T. ) ;
#3132 = VERTEX_POINT ( 'NONE', #3752 ) ;
#3133 = LINE ( 'NONE', #3112, #2622 ) ;
#3134 = LINE ( 'NONE', #39, #1378 ) ;
#3135 = DIRECTION ( 'NONE',  ( -0.000000000000000000, 0.000000000000000000, -1.000000000000000000 ) ) ;
#3136 = ADVANCED_FACE ( 'NONE', ( #4121 ), #526, .F. ) ;
#3137 = DIRECTION ( 'NONE',  ( -1.000000000000000000, 1.437814733507495799E-16, -0.000000000000000000 ) ) ;
#3138 = DIRECTION ( 'NONE',  ( 1.000000000000000000, 0.000000000000000000, 0.000000000000000000 ) ) ;
#3139 = ORIENTED_EDGE ( 'NONE', *, *, #4050, .F. ) ;
#3140 = CARTESIAN_POINT ( 'NONE',  ( -0.1236834750241260633, 0.1175000000000017975, -0.1200000000000000233 ) ) ;
#3141 = ORIENTED_EDGE ( 'NONE', *, *, #2529, .F. ) ;
#3142 = PLANE ( 'NONE',  #924 ) ;
#3143 = ORIENTED_EDGE ( 'NONE', *, *, #940, .T. ) ;
#3144 = PLANE ( 'NONE',  #3714 ) ;
#3145 = ORIENTED_EDGE ( 'NONE', *, *, #4255, .F. ) ;
#3146 = VERTEX_POINT ( 'NONE', #543 ) ;
#3147 = DIRECTION ( 'NONE',  ( 0.000000000000000000, 1.000000000000000000, 0.000000000000000000 ) ) ;
#3148 = CARTESIAN_POINT ( 'NONE',  ( -0.08299999999999999045, 0.1950000000000000067, -0.08500000000000001998 ) ) ;
#3149 = VECTOR ( 'NONE', #1298, 39.37007874015748143 ) ;
#3150 = DIRECTION ( 'NONE',  ( 0.000000000000000000, 0.1305261922200486313, 0.9914448613738108262 ) ) ;
#3151 = VECTOR ( 'NONE', #712, 39.37007874015748143 ) ;
#3152 = EDGE_CURVE ( 'NONE', #2594, #1068, #786, .T. ) ;
#3153 = CARTESIAN_POINT ( 'NONE',  ( 0.1525000000000000244, 0.05999999999999995615, 0.08000000000000002942 ) ) ;
#3154 = CARTESIAN_POINT ( 'NONE',  ( -0.08700000000000004952, 0.1930000000000000049, 0.08499999999999997835 ) ) ;
#3155 = ORIENTED_EDGE ( 'NONE', *, *, #1915, .T. ) ;
#3156 = AXIS2_PLACEMENT_3D ( 'NONE', #3343, #1771, #3304 ) ;
#3157 = EDGE_CURVE ( 'NONE', #836, #18, #808, .T. ) ;
#3158 = VECTOR ( 'NONE', #2963, 39.37007874015748143 ) ;
#3159 = CARTESIAN_POINT ( 'NONE',  ( 0.1236834750241260633, 0.1175000000000017975, 0.08000000000000001554 ) ) ;
#3160 = LINE ( 'NONE', #2179, #3702 ) ;
#3161 = DIRECTION ( 'NONE',  ( -1.000000000000000000, 1.437814733507495799E-16, -0.000000000000000000 ) ) ;
#3162 =( NAMED_UNIT ( * ) PLANE_ANGLE_UNIT ( ) SI_UNIT ( $, .RADIAN. ) );
#3163 = PLANE ( 'NONE',  #3102 ) ;
#3164 = CIRCLE ( 'NONE', #3437, 0.01324711866560588855 ) ;
#3165 = VERTEX_POINT ( 'NONE', #2483 ) ;
#3166 = CARTESIAN_POINT ( 'NONE',  ( 0.1475000000000000200, 0.1275000000000017231, -0.08000000000000001554 ) ) ;
#3167 = EDGE_CURVE ( 'NONE', #1508, #4263, #1949, .T. ) ;
#3168 = ORIENTED_EDGE ( 'NONE', *, *, #3215, .F. ) ;
#3169 = AXIS2_PLACEMENT_3D ( 'NONE', #2064, #722, #1035 ) ;
#3170 = CYLINDRICAL_SURFACE ( 'NONE', #134, 0.01324711866560587120 ) ;
#3171 = ORIENTED_EDGE ( 'NONE', *, *, #2314, .F. ) ;
#3172 = VERTEX_POINT ( 'NONE', #454 ) ;
#3173 = DIRECTION ( 'NONE',  ( 0.000000000000000000, -0.000000000000000000, -1.000000000000000000 ) ) ;
#3174 = AXIS2_PLACEMENT_3D ( 'NONE', #1231, #820, #4071 ) ;
#3175 = CARTESIAN_POINT ( 'NONE',  ( 0.08255055456217172405, 0.1930000000000000049, 0.08262344649354842752 ) ) ;
#3176 = FACE_OUTER_BOUND ( 'NONE', #36, .T. ) ;
#3177 = CIRCLE ( 'NONE', #710, 0.01724711866560588169 ) ;
#3178 = DIRECTION ( 'NONE',  ( 0.000000000000000000, 0.000000000000000000, 1.000000000000000000 ) ) ;
#3179 = DIRECTION ( 'NONE',  ( 0.000000000000000000, 0.000000000000000000, -1.000000000000000000 ) ) ;
#3180 = EDGE_CURVE ( 'NONE', #2080, #94, #3373, .T. ) ;
#3181 = CARTESIAN_POINT ( 'NONE',  ( -0.08700000000000000788, 0.1930000000000000049, -0.08500000000000001998 ) ) ;
#3182 = ORIENTED_EDGE ( 'NONE', *, *, #605, .F. ) ;
#3183 = LINE ( 'NONE', #583, #3788 ) ;
#3184 = LINE ( 'NONE', #166, #3357 ) ;
#3185 = PLANE ( 'NONE',  #3913 ) ;
#3186 = LENGTH_MEASURE_WITH_UNIT ( LENGTH_MEASURE( 0.02539999999999999897 ), #569 );
#3187 = EDGE_CURVE ( 'NONE', #1371, #2094, #2154, .T. ) ;
#3188 = EDGE_LOOP ( 'NONE', ( #3581, #3856, #1818, #463 ) ) ;
#3189 = VERTEX_POINT ( 'NONE', #1783 ) ;
#3190 = CARTESIAN_POINT ( 'NONE',  ( -0.1250000000000000000, 0.1275000000000018063, 0.1649999999999999800 ) ) ;
#3191 = ADVANCED_FACE ( 'NONE', ( #3729 ), #1443, .T. ) ;
#3192 = VERTEX_POINT ( 'NONE', #2461 ) ;
#3193 = VERTEX_POINT ( 'NONE', #2418 ) ;
#3194 = DIRECTION ( 'NONE',  ( 0.1305261922200490754, 0.9914448613738107152, 0.000000000000000000 ) ) ;
#3195 = PLANE ( 'NONE',  #2214 ) ;
#3196 = DIRECTION ( 'NONE',  ( 1.000000000000000000, 0.000000000000000000, -0.000000000000000000 ) ) ;
#3197 = EDGE_CURVE ( 'NONE', #1990, #4153, #3486, .T. ) ;
#3198 = ORIENTED_EDGE ( 'NONE', *, *, #1558, .F. ) ;
#3199 = CARTESIAN_POINT ( 'NONE',  ( -0.1525000000000000244, 8.578024575283165264E-18, 0.1089999999999999997 ) ) ;
#3200 = DIRECTION ( 'NONE',  ( -0.000000000000000000, -0.000000000000000000, -1.000000000000000000 ) ) ;
#3201 = DIRECTION ( 'NONE',  ( 0.000000000000000000, 1.000000000000000000, 0.000000000000000000 ) ) ;
#3202 = CARTESIAN_POINT ( 'NONE',  ( -0.1000000000000000056, 0.1930000000000000049, -0.09800000000000001765 ) ) ;
#3203 = CARTESIAN_POINT ( 'NONE',  ( 0.1475000000000000200, 0.1125000000000018069, 0.08000000000000001554 ) ) ;
#3204 = ADVANCED_FACE ( 'NONE', ( #3048 ), #4076, .T. ) ;
#3205 = PRESENTATION_STYLE_ASSIGNMENT (( #1592 ) ) ;
#3206 = ORIENTED_EDGE ( 'NONE', *, *, #726, .T. ) ;
#3207 = ORIENTED_EDGE ( 'NONE', *, *, #3741, .T. ) ;
#3208 = EDGE_LOOP ( 'NONE', ( #3462, #247, #82, #3690 ) ) ;
#3209 = ADVANCED_FACE ( 'NONE', ( #2791 ), #4032, .F. ) ;
#3210 = ADVANCED_FACE ( 'NONE', ( #2120 ), #1485, .F. ) ;
#3211 = ORIENTED_EDGE ( 'NONE', *, *, #2170, .T. ) ;
#3212 = CARTESIAN_POINT ( 'NONE',  ( -0.1525000000000000244, 0.05999999999999999778, -0.08000000000000002942 ) ) ;
#3213 = DIRECTION ( 'NONE',  ( 0.000000000000000000, 0.000000000000000000, -1.000000000000000000 ) ) ;
#3214 = DIRECTION ( 'NONE',  ( -1.000000000000000000, 0.000000000000000000, 0.000000000000000000 ) ) ;
#3215 = EDGE_CURVE ( 'NONE', #3981, #3301, #3399, .T. ) ;
#3216 = VECTOR ( 'NONE', #1570, 39.37007874015748143 ) ;
#3217 = FACE_OUTER_BOUND ( 'NONE', #968, .T. ) ;
#3218 = LINE ( 'NONE', #1690, #1656 ) ;
#3219 = VECTOR ( 'NONE', #3830, 39.37007874015748143 ) ;
#3220 = DIRECTION ( 'NONE',  ( 1.000000000000000000, -0.000000000000000000, -0.000000000000000000 ) ) ;
#3221 = DIRECTION ( 'NONE',  ( 0.1294283079955605154, -0.9831056027603609637, 0.1294283079955607929 ) ) ;
#3222 = VECTOR ( 'NONE', #1861, 39.37007874015748143 ) ;
#3223 = CARTESIAN_POINT ( 'NONE',  ( -0.08700000000000000788, 0.1950000000000000067, -0.08500000000000001998 ) ) ;
#3224 = LINE ( 'NONE', #3964, #485 ) ;
#3225 = FILL_AREA_STYLE_COLOUR ( '', #1184 ) ;
#3226 = VECTOR ( 'NONE', #2979, 39.37007874015748143 ) ;
#3227 = ORIENTED_EDGE ( 'NONE', *, *, #228, .F. ) ;
#3228 = STYLED_ITEM ( 'NONE', ( #3205 ), #2978 ) ;
#3229 = LINE ( 'NONE', #274, #408 ) ;
#3230 = CIRCLE ( 'NONE', #561, 0.01499999999999994220 ) ;
#3231 = ADVANCED_FACE ( 'NONE', ( #182 ), #1522, .F. ) ;
#3232 = ORIENTED_EDGE ( 'NONE', *, *, #2403, .F. ) ;
#3233 = ORIENTED_EDGE ( 'NONE', *, *, #1420, .T. ) ;
#3234 = ORIENTED_EDGE ( 'NONE', *, *, #1479, .T. ) ;
#3235 = CIRCLE ( 'NONE', #2096, 0.01324711866560587120 ) ;
#3236 = ORIENTED_EDGE ( 'NONE', *, *, #427, .T. ) ;
#3237 = DIRECTION ( 'NONE',  ( -0.000000000000000000, -0.000000000000000000, -1.000000000000000000 ) ) ;
#3238 = DIRECTION ( 'NONE',  ( 0.7548811369798824611, 0.000000000000000000, -0.6558616233870980805 ) ) ;
#3239 = PLANE ( 'NONE',  #699 ) ;
#3240 = VECTOR ( 'NONE', #3832, 39.37007874015748143 ) ;
#3241 = DIRECTION ( 'NONE',  ( -1.000000000000000000, 1.437814733507495799E-16, -0.000000000000000000 ) ) ;
#3242 = VECTOR ( 'NONE', #3934, 39.37007874015748143 ) ;
#3243 = EDGE_CURVE ( 'NONE', #3817, #1811, #3767, .T. ) ;
#3244 = ORIENTED_EDGE ( 'NONE', *, *, #3963, .F. ) ;
#3245 = CLOSED_SHELL ( 'NONE', ( #801, #845, #4230, #1346, #2898, #2858, #1021, #632 ) ) ;
#3246 = CARTESIAN_POINT ( 'NONE',  ( 0.08255055456216962850, 0.1930000000000000049, -0.1000000000000000194 ) ) ;
#3247 = PLANE ( 'NONE',  #2540 ) ;
#3248 = AXIS2_PLACEMENT_3D ( 'NONE', #711, #71, #3369 ) ;
#3249 = ADVANCED_FACE ( 'NONE', ( #1201 ), #2506, .F. ) ;
#3250 = CARTESIAN_POINT ( 'NONE',  ( -0.06999999999999999278, 0.1930000000000000049, -0.1019999999999999934 ) ) ;
#3251 = CARTESIAN_POINT ( 'NONE',  ( -0.1525000000000000244, -0.1160000000000000198, 0.1089999999999999858 ) ) ;
#3252 =( GEOMETRIC_REPRESENTATION_CONTEXT ( 3 ) GLOBAL_UNCERTAINTY_ASSIGNED_CONTEXT ( ( #3106 ) ) GLOBAL_UNIT_ASSIGNED_CONTEXT ( ( #46, #3342, #1014 ) ) REPRESENTATION_CONTEXT ( 'NONE', 'WORKASPACE' ) );
#3253 = DIRECTION ( 'NONE',  ( 1.000000000000000000, 0.000000000000000000, 0.000000000000000000 ) ) ;
#3254 = AXIS2_PLACEMENT_3D ( 'NONE', #873, #222, #4144 ) ;
#3255 = EDGE_CURVE ( 'NONE', #2052, #2259, #1571, .T. ) ;
#3256 = ORIENTED_EDGE ( 'NONE', *, *, #3346, .T. ) ;
#3257 = VERTEX_POINT ( 'NONE', #2349 ) ;
#3258 = DIRECTION ( 'NONE',  ( -0.000000000000000000, -0.000000000000000000, 1.000000000000000000 ) ) ;
#3259 = DIRECTION ( 'NONE',  ( 0.000000000000000000, 1.000000000000000000, 0.000000000000000000 ) ) ;
#3260 = CARTESIAN_POINT ( 'NONE',  ( -0.1000000000000000056, 0.1950000000000000067, -0.09800000000000001765 ) ) ;
#3261 = VERTEX_POINT ( 'NONE', #586 ) ;
#3262 = ORIENTED_EDGE ( 'NONE', *, *, #2311, .F. ) ;
#3263 = ORIENTED_EDGE ( 'NONE', *, *, #3626, .F. ) ;
#3264 = ORIENTED_EDGE ( 'NONE', *, *, #1336, .F. ) ;
#3265 = FILL_AREA_STYLE_COLOUR ( '', #1825 ) ;
#3266 = CARTESIAN_POINT ( 'NONE',  ( -0.1250000000000000000, 0.1275000000000018063, -0.1650000000000000633 ) ) ;
#3267 = LINE ( 'NONE', #2927, #1191 ) ;
#3268 = FACE_OUTER_BOUND ( 'NONE', #1060, .T. ) ;
#3269 = ORIENTED_EDGE ( 'NONE', *, *, #49, .T. ) ;
#3270 = ORIENTED_EDGE ( 'NONE', *, *, #1528, .T. ) ;
#3271 = DIRECTION ( 'NONE',  ( -0.000000000000000000, -0.000000000000000000, 1.000000000000000000 ) ) ;
#3272 = LINE ( 'NONE', #3869, #2082 ) ;
#3273 = VERTEX_POINT ( 'NONE', #603 ) ;
#3274 = CARTESIAN_POINT ( 'NONE',  ( -0.1475000000000000200, 0.1175000000000017975, -0.1200000000000000233 ) ) ;
#3275 = DIRECTION ( 'NONE',  ( 0.000000000000000000, 0.000000000000000000, -1.000000000000000000 ) ) ;
#3276 = VERTEX_POINT ( 'NONE', #2853 ) ;
#3277 = ORIENTED_EDGE ( 'NONE', *, *, #113, .F. ) ;
#3278 = CARTESIAN_POINT ( 'NONE',  ( 0.1624999999999999778, -3.671313953020295178E-17, 0.1089999999999999997 ) ) ;
#3279 = ORIENTED_EDGE ( 'NONE', *, *, #2351, .F. ) ;
#3280 = ORIENTED_EDGE ( 'NONE', *, *, #3197, .T. ) ;
#3281 = DIRECTION ( 'NONE',  ( 1.000000000000000000, 0.000000000000000000, 0.000000000000000000 ) ) ;
#3282 = FACE_OUTER_BOUND ( 'NONE', #3328, .T. ) ;
#3283 = CARTESIAN_POINT ( 'NONE',  ( -0.08299999999999999045, 0.1930000000000000049, -0.08500000000000001998 ) ) ;
#3284 = CARTESIAN_POINT ( 'NONE',  ( 0.1624999999999999778, -0.1160000000000000753, -0.1089999999999999858 ) ) ;
#3285 = EDGE_LOOP ( 'NONE', ( #3875, #4191, #1224, #4079 ) ) ;
#3286 = VERTEX_POINT ( 'NONE', #2873 ) ;
#3287 = DIRECTION ( 'NONE',  ( 0.000000000000000000, 0.000000000000000000, 1.000000000000000000 ) ) ;
#3288 = LINE ( 'NONE', #1019, #3773 ) ;
#3289 = CARTESIAN_POINT ( 'NONE',  ( -0.08700000000000004952, 0.1950000000000000067, 0.08499999999999997835 ) ) ;
#3290 = LINE ( 'NONE', #1933, #185 ) ;
#3291 = VECTOR ( 'NONE', #4158, 39.37007874015748143 ) ;
#3292 = EDGE_CURVE ( 'NONE', #1210, #2587, #3230, .T. ) ;
#3293 = VECTOR ( 'NONE', #1102, 39.37007874015748143 ) ;
#3294 = EDGE_LOOP ( 'NONE', ( #1769, #3784, #856, #75 ) ) ;
#3295 = CARTESIAN_POINT ( 'NONE',  ( 0.1250000000000000000, 0.1275000000000018063, -0.08000000000000001554 ) ) ;
#3296 = CARTESIAN_POINT ( 'NONE',  ( 0.1250000000000000000, 0.1275000000000018063, 0.1649999999999999800 ) ) ;
#3297 = DIRECTION ( 'NONE',  ( 0.000000000000000000, 0.000000000000000000, 1.000000000000000000 ) ) ;
#3298 =( GEOMETRIC_REPRESENTATION_CONTEXT ( 3 ) GLOBAL_UNCERTAINTY_ASSIGNED_CONTEXT ( ( #536 ) ) GLOBAL_UNIT_ASSIGNED_CONTEXT ( ( #188, #3757, #1857 ) ) REPRESENTATION_CONTEXT ( 'NONE', 'WORKASPACE' ) );
#3299 = EDGE_CURVE ( 'NONE', #2393, #2262, #2833, .T. ) ;
#3300 = ORIENTED_EDGE ( 'NONE', *, *, #1209, .T. ) ;
#3301 = VERTEX_POINT ( 'NONE', #688 ) ;
#3302 = CIRCLE ( 'NONE', #1465, 0.01324711866560587120 ) ;
#3303 = CARTESIAN_POINT ( 'NONE',  ( -0.1525000000000000244, 0.1125000000000018069, -0.08000000000000001554 ) ) ;
#3304 = DIRECTION ( 'NONE',  ( 0.000000000000000000, 0.000000000000000000, -1.000000000000000000 ) ) ;
#3305 = CARTESIAN_POINT ( 'NONE',  ( 0.08255055456216962850, 0.1950000000000000067, -0.07737655350645168684 ) ) ;
#3306 = LINE ( 'NONE', #1685, #1407 ) ;
#3307 = EDGE_CURVE ( 'NONE', #1380, #807, #1364, .T. ) ;
#3308 = AXIS2_PLACEMENT_3D ( 'NONE', #1463, #3417, #1808 ) ;
#3309 = ORIENTED_EDGE ( 'NONE', *, *, #62, .T. ) ;
#3310 = DIRECTION ( 'NONE',  ( 2.592780666980726406E-17, 0.1803278688524587725, 0.9836065573770492731 ) ) ;
#3311 = CARTESIAN_POINT ( 'NONE',  ( 0.08557007911008915335, 0.1950000000000000067, -0.08000000000000007105 ) ) ;
#3312 = AXIS2_PLACEMENT_3D ( 'NONE', #4201, #2265, #2884 ) ;
#3313 = DIRECTION ( 'NONE',  ( -1.000000000000000000, 1.437814733507495799E-16, -0.000000000000000000 ) ) ;
#3314 = CARTESIAN_POINT ( 'NONE',  ( -0.08299999999999999045, 0.1930000000000000049, -0.08500000000000001998 ) ) ;
#3315 = CARTESIAN_POINT ( 'NONE',  ( 0.08255055456217171017, 0.1930000000000000049, 0.1226234464935483937 ) ) ;
#3316 = CLOSED_SHELL ( 'NONE', ( #3673, #1126, #993, #1442, #2965, #3073, #3011, #3209, #2070, #2586, #3024, #2890, #3774, #1235, #475 ) ) ;
#3317 = ORIENTED_EDGE ( 'NONE', *, *, #2781, .T. ) ;
#3318 = CARTESIAN_POINT ( 'NONE',  ( 0.09557007911009124390, 0.1930000000000000049, 0.1113117232467741857 ) ) ;
#3319 = FACE_OUTER_BOUND ( 'NONE', #2298, .T. ) ;
#3320 = VERTEX_POINT ( 'NONE', #1550 ) ;
#3321 = ORIENTED_EDGE ( 'NONE', *, *, #1899, .T. ) ;
#3322 = DIRECTION ( 'NONE',  ( 0.7548811369798821280, -0.000000000000000000, -0.6558616233870985246 ) ) ;
#3323 = CARTESIAN_POINT ( 'NONE',  ( -0.06999999999999999278, 0.1930000000000000049, -0.09800000000000001765 ) ) ;
#3324 = ADVANCED_FACE ( 'NONE', ( #1020 ), #2241, .T. ) ;
#3325 = CARTESIAN_POINT ( 'NONE',  ( 0.1624999999999999778, 0.05999999999999995615, 0.1200000000000000233 ) ) ;
#3326 = ORIENTED_EDGE ( 'NONE', *, *, #1213, .F. ) ;
#3327 = PLANE ( 'NONE',  #853 ) ;
#3328 = EDGE_LOOP ( 'NONE', ( #2188, #609, #2222, #1051 ) ) ;
#3329 = CARTESIAN_POINT ( 'NONE',  ( 0.08255055456217172405, 0.1930000000000000049, 0.08262344649354842752 ) ) ;
#3330 = CARTESIAN_POINT ( 'NONE',  ( 0.1624999999999999778, 0.05999999999999995615, -0.08000000000000002942 ) ) ;
#3331 = EDGE_CURVE ( 'NONE', #2330, #168, #3853, .T. ) ;
#3332 = DIRECTION ( 'NONE',  ( 2.592780666980734110E-17, 0.1803278688524592999, 0.9836065573770491621 ) ) ;
#3333 = DIRECTION ( 'NONE',  ( -1.000000000000000000, 1.437814733507495799E-16, 0.000000000000000000 ) ) ;
#3334 = DIRECTION ( 'NONE',  ( 0.000000000000000000, 0.000000000000000000, -1.000000000000000000 ) ) ;
#3335 = ORIENTED_EDGE ( 'NONE', *, *, #1390, .F. ) ;
#3336 = CARTESIAN_POINT ( 'NONE',  ( 0.1624999999999999778, -3.450877529173771473E-17, -0.09100000000000001144 ) ) ;
#3337 = DIRECTION ( 'NONE',  ( -1.000000000000000000, 0.000000000000000000, 0.000000000000000000 ) ) ;
#3338 = ORIENTED_EDGE ( 'NONE', *, *, #972, .T. ) ;
#3339 = EDGE_CURVE ( 'NONE', #1068, #1853, #2578, .T. ) ;
#3340 = ADVANCED_FACE ( 'NONE', ( #1612 ), #3531, .T. ) ;
#3341 = ORIENTED_EDGE ( 'NONE', *, *, #1397, .T. ) ;
#3342 =( NAMED_UNIT ( * ) PLANE_ANGLE_UNIT ( ) SI_UNIT ( $, .RADIAN. ) );
#3343 = CARTESIAN_POINT ( 'NONE',  ( 0.09557007911009124390, 0.1930000000000000049, 0.1113117232467741857 ) ) ;
#3344 = DIRECTION ( 'NONE',  ( -1.000000000000000000, 0.000000000000000000, 0.000000000000000000 ) ) ;
#3345 = EDGE_CURVE ( 'NONE', #241, #2594, #3224, .T. ) ;
#3346 = EDGE_CURVE ( 'NONE', #3193, #2131, #1238, .T. ) ;
#3347 = ORIENTED_EDGE ( 'NONE', *, *, #3854, .F. ) ;
#3348 = CARTESIAN_POINT ( 'NONE',  ( 0.1624999999999999778, 0.1125000000000018069, 0.08000000000000001554 ) ) ;
#3349 = CARTESIAN_POINT ( 'NONE',  ( 0.08255055456217171017, 0.1930000000000000049, 0.1226234464935483937 ) ) ;
#3350 = DIRECTION ( 'NONE',  ( 0.000000000000000000, 0.000000000000000000, -1.000000000000000000 ) ) ;
#3351 = EDGE_CURVE ( 'NONE', #589, #1349, #938, .T. ) ;
#3352 = CYLINDRICAL_SURFACE ( 'NONE', #633, 0.01324711866560588855 ) ;
#3353 = APPLICATION_CONTEXT ( 'automotive_design' ) ;
#3354 = LINE ( 'NONE', #1391, #402 ) ;
#3355 = VERTEX_POINT ( 'NONE', #3658 ) ;
#3356 = DIRECTION ( 'NONE',  ( 0.7548811369798821280, -0.000000000000000000, -0.6558616233870985246 ) ) ;
#3357 = VECTOR ( 'NONE', #584, 39.37007874015748143 ) ;
#3358 = DIRECTION ( 'NONE',  ( 0.000000000000000000, 0.000000000000000000, 1.000000000000000000 ) ) ;
#3359 = AXIS2_PLACEMENT_3D ( 'NONE', #932, #954, #3946 ) ;
#3360 = ORIENTED_EDGE ( 'NONE', *, *, #1551, .T. ) ;
#3361 = LINE ( 'NONE', #2341, #1552 ) ;
#3362 = DIRECTION ( 'NONE',  ( 0.6558616233870985246, -0.000000000000000000, 0.7548811369798822390 ) ) ;
#3363 = CIRCLE ( 'NONE', #1875, 0.004999999999999981022 ) ;
#3364 = CARTESIAN_POINT ( 'NONE',  ( -0.1475000000000000200, 0.1125000000000018069, -0.08000000000000001554 ) ) ;
#3365 = EDGE_CURVE ( 'NONE', #2731, #2648, #2947, .T. ) ;
#3366 = ORIENTED_EDGE ( 'NONE', *, *, #1780, .T. ) ;
#3367 = PRESENTATION_LAYER_ASSIGNMENT (  '', '', ( #622 ) ) ;
#3368 = SURFACE_STYLE_FILL_AREA ( #3944 ) ;
#3369 = DIRECTION ( 'NONE',  ( 0.000000000000000000, 0.000000000000000000, -1.000000000000000000 ) ) ;
#3370 = CARTESIAN_POINT ( 'NONE',  ( -0.1141683601449158397, 0.2097744729768135363, -0.1541683601449158614 ) ) ;
#3371 = DIRECTION ( 'NONE',  ( 0.000000000000000000, 0.000000000000000000, 1.000000000000000000 ) ) ;
#3372 = EDGE_CURVE ( 'NONE', #2508, #4196, #1261, .T. ) ;
#3373 = CIRCLE ( 'NONE', #3308, 0.01724711866560588169 ) ;
#3374 = UNCERTAINTY_MEASURE_WITH_UNIT (LENGTH_MEASURE( 1.000000000000000082E-05 ), #3982, 'distance_accuracy_value', 'NONE');
#3375 = DIMENSIONAL_EXPONENTS ( 1.000000000000000000, 0.000000000000000000, 0.000000000000000000, 0.000000000000000000, 0.000000000000000000, 0.000000000000000000, 0.000000000000000000 ) ;
#3376 = DIRECTION ( 'NONE',  ( -0.000000000000000000, 1.000000000000000000, -0.000000000000000000 ) ) ;
#3377 = CARTESIAN_POINT ( 'NONE',  ( 0.09557007911008916223, 0.1930000000000000049, -0.08868827675322586701 ) ) ;
#3378 = VECTOR ( 'NONE', #1091, 39.37007874015748143 ) ;
#3379 = CARTESIAN_POINT ( 'NONE',  ( -0.1000000000000000056, 0.1950000000000000067, -0.1019999999999999934 ) ) ;
#3380 = VECTOR ( 'NONE', #1456, 39.37007874015748143 ) ;
#3381 = FACE_OUTER_BOUND ( 'NONE', #949, .T. ) ;
#3382 = ADVANCED_FACE ( 'NONE', ( #1895 ), #3185, .F. ) ;
#3383 = VECTOR ( 'NONE', #3281, 39.37007874015748143 ) ;
#3384 = VECTOR ( 'NONE', #3570, 39.37007874015748143 ) ;
#3385 = EDGE_LOOP ( 'NONE', ( #1471, #2028, #3708, #3932 ) ) ;
#3386 = CIRCLE ( 'NONE', #4132, 0.01324711866560588855 ) ;
#3387 = CARTESIAN_POINT ( 'NONE',  ( 0.09557007911009124390, 0.1930000000000000049, 0.1113117232467741857 ) ) ;
#3388 = DIRECTION ( 'NONE',  ( -0.000000000000000000, -0.000000000000000000, 1.000000000000000000 ) ) ;
#3389 = PLANE ( 'NONE',  #3731 ) ;
#3390 = FACE_OUTER_BOUND ( 'NONE', #1284, .T. ) ;
#3391 = PLANE ( 'NONE',  #3976 ) ;
#3392 = ORIENTED_EDGE ( 'NONE', *, *, #1768, .F. ) ;
#3393 = EDGE_CURVE ( 'NONE', #1699, #4037, #3164, .T. ) ;
#3394 = CARTESIAN_POINT ( 'NONE',  ( -0.08700000000000000788, 0.1930000000000000049, -0.1150000000000000189 ) ) ;
#3395 = CYLINDRICAL_SURFACE ( 'NONE', #1107, 0.01324711866560588855 ) ;
#3396 = ORIENTED_EDGE ( 'NONE', *, *, #1252, .F. ) ;
#3397 = CARTESIAN_POINT ( 'NONE',  ( -0.08300000000000004596, 0.1950000000000000067, 0.08499999999999997835 ) ) ;
#3398 = ORIENTED_EDGE ( 'NONE', *, *, #1483, .F. ) ;
#3399 = LINE ( 'NONE', #3066, #2677 ) ;
#3400 = PLANE ( 'NONE',  #1804 ) ;
#3401 = ORIENTED_EDGE ( 'NONE', *, *, #2684, .T. ) ;
#3402 = ORIENTED_EDGE ( 'NONE', *, *, #3686, .T. ) ;
#3403 = ADVANCED_FACE ( 'NONE', ( #225 ), #918, .F. ) ;
#3404 = ORIENTED_EDGE ( 'NONE', *, *, #2186, .T. ) ;
#3405 = VERTEX_POINT ( 'NONE', #3410 ) ;
#3406 = CARTESIAN_POINT ( 'NONE',  ( 0.1250000000000000000, 0.1275000000000018063, 0.08000000000000001554 ) ) ;
#3407 = DIRECTION ( 'NONE',  ( 0.000000000000000000, 0.000000000000000000, 1.000000000000000000 ) ) ;
#3408 =( CONVERSION_BASED_UNIT ( 'INCH', #3742 ) LENGTH_UNIT ( ) NAMED_UNIT ( #3034 ) );
#3409 = PLANE ( 'NONE',  #1940 ) ;
#3410 = CARTESIAN_POINT ( 'NONE',  ( -0.1236834750241260633, 0.1175000000000017975, 0.08000000000000001554 ) ) ;
#3411 = ORIENTED_EDGE ( 'NONE', *, *, #1207, .F. ) ;
#3412 = ORIENTED_EDGE ( 'NONE', *, *, #1386, .T. ) ;
#3413 = CARTESIAN_POINT ( 'NONE',  ( -0.08299999999999999045, 0.1950000000000000067, -0.09800000000000001765 ) ) ;
#3414 = PLANE ( 'NONE',  #58 ) ;
#3415 = ORIENTED_EDGE ( 'NONE', *, *, #1289, .F. ) ;
#3416 = DIRECTION ( 'NONE',  ( -0.000000000000000000, -0.000000000000000000, 1.000000000000000000 ) ) ;
#3417 = DIRECTION ( 'NONE',  ( 0.000000000000000000, 1.000000000000000000, 0.000000000000000000 ) ) ;
#3418 = DIRECTION ( 'NONE',  ( 0.000000000000000000, 1.000000000000000000, 0.000000000000000000 ) ) ;
#3419 = EDGE_CURVE ( 'NONE', #2001, #3557, #2744, .T. ) ;
#3420 = ORIENTED_EDGE ( 'NONE', *, *, #3588, .T. ) ;
#3421 = ORIENTED_EDGE ( 'NONE', *, *, #861, .T. ) ;
#3422 = VECTOR ( 'NONE', #525, 39.37007874015748143 ) ;
#3423 = EDGE_LOOP ( 'NONE', ( #3683, #948, #3076, #328, #3021, #3182, #1174, #4169, #662, #2653, #3041, #523 ) ) ;
#3424 = CARTESIAN_POINT ( 'NONE',  ( 0.1236834750241260633, 0.1175000000000017975, 0.08000000000000001554 ) ) ;
#3425 = EDGE_CURVE ( 'NONE', #2567, #3493, #2069, .T. ) ;
#3426 = AXIS2_PLACEMENT_3D ( 'NONE', #3377, #777, #1761 ) ;
#3427 = ORIENTED_EDGE ( 'NONE', *, *, #1580, .T. ) ;
#3428 = VECTOR ( 'NONE', #1189, 39.37007874015748143 ) ;
#3429 = CARTESIAN_POINT ( 'NONE',  ( 0.08255055456216962850, 0.1930000000000000049, -0.1000000000000000194 ) ) ;
#3430 = CARTESIAN_POINT ( 'NONE',  ( 0.1624999999999999778, 0.05999999999999995615, 0.08000000000000002942 ) ) ;
#3431 = DIRECTION ( 'NONE',  ( 0.000000000000000000, 1.000000000000000000, 0.000000000000000000 ) ) ;
#3432 = STYLED_ITEM ( 'NONE', ( #4187 ), #2272 ) ;
#3433 = EDGE_CURVE ( 'NONE', #3261, #2008, #466, .T. ) ;
#3434 = STYLED_ITEM ( 'NONE', ( #1506 ), #2886 ) ;
#3435 = DIRECTION ( 'NONE',  ( 0.000000000000000000, -1.000000000000000000, 0.000000000000000000 ) ) ;
#3436 = FACE_OUTER_BOUND ( 'NONE', #104, .T. ) ;
#3437 = AXIS2_PLACEMENT_3D ( 'NONE', #2897, #244, #358 ) ;
#3438 = AXIS2_PLACEMENT_3D ( 'NONE', #3105, #2230, #3196 ) ;
#3439 = ORIENTED_EDGE ( 'NONE', *, *, #1985, .F. ) ;
#3440 = CARTESIAN_POINT ( 'NONE',  ( -0.1194719433195040731, 0.08551024073374613454, -0.1594719433195041225 ) ) ;
#3441 = VECTOR ( 'NONE', #3416, 39.37007874015748143 ) ;
#3442 = CARTESIAN_POINT ( 'NONE',  ( -0.08700000000000000788, 0.1930000000000000049, -0.1019999999999999934 ) ) ;
#3443 = CARTESIAN_POINT ( 'NONE',  ( 0.1624999999999999778, -3.450877529173771473E-17, 0.09100000000000001144 ) ) ;
#3444 = EDGE_LOOP ( 'NONE', ( #3392, #531, #1619, #791 ) ) ;
#3445 = EDGE_LOOP ( 'NONE', ( #574, #3454, #2948, #154, #832, #2798, #794, #2076 ) ) ;
#3446 = ORIENTED_EDGE ( 'NONE', *, *, #3152, .F. ) ;
#3447 = VECTOR ( 'NONE', #1193, 39.37007874015748143 ) ;
#3448 = DIRECTION ( 'NONE',  ( -1.437814733507495799E-16, -1.000000000000000000, -0.000000000000000000 ) ) ;
#3449 = CLOSED_SHELL ( 'NONE', ( #1996, #2847, #3988, #3, #1127, #54, #3191, #822 ) ) ;
#3450 = ORIENTED_EDGE ( 'NONE', *, *, #3588, .F. ) ;
#3451 = VECTOR ( 'NONE', #172, 39.37007874015748143 ) ;
#3452 = MECHANICAL_DESIGN_GEOMETRIC_PRESENTATION_REPRESENTATION (  '', ( #714 ), #2499 ) ;
#3453 = ORIENTED_EDGE ( 'NONE', *, *, #266, .T. ) ;
#3454 = ORIENTED_EDGE ( 'NONE', *, *, #1785, .T. ) ;
#3455 = EDGE_CURVE ( 'NONE', #4028, #3922, #2110, .T. ) ;
#3456 = AXIS2_PLACEMENT_3D ( 'NONE', #3128, #2112, #176 ) ;
#3457 = FACE_OUTER_BOUND ( 'NONE', #2035, .T. ) ;
#3458 = DIRECTION ( 'NONE',  ( -0.000000000000000000, 1.000000000000000000, -0.000000000000000000 ) ) ;
#3459 = CARTESIAN_POINT ( 'NONE',  ( -0.08300000000000004596, 0.1930000000000000049, 0.08499999999999997835 ) ) ;
#3460 = FACE_OUTER_BOUND ( 'NONE', #679, .T. ) ;
#3461 = LINE ( 'NONE', #3782, #3291 ) ;
#3462 = ORIENTED_EDGE ( 'NONE', *, *, #3131, .F. ) ;
#3463 = PLANE ( 'NONE',  #494 ) ;
#3464 = DIRECTION ( 'NONE',  ( 0.000000000000000000, 1.000000000000000000, 0.000000000000000000 ) ) ;
#3465 = CARTESIAN_POINT ( 'NONE',  ( 0.1525000000000000244, 0.1125000000000018069, -0.08000000000000001554 ) ) ;
#3466 = CARTESIAN_POINT ( 'NONE',  ( 0.08557007911009124890, 0.1950000000000000067, 0.1199999999999999817 ) ) ;
#3467 = CARTESIAN_POINT ( 'NONE',  ( -0.1475000000000000200, 0.1275000000000017231, 0.1200000000000000233 ) ) ;
#3468 = VERTEX_POINT ( 'NONE', #2085 ) ;
#3469 = EDGE_LOOP ( 'NONE', ( #1812, #3733, #87, #32, #3710, #1994, #353, #1158, #2287 ) ) ;
#3470 = LINE ( 'NONE', #3074, #1668 ) ;
#3471 = EDGE_CURVE ( 'NONE', #2793, #1085, #1067, .T. ) ;
#3472 = ORIENTED_EDGE ( 'NONE', *, *, #1740, .T. ) ;
#3473 = EDGE_LOOP ( 'NONE', ( #628, #1702, #4036, #3802 ) ) ;
#3474 = ORIENTED_EDGE ( 'NONE', *, *, #187, .T. ) ;
#3475 = CARTESIAN_POINT ( 'NONE',  ( -0.08700000000000000788, 0.1930000000000000049, -0.09800000000000001765 ) ) ;
#3476 = LINE ( 'NONE', #3148, #4176 ) ;
#3477 = DIRECTION ( 'NONE',  ( 0.000000000000000000, 1.000000000000000000, 0.000000000000000000 ) ) ;
#3478 = EDGE_CURVE ( 'NONE', #248, #1542, #1469, .T. ) ;
#3479 = PLANE ( 'NONE',  #2030 ) ;
#3480 = FACE_OUTER_BOUND ( 'NONE', #3542, .T. ) ;
#3481 = ORIENTED_EDGE ( 'NONE', *, *, #2781, .F. ) ;
#3482 = EDGE_CURVE ( 'NONE', #1904, #2664, #3302, .T. ) ;
#3483 = EDGE_LOOP ( 'NONE', ( #2839, #3347, #1773, #4165 ) ) ;
#3484 = CARTESIAN_POINT ( 'NONE',  ( -0.1475000000000000200, 0.1275000000000017231, 0.1200000000000000233 ) ) ;
#3485 = CARTESIAN_POINT ( 'NONE',  ( -0.08299999999999999045, 0.1950000000000000067, -0.08500000000000001998 ) ) ;
#3486 = LINE ( 'NONE', #167, #4183 ) ;
#3487 = PLANE ( 'NONE',  #4111 ) ;
#3488 = ORIENTED_EDGE ( 'NONE', *, *, #3482, .F. ) ;
#3489 = VERTEX_POINT ( 'NONE', #2992 ) ;
#3490 = VERTEX_POINT ( 'NONE', #139 ) ;
#3491 = EDGE_LOOP ( 'NONE', ( #2928, #2228, #3975, #307 ) ) ;
#3492 = LENGTH_MEASURE_WITH_UNIT ( LENGTH_MEASURE( 0.02539999999999999897 ), #155 );
#3493 = VERTEX_POINT ( 'NONE', #2452 ) ;
#3494 = ORIENTED_EDGE ( 'NONE', *, *, #690, .T. ) ;
#3495 = LINE ( 'NONE', #2551, #1962 ) ;
#3496 = ORIENTED_EDGE ( 'NONE', *, *, #4167, .F. ) ;
#3497 = EDGE_LOOP ( 'NONE', ( #3262, #1041, #3116, #943 ) ) ;
#3498 = DIRECTION ( 'NONE',  ( -0.000000000000000000, -0.000000000000000000, -1.000000000000000000 ) ) ;
#3499 = EDGE_CURVE ( 'NONE', #674, #1246, #3059, .T. ) ;
#3500 = CARTESIAN_POINT ( 'NONE',  ( 0.08557007911009124890, 0.1930000000000000049, 0.08000000000000002942 ) ) ;
#3501 = CARTESIAN_POINT ( 'NONE',  ( 0.000000000000000000, 0.1950000000000000067, 0.1561134564128507374 ) ) ;
#3502 = VECTOR ( 'NONE', #2501, 39.37007874015748854 ) ;
#3503 = DIRECTION ( 'NONE',  ( 0.000000000000000000, 1.000000000000000000, 0.000000000000000000 ) ) ;
#3504 = CARTESIAN_POINT ( 'NONE',  ( 0.1624999999999999778, -0.1160000000000000753, -0.1089999999999999858 ) ) ;
#3505 = AXIS2_PLACEMENT_3D ( 'NONE', #488, #2782, #159 ) ;
#3506 = DIRECTION ( 'NONE',  ( -0.000000000000000000, -0.000000000000000000, -1.000000000000000000 ) ) ;
#3507 = CARTESIAN_POINT ( 'NONE',  ( -0.08299999999999999045, 0.1930000000000000049, -0.09800000000000001765 ) ) ;
#3508 = DIRECTION ( 'NONE',  ( -1.000000000000000000, -0.000000000000000000, -0.000000000000000000 ) ) ;
#3509 = FACE_OUTER_BOUND ( 'NONE', #265, .T. ) ;
#3510 = VECTOR ( 'NONE', #2020, 39.37007874015748143 ) ;
#3511 = VERTEX_POINT ( 'NONE', #1148 ) ;
#3512 = PLANE ( 'NONE',  #502 ) ;
#3513 = ORIENTED_EDGE ( 'NONE', *, *, #1543, .T. ) ;
#3514 = ADVANCED_FACE ( 'NONE', ( #118 ), #3391, .T. ) ;
#3515 = PLANE ( 'NONE',  #838 ) ;
#3516 = VECTOR ( 'NONE', #3376, 39.37007874015748143 ) ;
#3517 = ORIENTED_EDGE ( 'NONE', *, *, #866, .T. ) ;
#3518 = VERTEX_POINT ( 'NONE', #2720 ) ;
#3519 = SURFACE_STYLE_USAGE ( .BOTH. , #2612 ) ;
#3520 = VECTOR ( 'NONE', #1188, 39.37007874015748143 ) ;
#3521 = LINE ( 'NONE', #138, #754 ) ;
#3522 = DIRECTION ( 'NONE',  ( 1.000000000000000000, -0.000000000000000000, -0.000000000000000000 ) ) ;
#3523 = CIRCLE ( 'NONE', #823, 0.008999999999999992381 ) ;
#3524 = VECTOR ( 'NONE', #2067, 39.37007874015748143 ) ;
#3525 = DIRECTION ( 'NONE',  ( 0.000000000000000000, 0.000000000000000000, -1.000000000000000000 ) ) ;
#3526 = PLANE ( 'NONE',  #2404 ) ;
#3527 = DIRECTION ( 'NONE',  ( -0.000000000000000000, -0.000000000000000000, 1.000000000000000000 ) ) ;
#3528 = EDGE_CURVE ( 'NONE', #301, #2689, #744, .T. ) ;
#3529 = FACE_OUTER_BOUND ( 'NONE', #3769, .T. ) ;
#3530 = CARTESIAN_POINT ( 'NONE',  ( 0.1624999999999999778, -3.450877529173771473E-17, -0.09100000000000001144 ) ) ;
#3531 = CYLINDRICAL_SURFACE ( 'NONE', #3576, 0.01324711866560588855 ) ;
#3532 = CARTESIAN_POINT ( 'NONE',  ( -0.08700000000000000788, 0.1950000000000000067, -0.09800000000000001765 ) ) ;
#3533 = EDGE_CURVE ( 'NONE', #368, #1952, #2738, .T. ) ;
#3534 = EDGE_CURVE ( 'NONE', #1447, #498, #4046, .T. ) ;
#3535 = ORIENTED_EDGE ( 'NONE', *, *, #457, .T. ) ;
#3536 =( NAMED_UNIT ( * ) PLANE_ANGLE_UNIT ( ) SI_UNIT ( $, .RADIAN. ) );
#3537 = ORIENTED_EDGE ( 'NONE', *, *, #1359, .F. ) ;
#3538 = ADVANCED_FACE ( 'NONE', ( #2048 ), #1088, .F. ) ;
#3539 = ORIENTED_EDGE ( 'NONE', *, *, #2657, .T. ) ;
#3540 = DIRECTION ( 'NONE',  ( -0.000000000000000000, -1.000000000000000000, -0.000000000000000000 ) ) ;
#3541 = CARTESIAN_POINT ( 'NONE',  ( -0.08300000000000004596, 0.1950000000000000067, 0.08499999999999997835 ) ) ;
#3542 = EDGE_LOOP ( 'NONE', ( #236, #3446, #3007, #3770 ) ) ;
#3543 = FACE_OUTER_BOUND ( 'NONE', #1529, .T. ) ;
#3544 = DIRECTION ( 'NONE',  ( 0.1305261922200490754, -0.9914448613738107152, 0.000000000000000000 ) ) ;
#3545 = ORIENTED_EDGE ( 'NONE', *, *, #451, .T. ) ;
#3546 = DIRECTION ( 'NONE',  ( 1.437814733507495799E-16, 1.000000000000000000, 0.000000000000000000 ) ) ;
#3547 = CARTESIAN_POINT ( 'NONE',  ( 0.08557007911009124890, 0.1950000000000000067, 0.1199999999999999817 ) ) ;
#3548 = EDGE_CURVE ( 'NONE', #1325, #3560, #696, .T. ) ;
#3549 = CARTESIAN_POINT ( 'NONE',  ( 0.1624999999999999778, -0.1160000000000000753, 0.09999999999999999167 ) ) ;
#3550 = SURFACE_STYLE_FILL_AREA ( #1896 ) ;
#3551 = ORIENTED_EDGE ( 'NONE', *, *, #4116, .F. ) ;
#3552 = DIRECTION ( 'NONE',  ( 0.000000000000000000, 0.000000000000000000, -1.000000000000000000 ) ) ;
#3553 = ORIENTED_EDGE ( 'NONE', *, *, #2314, .T. ) ;
#3554 = DIRECTION ( 'NONE',  ( -1.000000000000000000, 0.000000000000000000, 0.000000000000000000 ) ) ;
#3555 = EDGE_CURVE ( 'NONE', #8, #4190, #1436, .T. ) ;
#3556 = ORIENTED_EDGE ( 'NONE', *, *, #3895, .F. ) ;
#3557 = VERTEX_POINT ( 'NONE', #1777 ) ;
#3558 = DIRECTION ( 'NONE',  ( 0.000000000000000000, 0.000000000000000000, -1.000000000000000000 ) ) ;
#3559 = CARTESIAN_POINT ( 'NONE',  ( 0.1624999999999999778, -0.1160000000000000753, -0.09999999999999999167 ) ) ;
#3560 = VERTEX_POINT ( 'NONE', #3744 ) ;
#3561 = VECTOR ( 'NONE', #2895, 39.37007874015748854 ) ;
#3562 = DIRECTION ( 'NONE',  ( 0.000000000000000000, 1.000000000000000000, 0.000000000000000000 ) ) ;
#3563 = DIRECTION ( 'NONE',  ( -1.000000000000000000, 0.000000000000000000, 0.000000000000000000 ) ) ;
#3564 = EDGE_CURVE ( 'NONE', #2980, #3511, #2436, .T. ) ;
#3565 = VECTOR ( 'NONE', #3200, 39.37007874015748143 ) ;
#3566 = LINE ( 'NONE', #3250, #2958 ) ;
#3567 = DIRECTION ( 'NONE',  ( 5.691349986800547879E-16, 0.000000000000000000, -1.000000000000000000 ) ) ;
#3568 = LINE ( 'NONE', #1007, #123 ) ;
#3569 = AXIS2_PLACEMENT_3D ( 'NONE', #1212, #2451, #1228 ) ;
#3570 = DIRECTION ( 'NONE',  ( -0.000000000000000000, -0.000000000000000000, 1.000000000000000000 ) ) ;
#3571 = EDGE_LOOP ( 'NONE', ( #1533, #4150, #1419, #2581, #2683, #1372 ) ) ;
#3572 = MECHANICAL_DESIGN_GEOMETRIC_PRESENTATION_REPRESENTATION (  '', ( #622 ), #3084 ) ;
#3573 = ORIENTED_EDGE ( 'NONE', *, *, #1497, .T. ) ;
#3574 = DIRECTION ( 'NONE',  ( 0.000000000000000000, 0.000000000000000000, -1.000000000000000000 ) ) ;
#3575 = DIRECTION ( 'NONE',  ( 2.116320740836944605E-32, 1.471900858655313724E-16, 1.000000000000000000 ) ) ;
#3576 = AXIS2_PLACEMENT_3D ( 'NONE', #1916, #3874, #4163 ) ;
#3577 = DIRECTION ( 'NONE',  ( -1.000000000000000000, 0.000000000000000000, -0.000000000000000000 ) ) ;
#3578 = ORIENTED_EDGE ( 'NONE', *, *, #1768, .T. ) ;
#3579 = ORIENTED_EDGE ( 'NONE', *, *, #381, .F. ) ;
#3580 = AXIS2_PLACEMENT_3D ( 'NONE', #1292, #2319, #2635 ) ;
#3581 = ORIENTED_EDGE ( 'NONE', *, *, #965, .F. ) ;
#3582 = CARTESIAN_POINT ( 'NONE',  ( 0.08255055456217171017, 0.1950000000000000067, 0.1000000000000000194 ) ) ;
#3583 = FACE_OUTER_BOUND ( 'NONE', #2445, .T. ) ;
#3584 = DIRECTION ( 'NONE',  ( -0.1305261922200491032, -0.9914448613738107152, 0.000000000000000000 ) ) ;
#3585 = VECTOR ( 'NONE', #717, 39.37007874015748143 ) ;
#3586 = DIRECTION ( 'NONE',  ( 0.000000000000000000, -1.000000000000000000, 0.000000000000000000 ) ) ;
#3587 = ORIENTED_EDGE ( 'NONE', *, *, #3157, .F. ) ;
#3588 = EDGE_CURVE ( 'NONE', #1371, #2902, #2171, .T. ) ;
#3589 = ORIENTED_EDGE ( 'NONE', *, *, #2025, .T. ) ;
#3590 = VECTOR ( 'NONE', #1845, 39.37007874015748143 ) ;
#3591 = EDGE_LOOP ( 'NONE', ( #3880, #3668, #1017, #1425 ) ) ;
#3592 = DIRECTION ( 'NONE',  ( -0.000000000000000000, -0.000000000000000000, 1.000000000000000000 ) ) ;
#3593 = CARTESIAN_POINT ( 'NONE',  ( -0.08700000000000000788, 0.1930000000000000049, -0.08500000000000001998 ) ) ;
#3594 = AXIS2_PLACEMENT_3D ( 'NONE', #356, #3961, #1038 ) ;
#3595 = EDGE_CURVE ( 'NONE', #1699, #3489, #1564, .T. ) ;
#3596 = CARTESIAN_POINT ( 'NONE',  ( 0.08557007911008915335, 0.1930000000000000049, -0.09737655350645166297 ) ) ;
#3597 = COLOUR_RGB ( '',0.7921568627450980005, 0.8196078431372548767, 0.9333333333333333481 ) ;
#3598 = CARTESIAN_POINT ( 'NONE',  ( -0.1624999999999999778, -0.1250000000000000000, 0.09999999999999999167 ) ) ;
#3599 = VECTOR ( 'NONE', #1074, 39.37007874015748143 ) ;
#3600 = DIRECTION ( 'NONE',  ( 1.000000000000000000, 0.000000000000000000, 0.000000000000000000 ) ) ;
#3601 = ORIENTED_EDGE ( 'NONE', *, *, #3993, .F. ) ;
#3602 = ORIENTED_EDGE ( 'NONE', *, *, #141, .T. ) ;
#3603 = DIRECTION ( 'NONE',  ( -1.000000000000000000, 1.437814733507495799E-16, 0.000000000000000000 ) ) ;
#3604 = DIRECTION ( 'NONE',  ( -0.000000000000000000, 1.000000000000000000, -0.000000000000000000 ) ) ;
#3605 = EDGE_LOOP ( 'NONE', ( #2604, #1766, #2515, #812 ) ) ;
#3606 = FILL_AREA_STYLE_COLOUR ( '', #4180 ) ;
#3607 = FACE_BOUND ( 'NONE', #2127, .T. ) ;
#3608 = ORIENTED_EDGE ( 'NONE', *, *, #403, .T. ) ;
#3609 = CARTESIAN_POINT ( 'NONE',  ( 0.000000000000000000, 0.05999999999999999084, -0.1561134564128507929 ) ) ;
#3610 = CARTESIAN_POINT ( 'NONE',  ( -0.1250000000000000000, 0.1274999999999982536, 0.1649999999999999800 ) ) ;
#3611 = LINE ( 'NONE', #640, #1606 ) ;
#3612 = ADVANCED_FACE ( 'NONE', ( #3176 ), #1250, .T. ) ;
#3613 = ORIENTED_EDGE ( 'NONE', *, *, #779, .F. ) ;
#3614 = CARTESIAN_POINT ( 'NONE',  ( -0.1525000000000000244, 0.1125000000000018069, 0.1200000000000000233 ) ) ;
#3615 = LINE ( 'NONE', #4205, #3641 ) ;
#3616 = ORIENTED_EDGE ( 'NONE', *, *, #2458, .F. ) ;
#3617 = ADVANCED_FACE ( 'NONE', ( #1884 ), #1511, .T. ) ;
#3618 = CARTESIAN_POINT ( 'NONE',  ( 0.1625000000000000056, -0.1250000000000000278, 0.1200000000000000233 ) ) ;
#3619 = DIRECTION ( 'NONE',  ( 1.000000000000000000, 0.000000000000000000, -0.000000000000000000 ) ) ;
#3620 = EDGE_CURVE ( 'NONE', #64, #1244, #4155, .T. ) ;
#3621 = ORIENTED_EDGE ( 'NONE', *, *, #1594, .T. ) ;
#3622 = DIRECTION ( 'NONE',  ( -1.000000000000000000, 0.000000000000000000, 0.000000000000000000 ) ) ;
#3623 = DIMENSIONAL_EXPONENTS ( 1.000000000000000000, 0.000000000000000000, 0.000000000000000000, 0.000000000000000000, 0.000000000000000000, 0.000000000000000000, 0.000000000000000000 ) ;
#3624 = DIRECTION ( 'NONE',  ( 1.000000000000000000, 0.000000000000000000, -0.000000000000000000 ) ) ;
#3625 = CARTESIAN_POINT ( 'NONE',  ( -0.08299999999999999045, 0.1930000000000000049, -0.09800000000000001765 ) ) ;
#3626 = EDGE_CURVE ( 'NONE', #2929, #723, #3785, .T. ) ;
#3627 = VERTEX_POINT ( 'NONE', #175 ) ;
#3628 = EDGE_LOOP ( 'NONE', ( #3155, #1789, #2909, #955 ) ) ;
#3629 = CARTESIAN_POINT ( 'NONE',  ( 0.09557007911008916223, 0.1950000000000000067, -0.08868827675322586701 ) ) ;
#3630 = FILL_AREA_STYLE ('',( #2100 ) ) ;
#3631 = CARTESIAN_POINT ( 'NONE',  ( 0.1250000000000000000, 0.1275000000000018063, -0.1200000000000000233 ) ) ;
#3632 = ORIENTED_EDGE ( 'NONE', *, *, #1415, .F. ) ;
#3633 = SURFACE_SIDE_STYLE ('',( #3368 ) ) ;
#3634 = ORIENTED_EDGE ( 'NONE', *, *, #3951, .F. ) ;
#3635 = CARTESIAN_POINT ( 'NONE',  ( -0.1625000000000000056, -0.1250000000000000278, 0.08000000000000001554 ) ) ;
#3636 = DIRECTION ( 'NONE',  ( -0.1305261922200491032, -0.9914448613738107152, 0.000000000000000000 ) ) ;
#3637 = DIRECTION ( 'NONE',  ( -0.000000000000000000, -0.000000000000000000, 1.000000000000000000 ) ) ;
#3638 = ORIENTED_EDGE ( 'NONE', *, *, #1151, .F. ) ;
#3639 = PLANE ( 'NONE',  #1675 ) ;
#3640 = LINE ( 'NONE', #1984, #2999 ) ;
#3641 = VECTOR ( 'NONE', #599, 39.37007874015748143 ) ;
#3642 = EDGE_CURVE ( 'NONE', #3627, #2920, #4174, .T. ) ;
#3643 = CIRCLE ( 'NONE', #2807, 0.004999999999999981022 ) ;
#3644 = LINE ( 'NONE', #3952, #2408 ) ;
#3645 = DIRECTION ( 'NONE',  ( -0.000000000000000000, 1.000000000000000000, -0.000000000000000000 ) ) ;
#3646 = AXIS2_PLACEMENT_3D ( 'NONE', #322, #1695, #4233 ) ;
#3647 = AXIS2_PLACEMENT_3D ( 'NONE', #1094, #2056, #2631 ) ;
#3648 = EDGE_CURVE ( 'NONE', #1905, #790, #235, .T. ) ;
#3649 = EDGE_LOOP ( 'NONE', ( #389, #1296, #2126, #50 ) ) ;
#3650 = VECTOR ( 'NONE', #713, 39.37007874015748143 ) ;
#3651 =( NAMED_UNIT ( * ) SI_UNIT ( $, .STERADIAN. ) SOLID_ANGLE_UNIT ( ) );
#3652 = DIRECTION ( 'NONE',  ( 0.000000000000000000, 0.000000000000000000, 1.000000000000000000 ) ) ;
#3653 = DIRECTION ( 'NONE',  ( 0.000000000000000000, 0.000000000000000000, 1.000000000000000000 ) ) ;
#3654 = ORIENTED_EDGE ( 'NONE', *, *, #2135, .T. ) ;
#3655 = CARTESIAN_POINT ( 'NONE',  ( -0.1624999999999999778, -0.1160000000000000198, 0.09999999999999999167 ) ) ;
#3656 = CARTESIAN_POINT ( 'NONE',  ( -0.1525000000000000244, -0.1160000000000000198, 0.09099999999999999756 ) ) ;
#3657 = AXIS2_PLACEMENT_3D ( 'NONE', #4002, #2730, #2651 ) ;
#3658 = CARTESIAN_POINT ( 'NONE',  ( -0.1624999999999999778, 0.1125000000000018069, -0.08000000000000001554 ) ) ;
#3659 = VECTOR ( 'NONE', #4206, 39.37007874015748143 ) ;
#3660 = CARTESIAN_POINT ( 'NONE',  ( -0.08700000000000000788, 0.1930000000000000049, -0.1019999999999999934 ) ) ;
#3661 = CARTESIAN_POINT ( 'NONE',  ( 0.08255055456216962850, 0.1930000000000000049, -0.1000000000000000194 ) ) ;
#3662 = VECTOR ( 'NONE', #2263, 39.37007874015748143 ) ;
#3663 = VECTOR ( 'NONE', #109, 39.37007874015748143 ) ;
#3664 = LINE ( 'NONE', #2054, #1608 ) ;
#3665 = CARTESIAN_POINT ( 'NONE',  ( 0.1236834750241260633, 0.1175000000000017975, -0.1200000000000000233 ) ) ;
#3666 = EDGE_CURVE ( 'NONE', #3189, #2262, #844, .T. ) ;
#3667 = ORIENTED_EDGE ( 'NONE', *, *, #2124, .T. ) ;
#3668 = ORIENTED_EDGE ( 'NONE', *, *, #1700, .F. ) ;
#3669 = VERTEX_POINT ( 'NONE', #1824 ) ;
#3670 = CARTESIAN_POINT ( 'NONE',  ( -0.08700000000000000788, 0.1930000000000000049, -0.09800000000000001765 ) ) ;
#3671 = CARTESIAN_POINT ( 'NONE',  ( -0.08299999999999999045, 0.1930000000000000049, -0.1150000000000000189 ) ) ;
#3672 = DIRECTION ( 'NONE',  ( -0.000000000000000000, -1.000000000000000000, 0.000000000000000000 ) ) ;
#3673 = ADVANCED_FACE ( 'NONE', ( #907 ), #1229, .T. ) ;
#3674 = CARTESIAN_POINT ( 'NONE',  ( -0.1000000000000000056, 0.1930000000000000049, -0.09800000000000001765 ) ) ;
#3675 = DIRECTION ( 'NONE',  ( -1.000000000000000000, 1.437814733507495799E-16, -0.000000000000000000 ) ) ;
#3676 = DIRECTION ( 'NONE',  ( -0.000000000000000000, -0.000000000000000000, 1.000000000000000000 ) ) ;
#3677 = ORIENTED_EDGE ( 'NONE', *, *, #1651, .F. ) ;
#3678 = CARTESIAN_POINT ( 'NONE',  ( 0.09557007911008916223, 0.1950000000000000067, -0.08868827675322586701 ) ) ;
#3679 = CARTESIAN_POINT ( 'NONE',  ( -0.08700000000000000788, 0.1930000000000000049, -0.09800000000000001765 ) ) ;
#3680 = ORIENTED_EDGE ( 'NONE', *, *, #2614, .T. ) ;
#3681 = DIRECTION ( 'NONE',  ( 0.000000000000000000, -0.9836065573770491621, -0.1803278688524592999 ) ) ;
#3682 = EDGE_CURVE ( 'NONE', #2711, #2091, #1190, .T. ) ;
#3683 = ORIENTED_EDGE ( 'NONE', *, *, #2519, .F. ) ;
#3684 = CARTESIAN_POINT ( 'NONE',  ( -0.1475000000000000200, 0.1125000000000018069, 0.08000000000000001554 ) ) ;
#3685 = ORIENTED_EDGE ( 'NONE', *, *, #234, .T. ) ;
#3686 = EDGE_CURVE ( 'NONE', #684, #2585, #1908, .T. ) ;
#3687 = CARTESIAN_POINT ( 'NONE',  ( 0.08255055456216962850, 0.1930000000000000049, -0.07737655350645168684 ) ) ;
#3688 = DIRECTION ( 'NONE',  ( 0.000000000000000000, 0.000000000000000000, -1.000000000000000000 ) ) ;
#3689 = ORIENTED_EDGE ( 'NONE', *, *, #3187, .T. ) ;
#3690 = ORIENTED_EDGE ( 'NONE', *, *, #2906, .T. ) ;
#3691 = ORIENTED_EDGE ( 'NONE', *, *, #3924, .T. ) ;
#3692 = CARTESIAN_POINT ( 'NONE',  ( -0.08700000000000000788, 0.1930000000000000049, -0.1019999999999999934 ) ) ;
#3693 = ADVANCED_FACE ( 'NONE', ( #1214 ), #2496, .F. ) ;
#3694 = DIRECTION ( 'NONE',  ( 1.000000000000000000, 0.000000000000000000, 0.000000000000000000 ) ) ;
#3695 = DIRECTION ( 'NONE',  ( -1.000000000000000000, 1.437814733507495799E-16, 0.000000000000000000 ) ) ;
#3696 = DIRECTION ( 'NONE',  ( 0.000000000000000000, 1.000000000000000000, 0.000000000000000000 ) ) ;
#3697 = EDGE_CURVE ( 'NONE', #505, #3490, #2192, .T. ) ;
#3698 = DIRECTION ( 'NONE',  ( -0.000000000000000000, 1.000000000000000000, -0.000000000000000000 ) ) ;
#3699 = CARTESIAN_POINT ( 'NONE',  ( 0.1250000000000000000, 0.1275000000000018063, 0.1200000000000000233 ) ) ;
#3700 = LINE ( 'NONE', #784, #3441 ) ;
#3701 = DIMENSIONAL_EXPONENTS ( 1.000000000000000000, 0.000000000000000000, 0.000000000000000000, 0.000000000000000000, 0.000000000000000000, 0.000000000000000000, 0.000000000000000000 ) ;
#3702 = VECTOR ( 'NONE', #3464, 39.37007874015748143 ) ;
#3703 = ORIENTED_EDGE ( 'NONE', *, *, #3642, .F. ) ;
#3704 = CARTESIAN_POINT ( 'NONE',  ( -0.1000000000000000056, 0.1930000000000000049, -0.1019999999999999934 ) ) ;
#3705 = EDGE_LOOP ( 'NONE', ( #453, #1052, #1073, #1138 ) ) ;
#3706 = AXIS2_PLACEMENT_3D ( 'NONE', #294, #647, #2557 ) ;
#3707 = ORIENTED_EDGE ( 'NONE', *, *, #1981, .T. ) ;
#3708 = ORIENTED_EDGE ( 'NONE', *, *, #2621, .F. ) ;
#3709 = CIRCLE ( 'NONE', #691, 0.008999999999999992381 ) ;
#3710 = ORIENTED_EDGE ( 'NONE', *, *, #2362, .F. ) ;
#3711 = LINE ( 'NONE', #1357, #2277 ) ;
#3712 = CIRCLE ( 'NONE', #405, 0.008999999999999992381 ) ;
#3713 = FACE_OUTER_BOUND ( 'NONE', #3285, .T. ) ;
#3714 = AXIS2_PLACEMENT_3D ( 'NONE', #1557, #1491, #3772 ) ;
#3715 = LINE ( 'NONE', #1381, #359 ) ;
#3716 = LINE ( 'NONE', #1709, #2688 ) ;
#3717 = CARTESIAN_POINT ( 'NONE',  ( -0.06999999999999999278, 0.1950000000000000067, -0.09800000000000001765 ) ) ;
#3718 = CARTESIAN_POINT ( 'NONE',  ( 0.1475000000000000200, 0.1125000000000018069, 0.08000000000000001554 ) ) ;
#3719 = VECTOR ( 'NONE', #74, 39.37007874015748854 ) ;
#3720 = EDGE_CURVE ( 'NONE', #2074, #684, #195, .T. ) ;
#3721 = VECTOR ( 'NONE', #3388, 39.37007874015748143 ) ;
#3722 = CARTESIAN_POINT ( 'NONE',  ( 0.07255055456216963350, 0.1930000000000000049, -0.1086882767532258293 ) ) ;
#3723 = FACE_OUTER_BOUND ( 'NONE', #1054, .T. ) ;
#3724 = ADVANCED_FACE ( 'NONE', ( #3760 ), #1862, .T. ) ;
#3725 = EDGE_LOOP ( 'NONE', ( #2964, #3857, #782, #902, #1466, #1982, #1345, #227 ) ) ;
#3726 = PLANE ( 'NONE',  #989 ) ;
#3727 = AXIS2_PLACEMENT_3D ( 'NONE', #3965, #2721, #1105 ) ;
#3728 = CLOSED_SHELL ( 'NONE', ( #3612, #1518, #2232, #1957, #107, #103, #2453, #3847, #2869, #351, #3126, #2055, #3382, #652 ) ) ;
#3729 = FACE_OUTER_BOUND ( 'NONE', #1204, .T. ) ;
#3730 = CARTESIAN_POINT ( 'NONE',  ( -0.1624999999999999778, -0.1160000000000000198, 0.09999999999999999167 ) ) ;
#3731 = AXIS2_PLACEMENT_3D ( 'NONE', #1101, #3310, #2018 ) ;
#3732 = ORIENTED_EDGE ( 'NONE', *, *, #3419, .T. ) ;
#3733 = ORIENTED_EDGE ( 'NONE', *, *, #2795, .F. ) ;
#3734 = CARTESIAN_POINT ( 'NONE',  ( 0.08557007911008918111, 0.1950000000000000067, -0.1199999999999999817 ) ) ;
#3735 = ORIENTED_EDGE ( 'NONE', *, *, #866, .F. ) ;
#3736 = PLANE ( 'NONE',  #4043 ) ;
#3737 = CYLINDRICAL_SURFACE ( 'NONE', #4127, 0.01724711866560588169 ) ;
#3738 = ORIENTED_EDGE ( 'NONE', *, *, #1072, .T. ) ;
#3739 = ORIENTED_EDGE ( 'NONE', *, *, #3871, .F. ) ;
#3740 = LINE ( 'NONE', #2493, #3451 ) ;
#3741 = EDGE_CURVE ( 'NONE', #3560, #3071, #556, .T. ) ;
#3742 = LENGTH_MEASURE_WITH_UNIT ( LENGTH_MEASURE( 0.02539999999999999897 ), #116 );
#3743 = LINE ( 'NONE', #798, #4030 ) ;
#3744 = CARTESIAN_POINT ( 'NONE',  ( 0.08557007911009124890, 0.1930000000000000049, 0.08000000000000002942 ) ) ;
#3745 = VERTEX_POINT ( 'NONE', #490 ) ;
#3746 = DIRECTION ( 'NONE',  ( 1.000000000000000000, -0.000000000000000000, -0.000000000000000000 ) ) ;
#3747 = CARTESIAN_POINT ( 'NONE',  ( -0.08700000000000004952, 0.1950000000000000067, 0.1149999999999999911 ) ) ;
#3748 = EDGE_CURVE ( 'NONE', #1854, #3047, #1600, .T. ) ;
#3749 = DIRECTION ( 'NONE',  ( -0.1305261922200491032, 0.9914448613738107152, 0.000000000000000000 ) ) ;
#3750 = EDGE_CURVE ( 'NONE', #3981, #1353, #2967, .T. ) ;
#3751 = ORIENTED_EDGE ( 'NONE', *, *, #1342, .T. ) ;
#3752 = CARTESIAN_POINT ( 'NONE',  ( -0.1624999999999999778, 1.001583930879065243E-17, -0.1089999999999999997 ) ) ;
#3753 = DIRECTION ( 'NONE',  ( -1.000000000000000000, 0.000000000000000000, 0.000000000000000000 ) ) ;
#3754 = FACE_OUTER_BOUND ( 'NONE', #3764, .T. ) ;
#3755 = VERTEX_POINT ( 'NONE', #1622 ) ;
#3756 = EDGE_CURVE ( 'NONE', #209, #3922, #3900, .T. ) ;
#3757 =( NAMED_UNIT ( * ) PLANE_ANGLE_UNIT ( ) SI_UNIT ( $, .RADIAN. ) );
#3758 = DIRECTION ( 'NONE',  ( -0.000000000000000000, -1.000000000000000000, 0.000000000000000000 ) ) ;
#3759 = CARTESIAN_POINT ( 'NONE',  ( 0.08255055456216964238, 0.1930000000000000049, -0.1173765535064516252 ) ) ;
#3760 = FACE_OUTER_BOUND ( 'NONE', #892, .T. ) ;
#3761 = CARTESIAN_POINT ( 'NONE',  ( 0.09557007911009124390, 0.1930000000000000049, 0.1113117232467741857 ) ) ;
#3762 = DIRECTION ( 'NONE',  ( -1.000000000000000000, 0.000000000000000000, -0.000000000000000000 ) ) ;
#3763 = EDGE_CURVE ( 'NONE', #2465, #3490, #3267, .T. ) ;
#3764 = EDGE_LOOP ( 'NONE', ( #2957, #1422, #3236, #3052 ) ) ;
#3765 = CARTESIAN_POINT ( 'NONE',  ( 0.1475000000000000200, 0.1125000000000018069, -0.08000000000000001554 ) ) ;
#3766 = FACE_OUTER_BOUND ( 'NONE', #1047, .T. ) ;
#3767 = LINE ( 'NONE', #2443, #2021 ) ;
#3768 = DIRECTION ( 'NONE',  ( 2.116320740836944605E-32, 1.471900858655313724E-16, -1.000000000000000000 ) ) ;
#3769 = EDGE_LOOP ( 'NONE', ( #2794, #553, #1368, #753 ) ) ;
#3770 = ORIENTED_EDGE ( 'NONE', *, *, #2663, .T. ) ;
#3771 = VERTEX_POINT ( 'NONE', #256 ) ;
#3772 = DIRECTION ( 'NONE',  ( -1.000000000000000000, 0.000000000000000000, -0.000000000000000000 ) ) ;
#3773 = VECTOR ( 'NONE', #1929, 39.37007874015748143 ) ;
#3774 = ADVANCED_FACE ( 'NONE', ( #1016 ), #665, .F. ) ;
#3775 = ORIENTED_EDGE ( 'NONE', *, *, #4023, .F. ) ;
#3776 = SURFACE_STYLE_USAGE ( .BOTH. , #4202 ) ;
#3777 = VECTOR ( 'NONE', #951, 39.37007874015748143 ) ;
#3778 = DIRECTION ( 'NONE',  ( 0.000000000000000000, 0.000000000000000000, -1.000000000000000000 ) ) ;
#3779 = CYLINDRICAL_SURFACE ( 'NONE', #689, 0.01724711866560588169 ) ;
#3780 = CARTESIAN_POINT ( 'NONE',  ( 0.08557007911009124890, 0.1930000000000000049, 0.1199999999999999817 ) ) ;
#3781 = DIRECTION ( 'NONE',  ( -0.1305261922200491032, -0.9914448613738107152, -0.000000000000000000 ) ) ;
#3782 = CARTESIAN_POINT ( 'NONE',  ( -0.1624999999999999778, 1.222020354725588641E-17, -0.09100000000000001144 ) ) ;
#3783 = VECTOR ( 'NONE', #1178, 39.37007874015748143 ) ;
#3784 = ORIENTED_EDGE ( 'NONE', *, *, #2164, .F. ) ;
#3785 = CIRCLE ( 'NONE', #1815, 0.01724711866560588169 ) ;
#3786 = DIRECTION ( 'NONE',  ( -1.000000000000000000, -3.794233324533693590E-15, 0.000000000000000000 ) ) ;
#3787 = CARTESIAN_POINT ( 'NONE',  ( -0.1161134564128507712, 0.1950000000000000067, -0.1561134564128507929 ) ) ;
#3788 = VECTOR ( 'NONE', #541, 39.37007874015748143 ) ;
#3789 = CARTESIAN_POINT ( 'NONE',  ( 0.09557007911009124390, 0.1950000000000000067, 0.1113117232467741857 ) ) ;
#3790 = CARTESIAN_POINT ( 'NONE',  ( -0.1000000000000000056, 0.1950000000000000067, -0.1019999999999999934 ) ) ;
#3791 = ORIENTED_EDGE ( 'NONE', *, *, #3167, .F. ) ;
#3792 = ORIENTED_EDGE ( 'NONE', *, *, #1602, .T. ) ;
#3793 = AXIS2_PLACEMENT_3D ( 'NONE', #2624, #334, #2954 ) ;
#3794 = ORIENTED_EDGE ( 'NONE', *, *, #1311, .F. ) ;
#3795 = EDGE_CURVE ( 'NONE', #2648, #2280, #1275, .T. ) ;
#3796 = FACE_OUTER_BOUND ( 'NONE', #1318, .T. ) ;
#3797 = ADVANCED_FACE ( 'NONE', ( #2015 ), #614, .F. ) ;
#3798 = AXIS2_PLACEMENT_3D ( 'NONE', #1343, #2638, #2596 ) ;
#3799 = VECTOR ( 'NONE', #2606, 39.37007874015748143 ) ;
#3800 = ORIENTED_EDGE ( 'NONE', *, *, #2547, .T. ) ;
#3801 = EDGE_LOOP ( 'NONE', ( #3613, #961, #394, #1873 ) ) ;
#3802 = ORIENTED_EDGE ( 'NONE', *, *, #3879, .T. ) ;
#3803 = VECTOR ( 'NONE', #4094, 39.37007874015748143 ) ;
#3804 = CARTESIAN_POINT ( 'NONE',  ( -0.06999999999999999278, 0.1950000000000000067, -0.1019999999999999934 ) ) ;
#3805 = CARTESIAN_POINT ( 'NONE',  ( 0.08255055456216964238, 0.1930000000000000049, -0.1173765535064516252 ) ) ;
#3806 = EDGE_CURVE ( 'NONE', #471, #4234, #1973, .T. ) ;
#3807 = DIRECTION ( 'NONE',  ( -1.000000000000000000, 0.000000000000000000, 0.000000000000000000 ) ) ;
#3808 = DIRECTION ( 'NONE',  ( 1.000000000000000000, 0.000000000000000000, 0.000000000000000000 ) ) ;
#3809 = LINE ( 'NONE', #3845, #3565 ) ;
#3810 = VERTEX_POINT ( 'NONE', #3305 ) ;
#3811 = CARTESIAN_POINT ( 'NONE',  ( 0.08255055456216962850, 0.1930000000000000049, -0.07737655350645168684 ) ) ;
#3812 = DIRECTION ( 'NONE',  ( 0.000000000000000000, 0.000000000000000000, -1.000000000000000000 ) ) ;
#3813 = DIRECTION ( 'NONE',  ( 0.6558616233870985246, 0.000000000000000000, 0.7548811369798822390 ) ) ;
#3814 = CARTESIAN_POINT ( 'NONE',  ( -0.1000000000000000056, 0.1930000000000000049, -0.1019999999999999934 ) ) ;
#3815 = ORIENTED_EDGE ( 'NONE', *, *, #3998, .T. ) ;
#3816 = ORIENTED_EDGE ( 'NONE', *, *, #3299, .F. ) ;
#3817 = VERTEX_POINT ( 'NONE', #1310 ) ;
#3818 = EDGE_CURVE ( 'NONE', #1244, #1325, #3235, .T. ) ;
#3819 = ORIENTED_EDGE ( 'NONE', *, *, #2529, .T. ) ;
#3820 = EDGE_LOOP ( 'NONE', ( #1429, #2184, #2065, #578 ) ) ;
#3821 = CARTESIAN_POINT ( 'NONE',  ( 0.08255055456216962850, 0.1930000000000000049, -0.07737655350645168684 ) ) ;
#3822 = ORIENTED_EDGE ( 'NONE', *, *, #3564, .F. ) ;
#3823 = EDGE_CURVE ( 'NONE', #438, #316, #1642, .T. ) ;
#3824 = ORIENTED_EDGE ( 'NONE', *, *, #4050, .T. ) ;
#3825 = ORIENTED_EDGE ( 'NONE', *, *, #1930, .F. ) ;
#3826 = CARTESIAN_POINT ( 'NONE',  ( 0.09557007911009124390, 0.1930000000000000049, 0.1113117232467741857 ) ) ;
#3827 = CARTESIAN_POINT ( 'NONE',  ( -0.1000000000000000056, 0.1930000000000000049, -0.09800000000000001765 ) ) ;
#3828 = DIRECTION ( 'NONE',  ( 0.000000000000000000, -1.000000000000000000, 0.000000000000000000 ) ) ;
#3829 = DIRECTION ( 'NONE',  ( 0.000000000000000000, -0.000000000000000000, -1.000000000000000000 ) ) ;
#3830 = DIRECTION ( 'NONE',  ( -0.000000000000000000, -0.000000000000000000, 1.000000000000000000 ) ) ;
#3831 = ADVANCED_FACE ( 'NONE', ( #2904 ), #2615, .T. ) ;
#3832 = DIRECTION ( 'NONE',  ( -0.1305261922200491032, -0.9914448613738107152, -0.000000000000000000 ) ) ;
#3833 = CARTESIAN_POINT ( 'NONE',  ( -0.1475000000000000200, 0.1275000000000017231, 0.08000000000000001554 ) ) ;
#3834 = DIRECTION ( 'NONE',  ( 1.000000000000000000, 0.000000000000000000, 0.000000000000000000 ) ) ;
#3835 = EDGE_LOOP ( 'NONE', ( #2640, #2691, #2706, #1360 ) ) ;
#3836 = DIRECTION ( 'NONE',  ( 0.000000000000000000, 0.9836065573770491621, 0.1803278688524587448 ) ) ;
#3837 = ORIENTED_EDGE ( 'NONE', *, *, #2135, .F. ) ;
#3838 = ORIENTED_EDGE ( 'NONE', *, *, #2636, .F. ) ;
#3839 = LINE ( 'NONE', #3609, #3383 ) ;
#3840 = LINE ( 'NONE', #2169, #2940 ) ;
#3841 = CARTESIAN_POINT ( 'NONE',  ( -0.1250000000000000000, 0.1275000000000018063, -0.08000000000000001554 ) ) ;
#3842 = ADVANCED_FACE ( 'NONE', ( #2284 ), #1947, .F. ) ;
#3843 = VECTOR ( 'NONE', #1660, 39.37007874015748143 ) ;
#3844 = CARTESIAN_POINT ( 'NONE',  ( -0.1250000000000000000, 0.1275000000000018063, -0.1200000000000000233 ) ) ;
#3845 = CARTESIAN_POINT ( 'NONE',  ( 0.1624999999999999778, 0.1125000000000018069, -0.08000000000000001554 ) ) ;
#3846 = CIRCLE ( 'NONE', #3646, 0.01499999999999994220 ) ;
#3847 = ADVANCED_FACE ( 'NONE', ( #4222 ), #3239, .T. ) ;
#3848 = COLOUR_RGB ( '',1.000000000000000000, 1.000000000000000000, 1.000000000000000000 ) ;
#3849 = VECTOR ( 'NONE', #4008, 39.37007874015748143 ) ;
#3850 = FACE_OUTER_BOUND ( 'NONE', #1553, .T. ) ;
#3851 = CARTESIAN_POINT ( 'NONE',  ( 0.1161134564128507712, 0.1950000000000000067, -0.1650000000000000633 ) ) ;
#3852 = CARTESIAN_POINT ( 'NONE',  ( 0.1475000000000000200, 0.1175000000000017836, -0.08000000000000001554 ) ) ;
#3853 = LINE ( 'NONE', #2256, #412 ) ;
#3854 = EDGE_CURVE ( 'NONE', #1244, #4232, #3611, .T. ) ;
#3855 = AXIS2_PLACEMENT_3D ( 'NONE', #1099, #1749, #2384 ) ;
#3856 = ORIENTED_EDGE ( 'NONE', *, *, #3351, .F. ) ;
#3857 = ORIENTED_EDGE ( 'NONE', *, *, #1365, .T. ) ;
#3858 = VECTOR ( 'NONE', #3883, 39.37007874015748143 ) ;
#3859 = SURFACE_STYLE_FILL_AREA ( #1654 ) ;
#3860 = ORIENTED_EDGE ( 'NONE', *, *, #425, .F. ) ;
#3861 = DIRECTION ( 'NONE',  ( 0.000000000000000000, 0.9836065573770491621, 0.1803278688524592999 ) ) ;
#3862 = EDGE_LOOP ( 'NONE', ( #1922, #570, #283, #131 ) ) ;
#3863 = VECTOR ( 'NONE', #2347, 39.37007874015748854 ) ;
#3864 = CARTESIAN_POINT ( 'NONE',  ( -0.08700000000000004952, 0.1950000000000000067, 0.1149999999999999911 ) ) ;
#3865 = CARTESIAN_POINT ( 'NONE',  ( -0.08700000000000000788, 0.1950000000000000067, -0.1019999999999999934 ) ) ;
#3866 = AXIS2_PLACEMENT_3D ( 'NONE', #26, #680, #1720 ) ;
#3867 = EDGE_CURVE ( 'NONE', #1165, #967, #929, .T. ) ;
#3868 = DIRECTION ( 'NONE',  ( 0.000000000000000000, 1.000000000000000000, 0.000000000000000000 ) ) ;
#3869 = CARTESIAN_POINT ( 'NONE',  ( -0.1236834750241260633, 0.1175000000000017975, -0.08000000000000001554 ) ) ;
#3870 = ORIENTED_EDGE ( 'NONE', *, *, #1151, .T. ) ;
#3871 = EDGE_CURVE ( 'NONE', #1031, #3071, #4051, .T. ) ;
#3872 = CYLINDRICAL_SURFACE ( 'NONE', #1406, 0.008999999999999992381 ) ;
#3873 = LINE ( 'NONE', #3485, #2402 ) ;
#3874 = DIRECTION ( 'NONE',  ( -0.000000000000000000, 1.000000000000000000, -0.000000000000000000 ) ) ;
#3875 = ORIENTED_EDGE ( 'NONE', *, *, #4088, .F. ) ;
#3876 = FACE_OUTER_BOUND ( 'NONE', #253, .T. ) ;
#3877 = EDGE_CURVE ( 'NONE', #2666, #471, #2554, .T. ) ;
#3878 = ORIENTED_EDGE ( 'NONE', *, *, #3050, .T. ) ;
#3879 = EDGE_CURVE ( 'NONE', #3320, #3745, #2670, .T. ) ;
#3880 = ORIENTED_EDGE ( 'NONE', *, *, #1664, .T. ) ;
#3881 = CARTESIAN_POINT ( 'NONE',  ( -0.1250000000000000000, 0.1274999999999982536, -0.1650000000000000633 ) ) ;
#3882 = DIRECTION ( 'NONE',  ( 1.000000000000000000, 0.000000000000000000, 0.000000000000000000 ) ) ;
#3883 = DIRECTION ( 'NONE',  ( -1.000000000000000000, 0.000000000000000000, 0.000000000000000000 ) ) ;
#3884 = ORIENTED_EDGE ( 'NONE', *, *, #726, .F. ) ;
#3885 = CARTESIAN_POINT ( 'NONE',  ( 0.08557007911009124890, 0.1950000000000000067, 0.1026234464935483898 ) ) ;
#3886 = CARTESIAN_POINT ( 'NONE',  ( 0.1624999999999999778, -0.1160000000000000753, 0.09999999999999999167 ) ) ;
#3887 = ORIENTED_EDGE ( 'NONE', *, *, #1942, .T. ) ;
#3888 = CARTESIAN_POINT ( 'NONE',  ( -0.1625000000000000056, -0.1250000000000000278, -0.08000000000000001554 ) ) ;
#3889 = LINE ( 'NONE', #1694, #2334 ) ;
#3890 = DIRECTION ( 'NONE',  ( 1.000000000000000000, 0.000000000000000000, 0.000000000000000000 ) ) ;
#3891 = EDGE_CURVE ( 'NONE', #3111, #1164, #767, .T. ) ;
#3892 = EDGE_LOOP ( 'NONE', ( #3472, #3703, #3001, #3095 ) ) ;
#3893 = DIRECTION ( 'NONE',  ( 0.000000000000000000, 1.000000000000000000, -0.000000000000000000 ) ) ;
#3894 =( LENGTH_UNIT ( ) NAMED_UNIT ( * ) SI_UNIT ( $, .METRE. ) );
#3895 = EDGE_CURVE ( 'NONE', #3276, #3987, #4117, .T. ) ;
#3896 = EDGE_LOOP ( 'NONE', ( #2165, #126, #2777, #3589 ) ) ;
#3897 = ORIENTED_EDGE ( 'NONE', *, *, #3107, .T. ) ;
#3898 = DIRECTION ( 'NONE',  ( 0.000000000000000000, 1.000000000000000000, -0.000000000000000000 ) ) ;
#3899 = DIRECTION ( 'NONE',  ( 0.000000000000000000, 0.000000000000000000, 1.000000000000000000 ) ) ;
#3900 = LINE ( 'NONE', #349, #3016 ) ;
#3901 = ORIENTED_EDGE ( 'NONE', *, *, #13, .F. ) ;
#3902 = VECTOR ( 'NONE', #298, 39.37007874015748854 ) ;
#3903 = LINE ( 'NONE', #2251, #497 ) ;
#3904 = CARTESIAN_POINT ( 'NONE',  ( -0.1525000000000000244, 0.1125000000000018069, 0.08000000000000001554 ) ) ;
#3905 = EDGE_LOOP ( 'NONE', ( #1876, #44, #2849, #1492 ) ) ;
#3906 = CARTESIAN_POINT ( 'NONE',  ( 0.1250000000000000000, 0.1275000000000018063, 0.08000000000000001554 ) ) ;
#3907 = FACE_OUTER_BOUND ( 'NONE', #1315, .T. ) ;
#3908 = AXIS2_PLACEMENT_3D ( 'NONE', #1168, #2471, #869 ) ;
#3909 = CIRCLE ( 'NONE', #2224, 0.008999999999999975034 ) ;
#3910 = ORIENTED_EDGE ( 'NONE', *, *, #670, .T. ) ;
#3911 = CARTESIAN_POINT ( 'NONE',  ( 0.1624999999999999778, 0.1125000000000018069, 0.1200000000000000233 ) ) ;
#3912 = ADVANCED_FACE ( 'NONE', ( #93 ), #2079, .F. ) ;
#3913 = AXIS2_PLACEMENT_3D ( 'NONE', #2563, #271, #2545 ) ;
#3914 = VECTOR ( 'NONE', #3125, 39.37007874015748143 ) ;
#3915 = ORIENTED_EDGE ( 'NONE', *, *, #1625, .F. ) ;
#3916 = ADVANCED_FACE ( 'NONE', ( #3959 ), #2369, .T. ) ;
#3917 = PRESENTATION_STYLE_ASSIGNMENT (( #3519 ) ) ;
#3918 = CARTESIAN_POINT ( 'NONE',  ( -0.1525000000000000244, -0.1160000000000000198, -0.09999999999999999167 ) ) ;
#3919 = DIRECTION ( 'NONE',  ( -1.000000000000000000, 1.437814733507495799E-16, -0.000000000000000000 ) ) ;
#3920 = VECTOR ( 'NONE', #3949, 39.37007874015748143 ) ;
#3921 = VECTOR ( 'NONE', #1010, 39.37007874015748143 ) ;
#3922 = VERTEX_POINT ( 'NONE', #393 ) ;
#3923 = VECTOR ( 'NONE', #1604, 39.37007874015748143 ) ;
#3924 = EDGE_CURVE ( 'NONE', #3755, #3146, #1324, .T. ) ;
#3925 = FACE_OUTER_BOUND ( 'NONE', #1561, .T. ) ;
#3926 = DIRECTION ( 'NONE',  ( 0.000000000000000000, 0.9836065573770491621, 0.1803278688524592999 ) ) ;
#3927 = EDGE_LOOP ( 'NONE', ( #3837, #292, #1299, #3792 ) ) ;
#3928 = MECHANICAL_DESIGN_GEOMETRIC_PRESENTATION_REPRESENTATION (  '', ( #2105 ), #1478 ) ;
#3929 = AXIS2_PLACEMENT_3D ( 'NONE', #1852, #4164, #3138 ) ;
#3930 = DIRECTION ( 'NONE',  ( 0.000000000000000000, 1.000000000000000000, 0.000000000000000000 ) ) ;
#3931 = DIRECTION ( 'NONE',  ( -1.000000000000000000, 1.437814733507495799E-16, 0.000000000000000000 ) ) ;
#3932 = ORIENTED_EDGE ( 'NONE', *, *, #2356, .T. ) ;
#3933 = ORIENTED_EDGE ( 'NONE', *, *, #508, .T. ) ;
#3934 = DIRECTION ( 'NONE',  ( -1.000000000000000000, 0.000000000000000000, 0.000000000000000000 ) ) ;
#3935 = FACE_OUTER_BOUND ( 'NONE', #510, .T. ) ;
#3936 = ADVANCED_FACE ( 'NONE', ( #3713 ), #2714, .F. ) ;
#3937 = ORIENTED_EDGE ( 'NONE', *, *, #1390, .T. ) ;
#3938 = ORIENTED_EDGE ( 'NONE', *, *, #606, .T. ) ;
#3939 = DIRECTION ( 'NONE',  ( 0.000000000000000000, -0.9836065573770491621, 0.1803278688524592999 ) ) ;
#3940 = DIRECTION ( 'NONE',  ( 0.000000000000000000, 0.000000000000000000, 1.000000000000000000 ) ) ;
#3941 = DIMENSIONAL_EXPONENTS ( 1.000000000000000000, 0.000000000000000000, 0.000000000000000000, 0.000000000000000000, 0.000000000000000000, 0.000000000000000000, 0.000000000000000000 ) ;
#3942 = FILL_AREA_STYLE ('',( #4244 ) ) ;
#3943 = VERTEX_POINT ( 'NONE', #415 ) ;
#3944 = FILL_AREA_STYLE ('',( #2699 ) ) ;
#3945 = CARTESIAN_POINT ( 'NONE',  ( 0.08557007911008915335, 0.1930000000000000049, -0.09737655350645166297 ) ) ;
#3946 = DIRECTION ( 'NONE',  ( 0.000000000000000000, 0.000000000000000000, -1.000000000000000000 ) ) ;
#3947 = ORIENTED_EDGE ( 'NONE', *, *, #1155, .T. ) ;
#3948 = EDGE_CURVE ( 'NONE', #811, #3301, #1722, .T. ) ;
#3949 = DIRECTION ( 'NONE',  ( -0.000000000000000000, 0.9836065573770491621, -0.1803278688524592999 ) ) ;
#3950 = CARTESIAN_POINT ( 'NONE',  ( -0.1475000000000000200, 0.06000000000000010186, -0.08000000000000001554 ) ) ;
#3951 = EDGE_CURVE ( 'NONE', #1354, #81, #2419, .T. ) ;
#3952 = CARTESIAN_POINT ( 'NONE',  ( -0.06999999999999999278, 0.1930000000000000049, -0.09800000000000001765 ) ) ;
#3953 = EDGE_LOOP ( 'NONE', ( #2989, #1867, #3029, #3404 ) ) ;
#3954 = LINE ( 'NONE', #3704, #2875 ) ;
#3955 = ORIENTED_EDGE ( 'NONE', *, *, #295, .T. ) ;
#3956 = EDGE_LOOP ( 'NONE', ( #2822, #814, #3800, #4133, #3938, #2647, #1799, #2167 ) ) ;
#3957 = PRESENTATION_STYLE_ASSIGNMENT (( #2460 ) ) ;
#3958 = FACE_OUTER_BOUND ( 'NONE', #4004, .T. ) ;
#3959 = FACE_OUTER_BOUND ( 'NONE', #1715, .T. ) ;
#3960 = ORIENTED_EDGE ( 'NONE', *, *, #3045, .T. ) ;
#3961 = DIRECTION ( 'NONE',  ( 1.000000000000000000, -0.000000000000000000, 5.691349986800547879E-16 ) ) ;
#3962 = CARTESIAN_POINT ( 'NONE',  ( 0.1624999999999999778, -0.1160000000000000753, -0.09999999999999999167 ) ) ;
#3963 = EDGE_CURVE ( 'NONE', #2001, #1290, #764, .T. ) ;
#3964 = CARTESIAN_POINT ( 'NONE',  ( 0.1250000000000000000, 0.1275000000000018063, 0.1649999999999999800 ) ) ;
#3965 = CARTESIAN_POINT ( 'NONE',  ( 0.09557007911009124390, 0.1930000000000000049, 0.1113117232467741857 ) ) ;
#3966 = ADVANCED_FACE ( 'NONE', ( #48 ), #1705, .F. ) ;
#3967 = DIRECTION ( 'NONE',  ( 0.000000000000000000, 0.000000000000000000, 1.000000000000000000 ) ) ;
#3968 = VECTOR ( 'NONE', #383, 39.37007874015748143 ) ;
#3969 = AXIS2_PLACEMENT_3D ( 'NONE', #2047, #2972, #2406 ) ;
#3970 = CARTESIAN_POINT ( 'NONE',  ( -0.06999999999999999278, 0.1930000000000000049, -0.09800000000000001765 ) ) ;
#3971 = EDGE_CURVE ( 'NONE', #2200, #702, #3979, .T. ) ;
#3972 = FACE_OUTER_BOUND ( 'NONE', #435, .T. ) ;
#3973 =( GEOMETRIC_REPRESENTATION_CONTEXT ( 3 ) GLOBAL_UNCERTAINTY_ASSIGNED_CONTEXT ( ( #746 ) ) GLOBAL_UNIT_ASSIGNED_CONTEXT ( ( #4211, #2914, #1613 ) ) REPRESENTATION_CONTEXT ( 'NONE', 'WORKASPACE' ) );
#3974 = AXIS2_PLACEMENT_3D ( 'NONE', #372, #2985, #4039 ) ;
#3975 = ORIENTED_EDGE ( 'NONE', *, *, #1780, .F. ) ;
#3976 = AXIS2_PLACEMENT_3D ( 'NONE', #1454, #2407, #1729 ) ;
#3977 = CARTESIAN_POINT ( 'NONE',  ( 0.1525000000000000244, 0.1125000000000018069, 0.08000000000000001554 ) ) ;
#3978 = CARTESIAN_POINT ( 'NONE',  ( 0.07255055456216963350, 0.1930000000000000049, -0.1086882767532258293 ) ) ;
#3979 = LINE ( 'NONE', #1058, #1539 ) ;
#3980 = AXIS2_PLACEMENT_3D ( 'NONE', #3559, #3919, #28 ) ;
#3981 = VERTEX_POINT ( 'NONE', #440 ) ;
#3982 =( CONVERSION_BASED_UNIT ( 'INCH', #2430 ) LENGTH_UNIT ( ) NAMED_UNIT ( #3623 ) );
#3983 = LINE ( 'NONE', #1410, #2360 ) ;
#3984 = VECTOR ( 'NONE', #2140, 39.37007874015748854 ) ;
#3985 = DIRECTION ( 'NONE',  ( 2.592780666980726406E-17, 0.1803278688524587725, 0.9836065573770492731 ) ) ;
#3986 = DIRECTION ( 'NONE',  ( 0.000000000000000000, 0.000000000000000000, 1.000000000000000000 ) ) ;
#3987 = VERTEX_POINT ( 'NONE', #2695 ) ;
#3988 = ADVANCED_FACE ( 'NONE', ( #112 ), #1449, .T. ) ;
#3989 = VECTOR ( 'NONE', #2893, 39.37007874015748143 ) ;
#3990 = CARTESIAN_POINT ( 'NONE',  ( -0.1525000000000000244, -0.1160000000000000198, -0.09999999999999999167 ) ) ;
#3991 = CARTESIAN_POINT ( 'NONE',  ( 0.1475000000000000200, 0.1125000000000018069, -0.1200000000000000233 ) ) ;
#3992 = VECTOR ( 'NONE', #1859, 39.37007874015748143 ) ;
#3993 = EDGE_CURVE ( 'NONE', #3627, #2086, #1617, .T. ) ;
#3994 = VECTOR ( 'NONE', #4000, 39.37007874015748143 ) ;
#3995 = LINE ( 'NONE', #1440, #1618 ) ;
#3996 = CARTESIAN_POINT ( 'NONE',  ( 0.08557007911008915335, 0.1930000000000000049, -0.08000000000000007105 ) ) ;
#3997 = CARTESIAN_POINT ( 'NONE',  ( 0.000000000000000000, 0.1950000000000000067, 0.000000000000000000 ) ) ;
#3998 = EDGE_CURVE ( 'NONE', #4190, #836, #654, .T. ) ;
#3999 = ORIENTED_EDGE ( 'NONE', *, *, #3372, .T. ) ;
#4000 = DIRECTION ( 'NONE',  ( -0.000000000000000000, -0.000000000000000000, 1.000000000000000000 ) ) ;
#4001 = CYLINDRICAL_SURFACE ( 'NONE', #758, 0.01324711866560588855 ) ;
#4002 = CARTESIAN_POINT ( 'NONE',  ( 0.08255055456216964238, 0.1930000000000000049, -0.1173765535064516252 ) ) ;
#4003 = EDGE_CURVE ( 'NONE', #3771, #2838, #2299, .T. ) ;
#4004 = EDGE_LOOP ( 'NONE', ( #3602, #2530, #3860, #529 ) ) ;
#4005 = LINE ( 'NONE', #3329, #146 ) ;
#4006 = PRESENTATION_STYLE_ASSIGNMENT (( #1434 ) ) ;
#4007 = DIRECTION ( 'NONE',  ( 0.7548811369798824611, -0.000000000000000000, -0.6558616233870981915 ) ) ;
#4008 = DIRECTION ( 'NONE',  ( -0.000000000000000000, -0.000000000000000000, 1.000000000000000000 ) ) ;
#4009 = CARTESIAN_POINT ( 'NONE',  ( 0.08557007911008918111, 0.1930000000000000049, -0.1199999999999999817 ) ) ;
#4010 = CARTESIAN_POINT ( 'NONE',  ( -0.08299999999999999045, 0.1950000000000000067, -0.1150000000000000189 ) ) ;
#4011 = ORIENTED_EDGE ( 'NONE', *, *, #2333, .T. ) ;
#4012 = CARTESIAN_POINT ( 'NONE',  ( -0.08700000000000000788, 0.1930000000000000049, -0.09800000000000001765 ) ) ;
#4013 = ORIENTED_EDGE ( 'NONE', *, *, #1682, .F. ) ;
#4014 = CARTESIAN_POINT ( 'NONE',  ( 0.1624999999999999778, -0.1250000000000000555, -0.09999999999999999167 ) ) ;
#4015 = ORIENTED_EDGE ( 'NONE', *, *, #519, .T. ) ;
#4016 = EDGE_LOOP ( 'NONE', ( #1596, #2959, #673, #3211 ) ) ;
#4017 = CARTESIAN_POINT ( 'NONE',  ( -0.08700000000000000788, 0.1930000000000000049, -0.08500000000000001998 ) ) ;
#4018 = CARTESIAN_POINT ( 'NONE',  ( -0.1000000000000000056, 0.1950000000000000067, -0.09800000000000001765 ) ) ;
#4019 = ORIENTED_EDGE ( 'NONE', *, *, #765, .T. ) ;
#4020 = ORIENTED_EDGE ( 'NONE', *, *, #3478, .F. ) ;
#4021 = LINE ( 'NONE', #2405, #1752 ) ;
#4022 = CARTESIAN_POINT ( 'NONE',  ( -0.08299999999999999045, 0.1950000000000000067, -0.1150000000000000189 ) ) ;
#4023 = EDGE_CURVE ( 'NONE', #4063, #1858, #7, .T. ) ;
#4024 = DIRECTION ( 'NONE',  ( -1.000000000000000000, 1.437814733507495799E-16, 0.000000000000000000 ) ) ;
#4025 = DIRECTION ( 'NONE',  ( 0.000000000000000000, 0.000000000000000000, 1.000000000000000000 ) ) ;
#4026 = CARTESIAN_POINT ( 'NONE',  ( -0.1000000000000000056, 0.1950000000000000067, -0.09800000000000001765 ) ) ;
#4027 = ORIENTED_EDGE ( 'NONE', *, *, #577, .T. ) ;
#4028 = VERTEX_POINT ( 'NONE', #1301 ) ;
#4029 = DIRECTION ( 'NONE',  ( 5.691349986800547879E-16, -0.000000000000000000, -1.000000000000000000 ) ) ;
#4030 = VECTOR ( 'NONE', #4007, 39.37007874015748854 ) ;
#4031 = ORIENTED_EDGE ( 'NONE', *, *, #1580, .F. ) ;
#4032 = PLANE ( 'NONE',  #2617 ) ;
#4033 = FACE_OUTER_BOUND ( 'NONE', #4047, .T. ) ;
#4034 = ORIENTED_EDGE ( 'NONE', *, *, #3351, .T. ) ;
#4035 = AXIS2_PLACEMENT_3D ( 'NONE', #1910, #2455, #3179 ) ;
#4036 = ORIENTED_EDGE ( 'NONE', *, *, #2652, .T. ) ;
#4037 = VERTEX_POINT ( 'NONE', #987 ) ;
#4038 = AXIS2_PLACEMENT_3D ( 'NONE', #4096, #2462, #876 ) ;
#4039 = DIRECTION ( 'NONE',  ( 1.000000000000000000, 0.000000000000000000, 0.000000000000000000 ) ) ;
#4040 = VECTOR ( 'NONE', #2903, 39.37007874015748143 ) ;
#4041 = FACE_OUTER_BOUND ( 'NONE', #1718, .T. ) ;
#4042 = EDGE_CURVE ( 'NONE', #1542, #89, #2605, .T. ) ;
#4043 = AXIS2_PLACEMENT_3D ( 'NONE', #793, #2125, #1790 ) ;
#4044 = CARTESIAN_POINT ( 'NONE',  ( -0.08299999999999999045, 0.1950000000000000067, -0.08500000000000001998 ) ) ;
#4045 = DIRECTION ( 'NONE',  ( 0.000000000000000000, -0.9836065573770491621, 0.1803278688524587448 ) ) ;
#4046 = LINE ( 'NONE', #422, #135 ) ;
#4047 = EDGE_LOOP ( 'NONE', ( #1526, #745, #2962, #2526 ) ) ;
#4048 = AXIS2_PLACEMENT_3D ( 'NONE', #3465, #4095, #3135 ) ;
#4049 = ORIENTED_EDGE ( 'NONE', *, *, #2621, .T. ) ;
#4050 = EDGE_CURVE ( 'NONE', #2746, #1927, #2629, .T. ) ;
#4051 = CIRCLE ( 'NONE', #2352, 0.01724711866560588169 ) ;
#4052 = LINE ( 'NONE', #1416, #3023 ) ;
#4053 = CARTESIAN_POINT ( 'NONE',  ( 0.07255055456216963350, 0.1950000000000000067, -0.1086882767532258293 ) ) ;
#4054 = CIRCLE ( 'NONE', #2233, 0.01724711866560588169 ) ;
#4055 = EDGE_CURVE ( 'NONE', #1968, #2666, #629, .T. ) ;
#4056 = CARTESIAN_POINT ( 'NONE',  ( -0.06999999999999999278, 0.1930000000000000049, -0.1019999999999999934 ) ) ;
#4057 = VECTOR ( 'NONE', #1945, 39.37007874015748143 ) ;
#4058 = VERTEX_POINT ( 'NONE', #2315 ) ;
#4059 = DIRECTION ( 'NONE',  ( 0.1305261922200490754, 0.9914448613738107152, 0.000000000000000000 ) ) ;
#4060 = DIRECTION ( 'NONE',  ( 0.000000000000000000, 0.000000000000000000, 1.000000000000000000 ) ) ;
#4061 = EDGE_LOOP ( 'NONE', ( #1293, #3420, #2637, #1132, #635, #795, #1180, #3960, #1143 ) ) ;
#4062 = MECHANICAL_DESIGN_GEOMETRIC_PRESENTATION_REPRESENTATION (  '', ( #1683 ), #639 ) ;
#4063 = VERTEX_POINT ( 'NONE', #3911 ) ;
#4064 = CARTESIAN_POINT ( 'NONE',  ( -0.08299999999999999045, 0.1930000000000000049, -0.08500000000000001998 ) ) ;
#4065 = ORIENTED_EDGE ( 'NONE', *, *, #1392, .F. ) ;
#4066 = EDGE_LOOP ( 'NONE', ( #2628, #3474, #762, #2202, #1139, #1578, #1183, #1300, #2338 ) ) ;
#4067 = DIRECTION ( 'NONE',  ( 0.000000000000000000, 1.000000000000000000, 0.000000000000000000 ) ) ;
#4068 = CARTESIAN_POINT ( 'NONE',  ( -0.08300000000000004596, 0.1930000000000000049, 0.08499999999999997835 ) ) ;
#4069 = CARTESIAN_POINT ( 'NONE',  ( -0.08700000000000000788, 0.1930000000000000049, -0.08500000000000001998 ) ) ;
#4070 = ADVANCED_FACE ( 'NONE', ( #4258 ), #675, .F. ) ;
#4071 = DIRECTION ( 'NONE',  ( 0.000000000000000000, 0.000000000000000000, 1.000000000000000000 ) ) ;
#4072 = CARTESIAN_POINT ( 'NONE',  ( -0.08299999999999999045, 0.1930000000000000049, -0.1019999999999999934 ) ) ;
#4073 = ORIENTED_EDGE ( 'NONE', *, *, #3720, .F. ) ;
#4074 = FACE_OUTER_BOUND ( 'NONE', #3571, .T. ) ;
#4075 = SURFACE_SIDE_STYLE ('',( #347 ) ) ;
#4076 = PLANE ( 'NONE',  #2156 ) ;
#4077 = EDGE_CURVE ( 'NONE', #411, #64, #772, .T. ) ;
#4078 = CARTESIAN_POINT ( 'NONE',  ( -0.08299999999999999045, 0.1930000000000000049, -0.1150000000000000189 ) ) ;
#4079 = ORIENTED_EDGE ( 'NONE', *, *, #2514, .F. ) ;
#4080 = PRODUCT ( 'DB207', 'DB207', '', ( #2874 ) ) ;
#4081 = ORIENTED_EDGE ( 'NONE', *, *, #3666, .F. ) ;
#4082 = DIRECTION ( 'NONE',  ( 1.000000000000000000, 0.000000000000000000, 0.000000000000000000 ) ) ;
#4083 = LINE ( 'NONE', #3821, #1735 ) ;
#4084 = ORIENTED_EDGE ( 'NONE', *, *, #201, .F. ) ;
#4085 = LINE ( 'NONE', #2516, #3520 ) ;
#4086 = CARTESIAN_POINT ( 'NONE',  ( -0.08299999999999999045, 0.1950000000000000067, -0.09800000000000001765 ) ) ;
#4087 = CARTESIAN_POINT ( 'NONE',  ( -0.1624999999999999778, 1.222020354725588641E-17, 0.09100000000000001144 ) ) ;
#4088 = EDGE_CURVE ( 'NONE', #1173, #4058, #1963, .T. ) ;
#4089 = EDGE_CURVE ( 'NONE', #2280, #390, #2917, .T. ) ;
#4090 = LINE ( 'NONE', #1170, #3447 ) ;
#4091 = PLANE ( 'NONE',  #4035 ) ;
#4092 = EDGE_CURVE ( 'NONE', #1986, #2478, #3846, .T. ) ;
#4093 = LINE ( 'NONE', #3440, #2885 ) ;
#4094 = DIRECTION ( 'NONE',  ( 0.000000000000000000, 1.000000000000000000, 0.000000000000000000 ) ) ;
#4095 = DIRECTION ( 'NONE',  ( 1.000000000000000000, 0.000000000000000000, -0.000000000000000000 ) ) ;
#4096 = CARTESIAN_POINT ( 'NONE',  ( 0.08255055456217172405, 0.1930000000000000049, 0.08262344649354842752 ) ) ;
#4097 = ORIENTED_EDGE ( 'NONE', *, *, #3419, .F. ) ;
#4098 = FACE_OUTER_BOUND ( 'NONE', #3444, .T. ) ;
#4099 = EDGE_CURVE ( 'NONE', #417, #1001, #3709, .T. ) ;
#4100 = AXIS2_PLACEMENT_3D ( 'NONE', #4253, #3967, #3619 ) ;
#4101 = VERTEX_POINT ( 'NONE', #3295 ) ;
#4102 = DIRECTION ( 'NONE',  ( 1.000000000000000000, -1.437814733507495799E-16, -0.000000000000000000 ) ) ;
#4103 = VECTOR ( 'NONE', #1004, 39.37007874015748143 ) ;
#4104 = ORIENTED_EDGE ( 'NONE', *, *, #3393, .T. ) ;
#4105 = ORIENTED_EDGE ( 'NONE', *, *, #1209, .F. ) ;
#4106 = VECTOR ( 'NONE', #1883, 39.37007874015748143 ) ;
#4107 = VERTEX_POINT ( 'NONE', #340 ) ;
#4108 = LINE ( 'NONE', #137, #2297 ) ;
#4109 = DIRECTION ( 'NONE',  ( 0.000000000000000000, 0.000000000000000000, -1.000000000000000000 ) ) ;
#4110 = DIRECTION ( 'NONE',  ( -0.000000000000000000, 1.000000000000000000, -0.000000000000000000 ) ) ;
#4111 = AXIS2_PLACEMENT_3D ( 'NONE', #1503, #3768, #545 ) ;
#4112 = AXIS2_PLACEMENT_3D ( 'NONE', #2919, #4235, #1303 ) ;
#4113 = CARTESIAN_POINT ( 'NONE',  ( 0.1475000000000000200, 0.1275000000000017231, 0.08000000000000001554 ) ) ;
#4114 = CARTESIAN_POINT ( 'NONE',  ( -0.1236834750241260633, 0.1175000000000017975, 0.08000000000000001554 ) ) ;
#4115 = VECTOR ( 'NONE', #854, 39.37007874015748143 ) ;
#4116 = EDGE_CURVE ( 'NONE', #3118, #1881, #4251, .T. ) ;
#4117 = CIRCLE ( 'NONE', #3169, 0.008999999999999992381 ) ;
#4118 = CARTESIAN_POINT ( 'NONE',  ( 0.08557007911008918111, 0.1950000000000000067, -0.1199999999999999817 ) ) ;
#4119 = CARTESIAN_POINT ( 'NONE',  ( 0.1624999999999999778, -3.671313953020295178E-17, -0.1089999999999999997 ) ) ;
#4120 = AXIS2_PLACEMENT_3D ( 'NONE', #2269, #2932, #1958 ) ;
#4121 = FACE_OUTER_BOUND ( 'NONE', #441, .T. ) ;
#4122 = DIRECTION ( 'NONE',  ( 0.000000000000000000, -0.9836065573770491621, 0.1803278688524587448 ) ) ;
#4123 = LINE ( 'NONE', #3814, #1269 ) ;
#4124 = EDGE_CURVE ( 'NONE', #2900, #1431, #2645, .T. ) ;
#4125 = ORIENTED_EDGE ( 'NONE', *, *, #596, .T. ) ;
#4126 = VECTOR ( 'NONE', #909, 39.37007874015748143 ) ;
#4127 = AXIS2_PLACEMENT_3D ( 'NONE', #374, #1706, #2987 ) ;
#4128 = EDGE_LOOP ( 'NONE', ( #2177, #3421, #752, #2588, #1665, #3427, #3068, #3143 ) ) ;
#4129 = DIRECTION ( 'NONE',  ( -1.000000000000000000, 1.437814733507495799E-16, 0.000000000000000000 ) ) ;
#4130 = VECTOR ( 'NONE', #1882, 39.37007874015748143 ) ;
#4131 = ORIENTED_EDGE ( 'NONE', *, *, #805, .T. ) ;
#4132 = AXIS2_PLACEMENT_3D ( 'NONE', #3629, #1426, #1356 ) ;
#4133 = ORIENTED_EDGE ( 'NONE', *, *, #381, .T. ) ;
#4134 = DIRECTION ( 'NONE',  ( -0.7548811369798843485, -0.000000000000000000, 0.6558616233870960821 ) ) ;
#4135 = PLANE ( 'NONE',  #3505 ) ;
#4136 = CARTESIAN_POINT ( 'NONE',  ( -0.06999999999999999278, 0.1930000000000000049, -0.1019999999999999934 ) ) ;
#4137 = EDGE_CURVE ( 'NONE', #240, #2465, #3644, .T. ) ;
#4138 = UNCERTAINTY_MEASURE_WITH_UNIT (LENGTH_MEASURE( 1.000000000000000082E-05 ), #1248, 'distance_accuracy_value', 'NONE');
#4139 = CARTESIAN_POINT ( 'NONE',  ( -0.1525000000000000244, -0.1160000000000000198, -0.09099999999999999756 ) ) ;
#4140 = CARTESIAN_POINT ( 'NONE',  ( -0.1236834750241260633, 0.1175000000000017975, -0.08000000000000001554 ) ) ;
#4141 = ORIENTED_EDGE ( 'NONE', *, *, #1076, .T. ) ;
#4142 = CARTESIAN_POINT ( 'NONE',  ( 0.08255055456216962850, 0.1930000000000000049, -0.07737655350645168684 ) ) ;
#4143 = ORIENTED_EDGE ( 'NONE', *, *, #690, .F. ) ;
#4144 = DIRECTION ( 'NONE',  ( 1.000000000000000000, 0.000000000000000000, 0.000000000000000000 ) ) ;
#4145 = LINE ( 'NONE', #181, #896 ) ;
#4146 = CARTESIAN_POINT ( 'NONE',  ( 0.1624999999999999778, -0.1160000000000000753, -0.09999999999999999167 ) ) ;
#4147 = SHAPE_DEFINITION_REPRESENTATION ( #449, #2272 ) ;
#4148 = ORIENTED_EDGE ( 'NONE', *, *, #1664, .F. ) ;
#4149 = CARTESIAN_POINT ( 'NONE',  ( -0.08300000000000005984, 0.1930000000000000049, 0.1149999999999999911 ) ) ;
#4150 = ORIENTED_EDGE ( 'NONE', *, *, #446, .T. ) ;
#4151 = CARTESIAN_POINT ( 'NONE',  ( 0.1624999999999999778, -0.1160000000000000753, 0.09999999999999999167 ) ) ;
#4152 = ORIENTED_EDGE ( 'NONE', *, *, #399, .T. ) ;
#4153 = VERTEX_POINT ( 'NONE', #2332 ) ;
#4154 = DIRECTION ( 'NONE',  ( -0.000000000000000000, -0.000000000000000000, 1.000000000000000000 ) ) ;
#4155 = LINE ( 'NONE', #3780, #1050 ) ;
#4156 = ADVANCED_FACE ( 'NONE', ( #697 ), #41, .F. ) ;
#4157 = PLANE ( 'NONE',  #3174 ) ;
#4158 = DIRECTION ( 'NONE',  ( 0.000000000000000000, -1.000000000000000000, 0.000000000000000000 ) ) ;
#4159 = ORIENTED_EDGE ( 'NONE', *, *, #4003, .T. ) ;
#4160 = CARTESIAN_POINT ( 'NONE',  ( 0.1525000000000000244, 0.1125000000000018069, -0.1090000000000000135 ) ) ;
#4161 = DIRECTION ( 'NONE',  ( 1.000000000000000000, 0.000000000000000000, -0.000000000000000000 ) ) ;
#4162 = DIRECTION ( 'NONE',  ( -1.000000000000000000, -0.000000000000000000, 0.000000000000000000 ) ) ;
#4163 = DIRECTION ( 'NONE',  ( 0.000000000000000000, 0.000000000000000000, 1.000000000000000000 ) ) ;
#4164 = DIRECTION ( 'NONE',  ( 0.000000000000000000, 0.000000000000000000, -1.000000000000000000 ) ) ;
#4165 = ORIENTED_EDGE ( 'NONE', *, *, #364, .T. ) ;
#4166 = SURFACE_STYLE_FILL_AREA ( #607 ) ;
#4167 = EDGE_CURVE ( 'NONE', #2200, #2074, #3229, .T. ) ;
#4168 = VECTOR ( 'NONE', #1869, 39.37007874015748143 ) ;
#4169 = ORIENTED_EDGE ( 'NONE', *, *, #1304, .F. ) ;
#4170 = ORIENTED_EDGE ( 'NONE', *, *, #3299, .T. ) ;
#4171 = LENGTH_MEASURE_WITH_UNIT ( LENGTH_MEASURE( 0.02539999999999999897 ), #2860 );
#4172 = LINE ( 'NONE', #1249, #2669 ) ;
#4173 = AXIS2_PLACEMENT_3D ( 'NONE', #2931, #2252, #1255 ) ;
#4174 = LINE ( 'NONE', #3459, #1955 ) ;
#4175 = EDGE_CURVE ( 'NONE', #248, #2797, #2199, .T. ) ;
#4176 = VECTOR ( 'NONE', #174, 39.37007874015748143 ) ;
#4177 = DIRECTION ( 'NONE',  ( 0.000000000000000000, 0.000000000000000000, 1.000000000000000000 ) ) ;
#4178 = LINE ( 'NONE', #3593, #2732 ) ;
#4179 = VECTOR ( 'NONE', #2181, 39.37007874015748143 ) ;
#4180 = COLOUR_RGB ( '',0.7921568627450980005, 0.8196078431372548767, 0.9333333333333333481 ) ;
#4181 = EDGE_CURVE ( 'NONE', #2564, #4245, #788, .T. ) ;
#4182 = ORIENTED_EDGE ( 'NONE', *, *, #1847, .F. ) ;
#4183 = VECTOR ( 'NONE', #474, 39.37007874015748143 ) ;
#4184 = CARTESIAN_POINT ( 'NONE',  ( -0.1624999999999999778, 0.05999999999999999778, -0.1200000000000000233 ) ) ;
#4185 = DIRECTION ( 'NONE',  ( -1.000000000000000000, 1.437814733507495799E-16, -0.000000000000000000 ) ) ;
#4186 = DIRECTION ( 'NONE',  ( 0.000000000000000000, -1.000000000000000000, 0.000000000000000000 ) ) ;
#4187 = PRESENTATION_STYLE_ASSIGNMENT (( #1630 ) ) ;
#4188 = ADVANCED_FACE ( 'NONE', ( #1486 ), #3487, .F. ) ;
#4189 = VECTOR ( 'NONE', #2592, 39.37007874015748143 ) ;
#4190 = VERTEX_POINT ( 'NONE', #4078 ) ;
#4191 = ORIENTED_EDGE ( 'NONE', *, *, #2288, .T. ) ;
#4192 = AXIS2_PLACEMENT_3D ( 'NONE', #1119, #420, #6 ) ;
#4193 =( NAMED_UNIT ( * ) SI_UNIT ( $, .STERADIAN. ) SOLID_ANGLE_UNIT ( ) );
#4194 = AXIS2_PLACEMENT_3D ( 'NONE', #3085, #177, #3808 ) ;
#4195 = ORIENTED_EDGE ( 'NONE', *, *, #668, .F. ) ;
#4196 = VERTEX_POINT ( 'NONE', #148 ) ;
#4197 = CARTESIAN_POINT ( 'NONE',  ( -0.1624999999999999778, 0.1125000000000018069, -0.08000000000000001554 ) ) ;
#4198 = AXIS2_PLACEMENT_3D ( 'NONE', #3655, #2673, #2324 ) ;
#4199 = DIRECTION ( 'NONE',  ( 0.6558616233870981915, 0.000000000000000000, 0.7548811369798825721 ) ) ;
#4200 = COLOUR_RGB ( '',1.000000000000000000, 1.000000000000000000, 1.000000000000000000 ) ;
#4201 = CARTESIAN_POINT ( 'NONE',  ( 0.1624999999999999778, -3.450877529173771473E-17, 0.09100000000000001144 ) ) ;
#4202 = SURFACE_SIDE_STYLE ('',( #257 ) ) ;
#4203 = VECTOR ( 'NONE', #3930, 39.37007874015748143 ) ;
#4204 = PLANE ( 'NONE',  #2295 ) ;
#4205 = CARTESIAN_POINT ( 'NONE',  ( -0.08700000000000004952, 0.1930000000000000049, 0.08499999999999997835 ) ) ;
#4206 = DIRECTION ( 'NONE',  ( 0.000000000000000000, 0.000000000000000000, 1.000000000000000000 ) ) ;
#4207 = PLANE ( 'NONE',  #2535 ) ;
#4208 = EDGE_CURVE ( 'NONE', #213, #1904, #1157, .T. ) ;
#4209 = DIRECTION ( 'NONE',  ( -0.000000000000000000, -0.000000000000000000, 1.000000000000000000 ) ) ;
#4210 = DIRECTION ( 'NONE',  ( -0.9914448613738108262, 0.1305261922200485203, 0.000000000000000000 ) ) ;
#4211 =( CONVERSION_BASED_UNIT ( 'INCH', #3186 ) LENGTH_UNIT ( ) NAMED_UNIT ( #3701 ) );
#4212 = DIRECTION ( 'NONE',  ( 1.000000000000000000, 0.000000000000000000, 0.000000000000000000 ) ) ;
#4213 = EDGE_CURVE ( 'NONE', #2262, #1838, #1663, .T. ) ;
#4214 = ORIENTED_EDGE ( 'NONE', *, *, #3795, .F. ) ;
#4215 = FACE_OUTER_BOUND ( 'NONE', #345, .T. ) ;
#4216 = ORIENTED_EDGE ( 'NONE', *, *, #2768, .F. ) ;
#4217 = ORIENTED_EDGE ( 'NONE', *, *, #519, .F. ) ;
#4218 = ORIENTED_EDGE ( 'NONE', *, *, #1304, .T. ) ;
#4219 = ORIENTED_EDGE ( 'NONE', *, *, #3748, .F. ) ;
#4220 = ORIENTED_EDGE ( 'NONE', *, *, #1528, .F. ) ;
#4221 = DIRECTION ( 'NONE',  ( 1.000000000000000000, -0.000000000000000000, -0.000000000000000000 ) ) ;
#4222 = FACE_OUTER_BOUND ( 'NONE', #1657, .T. ) ;
#4223 = ORIENTED_EDGE ( 'NONE', *, *, #1230, .F. ) ;
#4224 = ORIENTED_EDGE ( 'NONE', *, *, #201, .T. ) ;
#4225 = DIRECTION ( 'NONE',  ( -1.000000000000000000, 0.000000000000000000, 0.000000000000000000 ) ) ;
#4226 = CARTESIAN_POINT ( 'NONE',  ( 0.1250000000000000000, 0.1275000000000018063, -0.08000000000000001554 ) ) ;
#4227 = ADVANCED_FACE ( 'NONE', ( #2771 ), #3400, .T. ) ;
#4228 = PLANE ( 'NONE',  #4120 ) ;
#4229 = CARTESIAN_POINT ( 'NONE',  ( -0.1000000000000000056, 0.1930000000000000049, -0.09800000000000001765 ) ) ;
#4230 = ADVANCED_FACE ( 'NONE', ( #4033 ), #183, .T. ) ;
#4231 = EDGE_CURVE ( 'NONE', #505, #450, #855, .T. ) ;
#4232 = VERTEX_POINT ( 'NONE', #3466 ) ;
#4233 = DIRECTION ( 'NONE',  ( 1.000000000000000000, 0.000000000000000000, 0.000000000000000000 ) ) ;
#4234 = VERTEX_POINT ( 'NONE', #3790 ) ;
#4235 = DIRECTION ( 'NONE',  ( 1.000000000000000000, 0.000000000000000000, -0.000000000000000000 ) ) ;
#4236 = CARTESIAN_POINT ( 'NONE',  ( 0.1525000000000000244, 0.05999999999999995615, -0.1200000000000000233 ) ) ;
#4237 = ADVANCED_FACE ( 'NONE', ( #2155 ), #128, .F. ) ;
#4238 = EDGE_LOOP ( 'NONE', ( #2816, #1787, #2218, #1525 ) ) ;
#4239 = ORIENTED_EDGE ( 'NONE', *, *, #787, .T. ) ;
#4240 = ORIENTED_EDGE ( 'NONE', *, *, #535, .T. ) ;
#4241 = FILL_AREA_STYLE ('',( #3265 ) ) ;
#4242 = CARTESIAN_POINT ( 'NONE',  ( -0.1475000000000000200, 0.1275000000000017231, 0.08000000000000001554 ) ) ;
#4243 = CARTESIAN_POINT ( 'NONE',  ( 0.1624999999999999778, -3.671313953020295178E-17, 0.1089999999999999997 ) ) ;
#4244 = FILL_AREA_STYLE_COLOUR ( '', #4200 ) ;
#4245 = VERTEX_POINT ( 'NONE', #1523 ) ;
#4246 = ORIENTED_EDGE ( 'NONE', *, *, #224, .F. ) ;
#4247 = EDGE_LOOP ( 'NONE', ( #3279, #3263, #186, #306, #483, #3098 ) ) ;
#4248 = DIRECTION ( 'NONE',  ( -0.000000000000000000, 1.000000000000000000, -0.000000000000000000 ) ) ;
#4249 = CARTESIAN_POINT ( 'NONE',  ( -0.1624999999999999778, -0.1160000000000000198, 0.09099999999999999756 ) ) ;
#4250 = ORIENTED_EDGE ( 'NONE', *, *, #161, .F. ) ;
#4251 = CIRCLE ( 'NONE', #2345, 0.004999999999999981022 ) ;
#4252 = DIRECTION ( 'NONE',  ( 0.000000000000000000, -1.000000000000000000, 0.000000000000000000 ) ) ;
#4253 = CARTESIAN_POINT ( 'NONE',  ( -0.08300000000000005984, 0.1930000000000000049, 0.1149999999999999911 ) ) ;
#4254 = AXIS2_PLACEMENT_3D ( 'NONE', #3323, #1034, #2399 ) ;
#4255 = EDGE_CURVE ( 'NONE', #484, #3189, #455, .T. ) ;
#4256 = COLOUR_RGB ( '',1.000000000000000000, 1.000000000000000000, 1.000000000000000000 ) ;
#4257 = ORIENTED_EDGE ( 'NONE', *, *, #4092, .T. ) ;
#4258 = FACE_OUTER_BOUND ( 'NONE', #2446, .T. ) ;
#4259 = DIRECTION ( 'NONE',  ( 0.000000000000000000, -1.000000000000000000, 0.000000000000000000 ) ) ;
#4260 = ADVANCED_FACE ( 'NONE', ( #504 ), #1832, .F. ) ;
#4261 = AXIS2_PLACEMENT_3D ( 'NONE', #3718, #3350, #53 ) ;
#4262 = VECTOR ( 'NONE', #2041, 39.37007874015748143 ) ;
#4263 = VERTEX_POINT ( 'NONE', #2749 ) ;
ENDSEC;
END-ISO-10303-21;
